context,seq,type,actor,arg,text.ko,text.en,dialogue_id,when,effects,sync,scene_id,dataset_id,row_id,parent_id,parent_field,source_order,template_id,text,payment
t99_bar,1,choice,\N,ch_t99_bar,\N,\N,\N,\N,\N,wait,\N,script/bar/day99,step_t99_bar_choice_1,scene_t99_bar,steps,0,steps_format_03,\N,\N
t99_bar_hub,1,choice,\N,ch_t99_bar,\N,\N,\N,\N,\N,wait,\N,script/bar/day99,step_t99_bar_hub_choice_1,scene_t99_bar_hub,steps,0,steps_format_03,\N,\N
t99_branch_menu,1,choice,\N,ch_t99_branch,\N,\N,\N,\N,\N,wait,\N,script/bar/day99,step_t99_branch_menu_choice_1,scene_t99_branch_menu,steps,0,steps_format_03,\N,\N
t99_dialogue,1,enter,port,L,\N,\N,\N,\N,\N,wait,\N,script/bar/day99,step_t99_dialogue_enter_1,scene_t99_dialogue,steps,0,steps_format_01,\N,\N
t99_dialogue,2,say,port,default,테스트 씬이다. 지금부터 표정을 바꾼다. 이건 default.,This is a test scene. Watch my expression change. This is default.,dlg_t99_dialogue_001,\N,\N,wait,\N,script/bar/day99,dlg_t99_dialogue_001,scene_t99_dialogue,steps,1,steps_format_02,\N,\N
t99_dialogue,3,say,port,joy,이건 joy.,This is joy.,dlg_t99_dialogue_002,\N,\N,wait,\N,script/bar/day99,dlg_t99_dialogue_002,scene_t99_dialogue,steps,2,steps_format_02,\N,\N
t99_dialogue,4,say,port,anger,이건 anger.,This is anger.,dlg_t99_dialogue_003,\N,\N,wait,\N,script/bar/day99,dlg_t99_dialogue_003,scene_t99_dialogue,steps,3,steps_format_02,\N,\N
t99_dialogue,5,say,port,serious,이건 serious. 표정이 즉시 교체되면 정상.,This is serious. Instant swap means it works.,dlg_t99_dialogue_004,\N,\N,wait,\N,script/bar/day99,dlg_t99_dialogue_004,scene_t99_dialogue,steps,4,steps_format_02,\N,\N
t99_dialogue,6,say,port,default,<name>진토닉</name> — 이 단어가 강조되어 보이면 텍스트 태그 정상.,"<name>Gin & Tonic</name> — if this word is highlighted, text tags work.",dlg_t99_dialogue_005,\N,\N,wait,\N,script/bar/day99,dlg_t99_dialogue_005,scene_t99_dialogue,steps,5,steps_format_02,\N,\N
t99_dialogue,7,say,luna,default,(루나 대사는 초상 없이 이름과 본문만 보이면 정상. 이 씬을 다시 열면 읽음 스킵이 동작해야 한다.),"(Luna shows name and text only, no portrait. Reopen this scene to check read-skip.)",dlg_t99_dialogue_006,\N,\N,wait,\N,script/bar/day99,dlg_t99_dialogue_006,scene_t99_dialogue,steps,6,steps_format_02,\N,\N
t99_dialogue,8,exit,port,\N,\N,\N,\N,\N,\N,wait,\N,script/bar/day99,step_t99_dialogue_exit_8,scene_t99_dialogue,steps,7,steps_format_04,\N,\N
t99_dialogue,9,choice,\N,ch_t99_back,\N,\N,\N,\N,\N,wait,\N,script/bar/day99,step_t99_dialogue_choice_9,scene_t99_dialogue,steps,8,steps_format_03,\N,\N
t99_effect_check,1,say,luna,default,(골드 +100 · 평판 +1 · 포트 호감 +2 적용됨 — 좌측 패널과 수첩에서 확인.),"(Gold +100, Reputation +1, Port affinity +2 applied — check the side panel and dossier.)",dlg_t99_effect_check_001,flag.t99_paid,\N,wait,\N,script/bar/day99,dlg_t99_effect_check_001,scene_t99_effect_check,steps,0,steps_format_05,\N,\N
t99_effect_check,2,effect,\N,\N,\N,\N,\N,\N,flag.t99_paid = false,wait,\N,script/bar/day99,step_t99_effect_check_effect_2,scene_t99_effect_check,steps,1,steps_format_12,\N,\N
t99_effect_check,3,choice,\N,ch_t99_back3,\N,\N,\N,\N,\N,wait,\N,script/bar/day99,step_t99_effect_check_choice_3,scene_t99_effect_check,steps,2,steps_format_03,\N,\N
t99_end,1,say,luna,default,(end_part — 일일 매출 정산 화면이 한 번만 떠야 정상.),(end_part — the daily sales settlement should appear exactly once.),dlg_t99_end_001,\N,\N,wait,\N,script/bar/day99,dlg_t99_end_001,scene_t99_end,steps,0,steps_format_02,\N,\N
t99_end,2,end_part,\N,\N,\N,\N,\N,\N,\N,wait,\N,script/bar/day99,step_t99_end_end_part_2,scene_t99_end,steps,1,steps_format_09,\N,\N
t99_flag_test,1,effect,\N,\N,\N,\N,\N,\N,flag.t99_probe = true,wait,\N,script/bar/day99,step_t99_flag_test_effect_1,scene_t99_flag_test,steps,0,steps_format_12,\N,\N
t99_flag_test,2,say,luna,default,(t99_probe 참 — 이 대사가 보이면 when 분기 정상.),"(t99_probe is true — if you see this, when-branching works.)",dlg_t99_flag_test_001,flag.t99_probe,\N,wait,\N,script/bar/day99,dlg_t99_flag_test_001,scene_t99_flag_test,steps,1,steps_format_05,\N,\N
t99_flag_test,3,say,luna,default,(이 대사가 보이면 when 분기 버그다.),"(If you see this, when-branching is broken.)",dlg_t99_flag_test_002,!flag.t99_probe,\N,wait,\N,script/bar/day99,dlg_t99_flag_test_002,scene_t99_flag_test,steps,2,steps_format_05,\N,\N
t99_flag_test,4,effect,\N,\N,\N,\N,\N,\N,flag.t99_probe = false; flag.t99_probe_done = true,wait,\N,script/bar/day99,step_t99_flag_test_effect_4,scene_t99_flag_test,steps,3,steps_format_12,\N,\N
t99_flag_test,5,choice,\N,ch_t99_back2,\N,\N,\N,\N,\N,wait,\N,script/bar/day99,step_t99_flag_test_choice_5,scene_t99_flag_test,steps,4,steps_format_03,\N,\N
t99_fxsfx,1,fx,\N,glitch_in,\N,\N,\N,\N,\N,wait,\N,script/bar/day99,step_t99_fxsfx_fx_1,scene_t99_fxsfx,steps,0,steps_format_03,\N,\N
t99_fxsfx,2,sfx,\N,alarm_distant,\N,\N,\N,\N,\N,wait,\N,script/bar/day99,step_t99_fxsfx_sfx_2,scene_t99_fxsfx,steps,1,steps_format_03,\N,\N
t99_fxsfx,3,fx,\N,hard_cut,\N,\N,\N,\N,\N,wait,\N,script/bar/day99,step_t99_fxsfx_fx_3,scene_t99_fxsfx,steps,2,steps_format_03,\N,\N
t99_fxsfx,5,choice,\N,ch_t99_back5,\N,\N,\N,\N,\N,wait,\N,script/bar/day99,step_t99_fxsfx_choice_5,scene_t99_fxsfx,steps,3,steps_format_03,\N,\N
t99_hub,1,choice,\N,ch_t99_main,\N,\N,\N,\N,\N,wait,\N,script/bar/day99,step_t99_hub_choice_1,scene_t99_hub,steps,0,steps_format_03,\N,\N
t99_open,1,choice,\N,ch_t99_main,\N,\N,\N,\N,\N,wait,\N,script/bar/day99,step_t99_open_choice_1,scene_t99_open,steps,0,steps_format_03,\N,\N
t99_order_grade,1,enter,chris,R,\N,\N,\N,\N,\N,wait,\N,script/bar/day99,step_t99_order_grade_enter_1,scene_t99_order_grade,steps,0,steps_format_01,\N,\N
t99_order_grade,2,say,chris,default,등급 분기 테스트다. 진피즈를 만들어 봐.,Grade-branch test. Make me a Gin Fizz.,dlg_t99_order_grade_001,\N,\N,wait,\N,script/bar/day99,dlg_t99_order_grade_001,scene_t99_order_grade,steps,1,steps_format_02,\N,\N
t99_order_grade,3,order,chris,exact:gin_fizz,진피즈.,Gin Fizz.,dlg_t99_order_grade_002,\N,\N,wait,\N,script/bar/day99,dlg_t99_order_grade_002,scene_t99_order_grade,steps,2,steps_format_02,\N,\N
t99_order_grade,4,craft,\N,order,\N,\N,\N,\N,\N,wait,\N,script/bar/day99,step_t99_order_grade_craft_4,scene_t99_order_grade,steps,3,steps_format_03,\N,\N
t99_order_grade,5,serve,chris,\N,\N,\N,\N,\N,\N,wait,\N,script/bar/day99,step_t99_order_grade_serve_5,scene_t99_order_grade,steps,4,steps_format_04,\N,\N
t99_order_grade,6,say,chris,success,excellent 분기.,Excellent branch.,dlg_t99_order_grade_003,grade >= excellent,\N,wait,\N,script/bar/day99,dlg_t99_order_grade_003,scene_t99_order_grade,steps,5,steps_format_05,\N,\N
t99_order_grade,7,say,chris,default,good 분기.,Good branch.,dlg_t99_order_grade_004,grade >= good && grade < excellent,\N,wait,\N,script/bar/day99,dlg_t99_order_grade_004,scene_t99_order_grade,steps,6,steps_format_05,\N,\N
t99_order_grade,8,say,chris,default,decent 분기.,Decent branch.,dlg_t99_order_grade_005,grade >= decent && grade < good,\N,wait,\N,script/bar/day99,dlg_t99_order_grade_005,scene_t99_order_grade,steps,7,steps_format_05,\N,\N
t99_order_grade,9,say,chris,fail,poor 분기.,Poor branch.,dlg_t99_order_grade_006,grade >= poor && grade < decent,\N,wait,\N,script/bar/day99,dlg_t99_order_grade_006,scene_t99_order_grade,steps,8,steps_format_05,\N,\N
t99_order_grade,10,say,chris,fail,sewage 분기.,Sewage branch.,dlg_t99_order_grade_007,grade < poor,\N,wait,\N,script/bar/day99,dlg_t99_order_grade_007,scene_t99_order_grade,steps,9,steps_format_05,\N,\N
t99_order_grade,11,say,chris,default,good 미만이니 한 잔 더. 재제조 게이트 테스트다.,Below good — one more. Re-craft gate test.,dlg_t99_order_grade_008,grade < good,flag.t99_retry = true,wait,\N,script/bar/day99,dlg_t99_order_grade_008,scene_t99_order_grade,steps,10,steps_format_06,\N,\N
t99_order_grade,12,order,chris,exact:gin_fizz,같은 걸로 다시.,Same again.,dlg_t99_order_grade_009,flag.t99_retry,\N,wait,\N,script/bar/day99,dlg_t99_order_grade_009,scene_t99_order_grade,steps,11,steps_format_05,\N,\N
t99_order_grade,13,craft,\N,order,\N,\N,\N,flag.t99_retry,\N,wait,\N,script/bar/day99,step_t99_order_grade_craft_13,scene_t99_order_grade,steps,12,steps_format_07,\N,\N
t99_order_grade,14,serve,chris,\N,\N,\N,\N,flag.t99_retry,flag.t99_retry = false,wait,\N,script/bar/day99,step_t99_order_grade_serve_14,scene_t99_order_grade,steps,13,steps_format_08,\N,\N
t99_order_grade,15,say,chris,success,good 이상 — 통과.,Good or better — pass.,dlg_t99_order_grade_010,grade >= good,\N,wait,\N,script/bar/day99,dlg_t99_order_grade_010,scene_t99_order_grade,steps,14,steps_format_05,\N,\N
t99_order_grade,16,say,chris,default,등급 테스트 끝.,Grade test done.,dlg_t99_order_grade_011,\N,\N,wait,\N,script/bar/day99,dlg_t99_order_grade_011,scene_t99_order_grade,steps,15,steps_format_02,\N,\N
t99_order_grade,17,exit,chris,\N,\N,\N,\N,\N,\N,wait,\N,script/bar/day99,step_t99_order_grade_exit_17,scene_t99_order_grade,steps,16,steps_format_04,\N,\N
t99_order_grade,18,choice,\N,ch_t99_bar_back2,\N,\N,\N,\N,\N,wait,\N,script/bar/day99,step_t99_order_grade_choice_18,scene_t99_order_grade,steps,17,steps_format_03,\N,\N
t99_order_normal,1,enter,port,L,\N,\N,\N,\N,\N,wait,\N,script/bar/day99,step_t99_order_normal_enter_1,scene_t99_order_normal,steps,0,steps_format_01,\N,\N
t99_order_normal,2,say,port,default,주문 세트 테스트다. 주문 대사 직후 내 앞에 코스터가 깔리면 정상.,Order-set test. A coaster should appear in front of me right after I order.,dlg_t99_order_normal_001,\N,\N,wait,\N,script/bar/day99,dlg_t99_order_normal_001,scene_t99_order_normal,steps,1,steps_format_02,\N,\N
t99_order_normal,3,order,port,exact:gin_tonic,진토닉 한 잔.,One Gin & Tonic.,dlg_t99_order_normal_002,\N,\N,wait,\N,script/bar/day99,dlg_t99_order_normal_002,scene_t99_order_normal,steps,2,steps_format_02,\N,\N
t99_order_normal,4,craft,\N,order,\N,\N,\N,\N,\N,wait,\N,script/bar/day99,step_t99_order_normal_craft_4,scene_t99_order_normal,steps,3,steps_format_03,\N,\N
t99_order_normal,5,serve,port,\N,\N,\N,\N,\N,\N,wait,\N,script/bar/day99,step_t99_order_normal_serve_5,scene_t99_order_normal,steps,4,steps_format_04,\N,\N
t99_order_normal,6,say,port,joy,주문한 진토닉이 맞군. (order_match 참 분기),That's the Gin & Tonic I ordered. (order_match true branch),dlg_t99_order_normal_003,order_match == true,\N,wait,\N,script/bar/day99,dlg_t99_order_normal_003,scene_t99_order_normal,steps,5,steps_format_05,\N,\N
t99_order_normal,7,say,port,anger,이건 주문한 게 아닌데. (order_match 거짓 — 강제 Sewage 확인),This isn't what I ordered. (order_match false — forced Sewage check),dlg_t99_order_normal_004,order_match == false,\N,wait,\N,script/bar/day99,dlg_t99_order_normal_004,scene_t99_order_normal,steps,6,steps_format_05,\N,\N
t99_order_normal,8,say,port,default,good 이상 분기다.,Grade good-or-better branch.,dlg_t99_order_normal_005,grade >= good,\N,wait,\N,script/bar/day99,dlg_t99_order_normal_005,scene_t99_order_normal,steps,7,steps_format_05,\N,\N
t99_order_normal,9,say,port,default,good 미만 분기다.,Below-good branch.,dlg_t99_order_normal_006,grade < good,\N,wait,\N,script/bar/day99,dlg_t99_order_normal_006,scene_t99_order_normal,steps,8,steps_format_05,\N,\N
t99_order_normal,10,exit,port,\N,\N,\N,\N,\N,\N,wait,\N,script/bar/day99,step_t99_order_normal_exit_10,scene_t99_order_normal,steps,9,steps_format_04,\N,\N
t99_order_normal,11,choice,\N,ch_t99_bar_back,\N,\N,\N,\N,\N,wait,\N,script/bar/day99,step_t99_order_normal_choice_11,scene_t99_order_normal,steps,10,steps_format_03,\N,\N
t99_seats,1,enter,port,L,\N,\N,\N,\N,\N,wait,\N,script/bar/day99,step_t99_seats_enter_1,scene_t99_seats,steps,0,steps_format_01,\N,\N
t99_seats,2,say,port,default,1인 프레임(960×540). 카메라가 나를 중앙에 잡으면 정상.,One-guest frame (960×540). Camera should center on me.,dlg_t99_seats_001,\N,\N,wait,\N,script/bar/day99,dlg_t99_seats_001,scene_t99_seats,steps,1,steps_format_02,\N,\N
t99_seats,3,enter,aili,R,\N,\N,\N,\N,\N,wait,\N,script/bar/day99,step_t99_seats_enter_3,scene_t99_seats,steps,2,steps_format_01,\N,\N
t99_seats,4,say,aili,default,"2인 프레임(1280×720)으로 부드럽게 축소됐으면 정상. 포트는 L, 나는 R 좌석이다.","The camera should smoothly zoom out to the two-guest frame (1280×720). Port is in L, and I am in R.",dlg_t99_seats_002,\N,\N,wait,\N,script/bar/day99,dlg_t99_seats_002,scene_t99_seats,steps,3,steps_format_02,\N,\N
t99_seats,5,exit,port,\N,\N,\N,\N,\N,\N,wait,\N,script/bar/day99,step_t99_seats_exit_5,scene_t99_seats,steps,4,steps_format_04,\N,\N
t99_seats,6,say,aili,default,다시 1인 프레임. 남은 나를 중앙으로.,"Back to the one-guest frame, centered on me.",dlg_t99_seats_003,\N,\N,wait,\N,script/bar/day99,dlg_t99_seats_003,scene_t99_seats,steps,5,steps_format_02,\N,\N
t99_seats,7,exit,aili,\N,\N,\N,\N,\N,\N,wait,\N,script/bar/day99,step_t99_seats_exit_7,scene_t99_seats,steps,6,steps_format_04,\N,\N
t99_seats,8,choice,\N,ch_t99_back4,\N,\N,\N,\N,\N,wait,\N,script/bar/day99,step_t99_seats_choice_8,scene_t99_seats,steps,7,steps_format_03,\N,\N
t99_stage_menu,1,choice,\N,ch_t99_stage,\N,\N,\N,\N,\N,wait,\N,script/bar/day99,step_t99_stage_menu_choice_1,scene_t99_stage_menu,steps,0,steps_format_03,\N,\N
t99_two_guests,1,enter,port,L,\N,\N,\N,\N,\N,no_wait,\N,script/bar/day99,step_t99_two_guests_enter_1,scene_t99_two_guests,steps,0,steps_format_01,\N,\N
t99_two_guests,2,enter,aili,R,\N,\N,\N,\N,\N,wait,\N,script/bar/day99,step_t99_two_guests_enter_2,scene_t99_two_guests,steps,1,steps_format_01,\N,\N
t99_two_guests,3,say,port,default,"우리 둘이 함께 입장하고, 두 사람의 등장과 카메라 전환이 끝난 뒤 이 대사가 나오면 정상이다. L은 나, R은 아일리다. 주문은 내가 먼저 하지.","This line should appear after we enter together and both entrances and the camera transition finish. I am in L, and Aili is in R. I will order first.",dlg_t99_two_guests_001,\N,\N,wait,\N,script/bar/day99,dlg_t99_two_guests_001,scene_t99_two_guests,steps,2,steps_format_02,\N,\N
t99_two_guests,4,order,port,exact:gin_tonic,진토닉.,Gin & Tonic.,dlg_t99_two_guests_002,\N,\N,wait,\N,script/bar/day99,dlg_t99_two_guests_002,scene_t99_two_guests,steps,3,steps_format_02,\N,\N
t99_two_guests,5,craft,\N,order,\N,\N,\N,\N,\N,wait,\N,script/bar/day99,step_t99_two_guests_craft_5,scene_t99_two_guests,steps,4,steps_format_03,\N,\N
t99_two_guests,6,serve,port,\N,\N,\N,\N,\N,\N,wait,\N,script/bar/day99,step_t99_two_guests_serve_6,scene_t99_two_guests,steps,5,steps_format_04,\N,\N
t99_two_guests,7,say,aili,joy,다음은 나! 코스터가 내 앞에 새로 깔리는지 봐.,My turn! Watch the coaster appear in front of me.,dlg_t99_two_guests_003,\N,\N,wait,\N,script/bar/day99,dlg_t99_two_guests_003,scene_t99_two_guests,steps,6,steps_format_02,\N,\N
t99_two_guests,8,order,aili,exact:gin_fizz,진피즈!,Gin Fizz!,dlg_t99_two_guests_004,\N,\N,wait,\N,script/bar/day99,dlg_t99_two_guests_004,scene_t99_two_guests,steps,7,steps_format_02,\N,\N
t99_two_guests,9,craft,\N,order,\N,\N,\N,\N,\N,wait,\N,script/bar/day99,step_t99_two_guests_craft_9,scene_t99_two_guests,steps,8,steps_format_03,\N,\N
t99_two_guests,10,serve,aili,\N,\N,\N,\N,\N,\N,wait,\N,script/bar/day99,step_t99_two_guests_serve_10,scene_t99_two_guests,steps,9,steps_format_04,\N,\N
t99_two_guests,11,say,port,default,서빙 대상이 안 섞였으면 정상이다.,"If the serves didn't cross, it works.",dlg_t99_two_guests_005,\N,\N,wait,\N,script/bar/day99,dlg_t99_two_guests_005,scene_t99_two_guests,steps,10,steps_format_02,\N,\N
t99_two_guests,12,exit,port,\N,\N,\N,\N,\N,\N,wait,\N,script/bar/day99,step_t99_two_guests_exit_12,scene_t99_two_guests,steps,11,steps_format_04,\N,\N
t99_two_guests,13,say,aili,default,"포트가 나갔으니 R에 남은 나를 화면 중앙에 잡고, 1인 프레임(960×540)으로 돌아오면 정상이다.",Port has left. The camera should center on me in R and return to the one-guest frame (960×540).,dlg_t99_two_guests_006,\N,\N,wait,\N,script/bar/day99,dlg_t99_two_guests_006,scene_t99_two_guests,steps,12,steps_format_02,\N,\N
t99_two_guests,14,exit,aili,\N,\N,\N,\N,\N,\N,wait,\N,script/bar/day99,step_t99_two_guests_exit_14,scene_t99_two_guests,steps,13,steps_format_04,\N,\N
t99_two_guests,15,choice,\N,ch_t99_bar_back3,\N,\N,\N,\N,\N,wait,\N,script/bar/day99,step_t99_two_guests_choice_15,scene_t99_two_guests,steps,14,steps_format_03,\N,\N
np_shiba_1,1,say,luna,default,…,...,\N,\N,\N,wait,\N,script/common,step_np_shiba_1_say_1,common_scene_np_shiba_1,steps,0,steps_format_13,\N,\N
np_shiba_1,2,say,shiba,default,뭘 봐? 시바.,What're you looking at? Shiba.,\N,\N,\N,wait,\N,script/common,step_np_shiba_1_say_2,common_scene_np_shiba_1,steps,1,steps_format_13,\N,\N
np_shiba_1,3,say,luna,default,안녕하세요.,Hello.,\N,\N,\N,wait,\N,script/common,step_np_shiba_1_say_3,common_scene_np_shiba_1,steps,2,steps_format_13,\N,\N
np_shiba_1,4,say,shiba,default,"하. 이 동네에서 인사하고
돌아다니는 놈이 있네.","Ha. Someone in this neighborhood
actually goes around greeting people.",\N,\N,\N,wait,\N,script/common,step_np_shiba_1_say_4,common_scene_np_shiba_1,steps,3,steps_format_13,\N,\N
np_shiba_1,5,say,luna,default,혹시 인간입니까?,"Are you, by any chance, human?",\N,\N,\N,wait,\N,script/common,step_np_shiba_1_say_5,common_scene_np_shiba_1,steps,4,steps_format_13,\N,\N
np_shiba_1,6,say,shiba,default,"뭐래, 너 머리 나쁘냐?",What? Are you slow or something?,\N,\N,\N,wait,\N,script/common,step_np_shiba_1_say_6,common_scene_np_shiba_1,steps,5,steps_format_13,\N,\N
np_shiba_1,7,say,luna,default,육안으로 봤을 때 강아지로 판단됩니다.,Visual assessment indicates: dog.,\N,\N,\N,wait,\N,script/common,step_np_shiba_1_say_7,common_scene_np_shiba_1,steps,6,steps_format_13,\N,\N
np_shiba_1,8,say,shiba,default,"사람을 얼굴로 판단하지 말라고.
못생긴 놈 같으니.","Don't judge people by their faces,
you ugly mug.",\N,\N,\N,wait,\N,script/common,step_np_shiba_1_say_8,common_scene_np_shiba_1,steps,7,steps_format_13,\N,\N
np_shiba_1,9,say,luna,default,…그럼 사람이 맞는 건가요?,...So you ARE a person?,\N,\N,\N,wait,\N,script/common,step_np_shiba_1_say_9,common_scene_np_shiba_1,steps,8,steps_format_13,\N,\N
np_shiba_1,10,say,shiba,default,아니?,Nope?,\N,\N,\N,wait,\N,script/common,step_np_shiba_1_say_10,common_scene_np_shiba_1,steps,9,steps_format_13,\N,\N
np_shiba_1,11,say,shiba,default,"딱 보면 시바잖아, 시바.","One look and you can tell I'm a shiba, shiba.",\N,\N,\N,wait,\N,script/common,step_np_shiba_1_say_11,common_scene_np_shiba_1,steps,10,steps_format_13,\N,\N
np_shiba_1,12,say,luna,default,아하… 확인했습니다.,I see... confirmed.,\N,\N,flag.shiba_met = true,wait,\N,script/common,step_np_shiba_1_say_12,common_scene_np_shiba_1,steps,11,steps_format_14,\N,\N
np_shiba_2,1,say,shiba,default,"이제 좀 가, 시바.","Go away already, shiba.",\N,\N,\N,wait,\N,script/common,step_np_shiba_2_say_1,common_scene_np_shiba_2,steps,0,steps_format_13,\N,\N
np_shiba_2,2,say,luna,default,왜죠?,Why?,\N,\N,\N,wait,\N,script/common,step_np_shiba_2_say_2,common_scene_np_shiba_2,steps,1,steps_format_13,\N,\N
np_shiba_2,3,say,shiba,default,이제 더 대화할 대사 데이터도 없단 말이야.,"I'm out of dialogue data, that's why.",\N,\N,\N,wait,\N,script/common,step_np_shiba_2_say_3,common_scene_np_shiba_2,steps,2,steps_format_13,\N,\N
np_shiba_2,4,say,luna,default,…?,...?,\N,\N,\N,wait,\N,script/common,step_np_shiba_2_say_4,common_scene_np_shiba_2,steps,3,steps_format_13,\N,\N
np_shiba_2,5,say,shiba,default,"불만 있으면 이런 정신 나간 게임을 기획한
PD한테 가서 따져, 시바.","Got complaints? Take it up with the PD
who designed this insane game, shiba.",\N,\N,\N,wait,\N,script/common,step_np_shiba_2_say_5,common_scene_np_shiba_2,steps,4,steps_format_13,\N,\N
np_tv_1,1,say,radio,default,"최근 B구역 일대에서 실종 사건이
급격히 증가하고 있습니다.","Disappearances are rising sharply
across District B.",\N,\N,\N,wait,\N,script/common,step_np_tv_1_say_1,common_scene_np_tv_1,steps,0,steps_format_13,\N,\N
np_tv_1,2,say,radio,default,"지난 일주일에만 30명이 넘는 실종자가 발생하며
전례 없는 연쇄 실종 사건으로 번지고 있습니다.","With over thirty people missing in the past week alone,
it is escalating into an unprecedented serial-disappearance case.",\N,\N,\N,wait,\N,script/common,step_np_tv_1_say_2,common_scene_np_tv_1,steps,1,steps_format_13,\N,\N
np_tv_1,3,say,radio,default,"KCPD는 추가 인력을 급파해
집중 수사에 착수했다고 밝혔습니다.","The KCPD has dispatched additional officers
and launched a focused investigation.",\N,\N,\N,wait,\N,script/common,step_np_tv_1_say_3,common_scene_np_tv_1,steps,2,steps_format_13,\N,\N
np_tv_1,4,say,luna,default,(…실종. 기록해 둔다.),(...Disappearances. Noted.),\N,\N,flag.tv_seen1 = true,wait,\N,script/common,step_np_tv_1_say_4,common_scene_np_tv_1,steps,3,steps_format_14,\N,\N
np_tv_2,1,say,radio,default,"몇 달 전 북한산 저수지의 큰불, 기억하시죠?",Remember that huge fire at the Bukhansan reservoir a few months back?,\N,\N,\N,wait,\N,script/common,step_np_tv_2_say_1,common_scene_np_tv_2,steps,0,steps_format_13,\N,\N
np_tv_2,2,say,radio,default,"그게 단순한 산불이 아니었다는
소문이 돌고 있습니다.","Word is going around that it was
no ordinary wildfire.",\N,\N,\N,wait,\N,script/common,step_np_tv_2_say_2,common_scene_np_tv_2,steps,1,steps_format_13,\N,\N
np_tv_2,3,say,luna,default,(…이 도시는 소문이 많다.),(...This city is full of rumors.),\N,\N,\N,wait,\N,script/common,step_np_tv_2_say_3,common_scene_np_tv_2,steps,2,steps_format_13,\N,\N
ob_experiment_1,1,say,sign,default,인공 신경망 분석 — 임상시험 참가자 모집. 주관: (주)코라테크,NEURAL NETWORK ANALYSIS — Clinical trial participants wanted. Sponsor: CoraTech Inc.,\N,\N,\N,wait,\N,script/common,step_ob_experiment_1_say_1,common_scene_ob_experiment_1,steps,0,steps_format_13,\N,\N
ob_experiment_1,2,say,luna,default,(…설마.),(...It couldn't be.),\N,\N,flag.seen_coratech_ad = true,wait,\N,script/common,step_ob_experiment_1_say_2,common_scene_ob_experiment_1,steps,1,steps_format_14,\N,\N
ob_parttime_1,1,say,sign,default,아르바이트 구함. 연락처: 154*455*587,PART-TIMER WANTED. Contact: 154*455*587,\N,\N,\N,wait,\N,script/common,step_ob_parttime_1_say_1,common_scene_ob_parttime_1,steps,0,steps_format_13,\N,\N
ob_parttime_1,2,say,luna,default,"(급여도 근무 시간도 없이, 연락처만 있네.)","(No pay, no hours listed. Just a number.)",\N,\N,\N,wait,\N,script/common,step_ob_parttime_1_say_2,common_scene_ob_parttime_1,steps,1,steps_format_13,\N,\N
ob_parttime_2,1,say,luna,default,(Bc25 편의점… 크리스한테 들은 적 있는 것 같은데. 이 구역에서 그나마 오래된 곳이라고 했던가.),"(Bc25 convenience store... Chris mentioned it, I think. One of the oldest shops in this district?)",\N,\N,\N,wait,\N,script/common,step_ob_parttime_2_say_1,scene_ob_parttime_2,steps,0,steps_format_13,\N,\N
ob_parttime_3,1,say,luna,default,"(글씨가… 손으로 쓴 건가, 발로 쓴 건가.)",(Was this written by hand... or by foot?),\N,\N,\N,wait,\N,script/common,step_ob_parttime_3_say_1,scene_ob_parttime_3,steps,0,steps_format_13,\N,\N
ob_toilet_1,1,say,luna,default,"…뭐지, 이건?",...What is this?,\N,\N,\N,wait,\N,script/common,step_ob_toilet_1_say_1,scene_ob_toilet_1,steps,0,steps_format_13,\N,\N
ob_toilet_1,2,say,luna,default,(방금 전까지 누군가 사용한 흔적이 있는 것 같은데.),(Looks like someone just used it.),\N,\N,\N,wait,\N,script/common,step_ob_toilet_1_say_2,scene_ob_toilet_1,steps,1,steps_format_13,\N,\N
ob_toilet_1,3,say,luna,default,(더는 보고 싶지 않다.),(I don't want to look at this any longer.),\N,\N,\N,wait,\N,script/common,step_ob_toilet_1_say_3,scene_ob_toilet_1,steps,2,steps_format_13,\N,\N
ob_vending_buy,1,say,sign,default,(지이잉―),(Vrrrr—),\N,\N,\N,wait,\N,script/common,step_ob_vending_buy_say_1,scene_ob_vending_buy,steps,0,steps_format_13,\N,\N
ob_vending_buy,2,effect,\N,\N,\N,\N,\N,\N,"money -= 25; give(soda_water, 1)",wait,\N,script/common,step_ob_vending_buy_effect_2,scene_ob_vending_buy,steps,1,steps_format_15,\N,\N
ob_vending_buy,3,say,luna,default,('초정 탄산수'를 얻었다.),(Got a bottle of 'Chojeong Sparkling Water.'),\N,\N,\N,wait,\N,script/common,step_ob_vending_buy_say_3,scene_ob_vending_buy,steps,2,steps_format_13,\N,\N
ob_vending_poor,1,say,sign,default,(지이잉―),(Vrrrr—),\N,\N,\N,wait,\N,script/common,step_ob_vending_poor_say_1,scene_ob_vending_poor,steps,0,steps_format_13,\N,\N
ob_vending_poor,2,say,luna,default,(…살 돈이 모자란 것 같다.),(...I don't have enough for this.),\N,\N,\N,wait,\N,script/common,step_ob_vending_poor_say_2,scene_ob_vending_poor,steps,1,steps_format_13,\N,\N
qa_auto_radio,1,say,radio,\N,안내 말씀드립니다. 오늘 밤 11시부터 3구역의 전력 공급이 순차적으로 중단됩니다.,Public notice. Power in District 3 will be shut down in stages from 11 p.m. tonight.,dlg_qa_auto_radio_001,\N,\N,auto,\N,script/qa/street_day99,dlg_qa_auto_radio_001,scene_qa_auto_radio,steps,0,steps_format_17,\N,\N
qa_auto_radio,2,say,radio,\N,귀가 중인 시민께서는 가까운 충전소와 대피 경로를 미리 확인해 주십시오.,Citizens heading home should check the nearest charging station and evacuation route in advance.,dlg_qa_auto_radio_002,\N,\N,auto,\N,script/qa/street_day99,dlg_qa_auto_radio_002,scene_qa_auto_radio,steps,1,steps_format_17,\N,\N
qa_auto_radio,3,say,radio,\N,"이상, 서울특별도시 안전관리국에서 알려드렸습니다.",This message was brought to you by the Seoul Metropolitan Safety Bureau.,dlg_qa_auto_radio_003,\N,\N,auto,\N,script/qa/street_day99,dlg_qa_auto_radio_003,scene_qa_auto_radio,steps,2,steps_format_17,\N,\N
qa_choice,1,say,street_citizen_d,idle,"저 강아지, 배가 고파 보이는데. 혹시 줄 만한 간식이 있어?",That dog looks hungry. Do you have a treat you could give it?,dlg_qa_choice_001,\N,\N,player_input,\N,script/qa/street_day99,dlg_qa_choice_001,scene_qa_choice,steps,0,steps_format_18,\N,\N
qa_choice,2,say,luna,idle,가방을 확인해 볼게요.,Let me check my bag.,dlg_qa_choice_002,\N,\N,player_input,\N,script/qa/street_day99,dlg_qa_choice_002,scene_qa_choice,steps,1,steps_format_18,\N,\N
qa_choice,3,choice,\N,\N,\N,\N,\N,\N,\N,\N,\N,script/qa/street_day99,step_qa_choice_choice_3,scene_qa_choice,steps,2,steps_format_21,\N,\N
qa_choice,4,say,luna,idle,지금은 줄 수 있는 간식이 없어요.,I don't have a treat to give right now.,dlg_qa_choice_003,\N,\N,player_input,\N,script/qa/street_day99,dlg_qa_choice_003,scene_qa_choice,steps,3,steps_format_18,\N,\N
qa_choice_result,1,say,street_citizen_d,idle,잘 먹네. 네가 가지고 있던 간식도 하나 줄었어.,It's eating well. The treat you had is gone now.,dlg_qa_choice_result_001,flag.qa_dog_fed,\N,player_input,\N,script/qa/street_day99,dlg_qa_choice_result_001,scene_qa_choice_result,steps,0,steps_format_22,\N,\N
qa_choice_result,2,say,luna,idle,네. 이제 가진 간식은 없어요.,Right. I don't have any treats left now.,dlg_qa_choice_result_002,flag.qa_dog_fed,\N,player_input,\N,script/qa/street_day99,dlg_qa_choice_result_002,scene_qa_choice_result,steps,1,steps_format_22,\N,\N
qa_choice_result,3,say,street_citizen_d,idle,"그래, 그럼 그냥 지나가자.","All right. Let's just keep moving, then.",dlg_qa_choice_result_003,flag.qa_choice_declined,\N,player_input,\N,script/qa/street_day99,dlg_qa_choice_result_003,scene_qa_choice_result,steps,2,steps_format_22,\N,\N
qa_choice_result,4,set_state,\N,\N,\N,\N,\N,\N,flag.qa_dog_fed = false; flag.qa_choice_declined = false,\N,\N,script/qa/street_day99,step_qa_choice_result_set_state_4,scene_qa_choice_result,steps,3,steps_format_23,\N,\N
qa_np_conversation,1,say,street_citizen_a,idle,너 그거 들었어? 애니멀 갱단 보스 그 새끼가 갑자기 프로이트 갱 놈들을 싹 쓸어버렸대.,Did you hear? That bastard running the Animal gang suddenly wiped out a whole crew of Freud gangsters.,dlg_qa_np_conversation_001,\N,\N,player_input,\N,script/qa/street_day99,dlg_qa_np_conversation_001,scene_qa_np_conversation,steps,0,steps_format_18,\N,\N
qa_np_conversation,2,say,street_citizen_b,idle,뭐? 좀 잠잠하다 싶더니 또 개지랄이군.,"What? Things finally seemed quiet, and now they're raising hell again.",dlg_qa_np_conversation_002,\N,\N,player_input,\N,script/qa/street_day99,dlg_qa_np_conversation_002,scene_qa_np_conversation,steps,1,steps_format_18,\N,\N
qa_np_conversation,3,say,street_citizen_a,idle,그러게 말이야. 하여간 짐승 새끼들 두목답다니까.,Exactly. Figures their boss would act like the animal he is.,dlg_qa_np_conversation_003,\N,\N,player_input,\N,script/qa/street_day99,dlg_qa_np_conversation_003,scene_qa_np_conversation,steps,2,steps_format_18,\N,\N
qa_object_text,1,say,\N,\N,벽에 '오늘은 새벽 3시에 전력이 끊깁니다.'라는 공지가 붙어 있다.,"A notice on the wall reads, 'Power will be cut at 3:00 a.m. today.'",dlg_qa_object_text_001,\N,\N,player_input,\N,script/qa/street_day99,dlg_qa_object_text_001,scene_qa_object_text,steps,0,steps_format_24,\N,\N
qa_player_npc_dialogue,1,say,street_citizen_c,idle,퇴근길이야? 이 시간에는 골목보다 큰길로 가는 게 안전해.,"Heading home? At this hour, the main street is safer than the alley.",dlg_qa_player_npc_dialogue_001,\N,\N,player_input,\N,script/qa/street_day99,dlg_qa_player_npc_dialogue_001,scene_qa_player_npc_dialogue,steps,0,steps_format_18,\N,\N
qa_player_npc_dialogue,2,say,luna,idle,알려줘서 고마워요. 큰길로 돌아갈게요.,Thanks for the warning. I'll take the main street.,dlg_qa_player_npc_dialogue_002,\N,\N,player_input,\N,script/qa/street_day99,dlg_qa_player_npc_dialogue_002,scene_qa_player_npc_dialogue,steps,1,steps_format_18,\N,\N
qa_player_npc_dialogue,3,say,street_citizen_c,idle,그래. 오늘도 무사히 들어가.,Good. Get home safe tonight.,dlg_qa_player_npc_dialogue_003,\N,\N,player_input,\N,script/qa/street_day99,dlg_qa_player_npc_dialogue_003,scene_qa_player_npc_dialogue,steps,2,steps_format_18,\N,\N
qa_poster_once,1,timeline,\N,sp_experiment_poster,[QA] 임상시험 참가자 모집 · 인공 신경망 분석 · 주관 (주)코라테크 · 문의 070*8812*0031,[QA] CLINICAL TRIAL PARTICIPANTS WANTED · neural network analysis · CoraTech Inc. · 070*8812*0031,\N,\N,\N,\N,\N,script/qa/street_day99,step_qa_poster_once_timeline_1,scene_qa_poster_once,steps,0,steps_format_25,\N,\N
qa_poster_once,2,set_state,\N,\N,\N,\N,\N,\N,flag.qa_poster_seen = true,\N,\N,script/qa/street_day99,step_qa_poster_once_set_state_2,scene_qa_poster_once,steps,1,steps_format_23,\N,\N
qa_poster_repeat,1,timeline,\N,sp_parttime_poster,[QA] 아르바이트 구함 · Bc25 편의점 · 야간 3교대 · 연락처 154*455*587,[QA] PART-TIMER WANTED · Bc25 convenience store · night shifts · 154*455*587,\N,\N,\N,\N,\N,script/qa/street_day99,step_qa_poster_repeat_timeline_1,scene_qa_poster_repeat,steps,0,steps_format_25,\N,\N
qa_sequence_1,1,say,\N,\N,첫 번째 조사: 기기 표시창이 깜빡인다.,First inspection: the device display flickers.,dlg_qa_sequence_1_001,\N,\N,player_input,\N,script/qa/street_day99,dlg_qa_sequence_1_001,scene_qa_sequence_1,steps,0,steps_format_24,\N,\N
qa_sequence_1,2,set_state,\N,\N,\N,\N,\N,\N,flag.qa_sequence_1_done = true,\N,\N,script/qa/street_day99,step_qa_sequence_1_set_state_2,scene_qa_sequence_1,steps,1,steps_format_23,\N,\N
qa_sequence_2,1,say,\N,\N,두 번째 조사: 표시창에 암호화된 숫자가 떠오른다.,Second inspection: encrypted numbers appear on the display.,dlg_qa_sequence_2_001,\N,\N,player_input,\N,script/qa/street_day99,dlg_qa_sequence_2_001,scene_qa_sequence_2,steps,0,steps_format_24,\N,\N
qa_sequence_2,2,set_state,\N,\N,\N,\N,\N,\N,flag.qa_sequence_2_done = true,\N,\N,script/qa/street_day99,step_qa_sequence_2_set_state_2,scene_qa_sequence_2,steps,1,steps_format_23,\N,\N
qa_sequence_3,1,say,\N,\N,세 번째 조사: '접근 권한 없음.' 더 이상 변하지 않는다.,Third inspection: 'Access denied.' It no longer changes.,dlg_qa_sequence_3_001,\N,\N,player_input,\N,script/qa/street_day99,dlg_qa_sequence_3_001,scene_qa_sequence_3,steps,0,steps_format_24,\N,\N
qa_spawn_remove,1,say,\N,\N,[QA] 이 표지판은 확인 입력 후 필드에서 사라져야 한다.,[QA] This sign must disappear from the field after the confirmation input.,dlg_qa_spawn_remove_001,\N,\N,player_input,\N,script/qa/street_day99,dlg_qa_spawn_remove_001,scene_qa_spawn_remove,steps,0,steps_format_24,\N,\N
qa_spawn_remove,2,set_state,\N,\N,\N,\N,\N,\N,flag.qa_spawn_removed = true,\N,\N,script/qa/street_day99,step_qa_spawn_remove_set_state_2,scene_qa_spawn_remove,steps,1,steps_format_23,\N,\N
qa_step_probe,1,say,\N,\N,테스트용 간식 보관함에서 포장된 강아지 간식 한 개를 꺼냈다.,You take one sealed dog treat from the test container.,dlg_qa_step_probe_001,\N,\N,player_input,\N,script/qa/street_day99,dlg_qa_step_probe_001,scene_qa_step_probe,steps,0,steps_format_24,\N,\N
qa_step_probe,2,set_state,\N,\N,\N,\N,\N,\N,flag.qa_has_snack = true,\N,\N,script/qa/street_day99,step_qa_step_probe_set_state_2,scene_qa_step_probe,steps,1,steps_format_23,\N,\N
qa_step_probe,3,say,\N,\N,이제 간식을 가지고 있다. 옆의 행인과 대화하면 조건부 선택지를 사용할 수 있다.,You now have a treat. Talk to the nearby passerby to use the conditional option.,dlg_qa_step_probe_002,flag.qa_has_snack,\N,player_input,\N,script/qa/street_day99,dlg_qa_step_probe_002,scene_qa_step_probe,steps,2,steps_format_26,\N,\N
qa_step_probe,4,say,\N,\N,보관함은 잠겨 있어 간식을 꺼낼 수 없다.,"The container is locked, so you cannot take a treat.",dlg_qa_step_probe_003,!flag.qa_has_snack,\N,player_input,\N,script/qa/street_day99,dlg_qa_step_probe_003,scene_qa_step_probe,steps,3,steps_format_26,\N,\N
ch_qa_street_choice_2,\N,set_state,\N,\N,\N,\N,\N,\N,flag.qa_has_snack = false; flag.qa_dog_fed = true,\N,\N,script/qa/street_day99,step_ch_qa_street_choice_2_set_state_1,street_choices_qa_choice_2,result_steps,0,steps_format_19,\N,\N
ch_qa_street_choice_2,\N,goto,\N,\N,\N,\N,\N,\N,\N,\N,qa_choice_result,script/qa/street_day99,step_ch_qa_street_choice_2_goto_2,street_choices_qa_choice_2,result_steps,1,steps_format_20,\N,\N
ch_qa_street_choice_3,\N,set_state,\N,\N,\N,\N,\N,\N,flag.qa_choice_declined = true,\N,\N,script/qa/street_day99,step_ch_qa_street_choice_3_set_state_1,street_choices_qa_choice_3,result_steps,0,steps_format_19,\N,\N
ch_qa_street_choice_3,\N,goto,\N,\N,\N,\N,\N,\N,\N,\N,qa_choice_result,script/qa/street_day99,step_ch_qa_street_choice_3_goto_2,street_choices_qa_choice_3,result_steps,1,steps_format_20,\N,\N
outside_day0_tv_news1,1,say,tv,default,…이라고 발표했습니다.,…the announcement stated.,outside_day0_tv_news1_1,\N,\N,wait,\N,script/ambient,outside_day0_tv_news1_1,scene_outside_day0_tv_news1,steps,0,steps_format_02,\N,\N
outside_day0_tv_news1,2,say,tv,default,다음 소식입니다. 북한산 인근에 위치한 코라테크 연구 시설에서 발생한 화재가 주변으로 번져 산불이 일어났다고 합니다.,"In other news, a fire at a CoraTech research facility near Bukhansan has reportedly spread to the surrounding area, sparking a forest fire.",outside_day0_tv_news1_2,\N,\N,wait,\N,script/ambient,outside_day0_tv_news1_2,scene_outside_day0_tv_news1,steps,1,steps_format_02,\N,\N
outside_day0_tv_news1,3,say,tv,default,"현재까지 보고된 인명 피해는 없지만, 인근 주민들은 연구 시설의 관리 부주의로 불이 났다고 주장하며,","No casualties have been reported so far. However, nearby residents claim the fire was caused by negligence at the facility,",outside_day0_tv_news1_3,\N,\N,wait,\N,script/ambient,outside_day0_tv_news1_3,scene_outside_day0_tv_news1,steps,2,steps_format_02,\N,\N
outside_day0_tv_news1,4,say,tv,default,코라테크 측에 책임 규명과 피해 보상을 요구하고 있습니다.,and are demanding that CoraTech establish responsibility and provide compensation for the damage.,outside_day0_tv_news1_4,\N,\N,wait,\N,script/ambient,outside_day0_tv_news1_4,scene_outside_day0_tv_news1,steps,3,steps_format_02,\N,\N
outside_day0_tv_news1,5,say,tv,default,다음 소식입니다…,Moving on to our next story…,outside_day0_tv_news1_5,\N,\N,wait,\N,script/ambient,outside_day0_tv_news1_5,scene_outside_day0_tv_news1,steps,4,steps_format_02,\N,\N
outside_day0_store_passers,1,say,store-pair-left,default,다시 잠잠해진 줄 알았는데 요즘 또 왜 이러는 거야?,I thought things had quieted down. What’s going on again lately?,outside_day0_store_passers_1,\N,\N,wait,\N,script/ambient,outside_day0_store_passers_1,scene_outside_day0_store_passers,steps,0,steps_format_02,\N,\N
outside_day0_store_passers,2,say,store-pair-right,default,너 못 들었어?,You haven’t heard?,outside_day0_store_passers_2,\N,\N,wait,\N,script/ambient,outside_day0_store_passers_2,scene_outside_day0_store_passers,steps,1,steps_format_02,\N,\N
outside_day0_store_passers,3,say,store-pair-left,default,뭘?,Heard what?,outside_day0_store_passers_3,\N,\N,wait,\N,script/ambient,outside_day0_store_passers_3,scene_outside_day0_store_passers,steps,2,steps_format_02,\N,\N
outside_day0_store_passers,4,say,store-pair-right,default,이번에 코라테크 연구소 하나 털렸잖아.,One of CoraTech’s labs got hit recently.,outside_day0_store_passers_4,\N,\N,wait,\N,script/ambient,outside_day0_store_passers_4,scene_outside_day0_store_passers,steps,3,steps_format_02,\N,\N
outside_day0_store_passers,5,say,store-pair-left,default,그게 무슨 상관인데?,What’s that got to do with it?,outside_day0_store_passers_5,\N,\N,wait,\N,script/ambient,outside_day0_store_passers_5,scene_outside_day0_store_passers,steps,4,steps_format_02,\N,\N
outside_day0_store_passers,6,say,store-pair-right,default,"소문이긴 한데, 거기서 비밀리에 연구하던 강력한 군용 실험체가 송파구 쪽으로 넘어왔다고 하던데?","It’s just a rumor, but apparently some powerful military test subject they were secretly working on there has made its way into Songpa.",outside_day0_store_passers_6,\N,\N,wait,\N,script/ambient,outside_day0_store_passers_6,scene_outside_day0_store_passers,steps,5,steps_format_02,\N,\N
outside_day0_store_passers,7,say,store-pair-left,default,…너 요즘 판타지 BD 보냐?,…You been watching fantasy BDs lately?,outside_day0_store_passers_7,\N,\N,wait,\N,script/ambient,outside_day0_store_passers_7,scene_outside_day0_store_passers,steps,6,steps_format_02,\N,\N
outside_day0_store_passers,8,say,store-pair-right,default,지랄. 말해 줘도 안 믿네.,"Bullshit. I tell you, and you still don’t believe me.",outside_day0_store_passers_8,\N,\N,wait,\N,script/ambient,outside_day0_store_passers_8,scene_outside_day0_store_passers,steps,7,steps_format_02,\N,\N
outside_day0_building_residents,1,say,resident-left,default,…또 올렸다고?,…They raised it again?,outside_day0_building_residents_1,\N,\N,wait,\N,script/ambient,outside_day0_building_residents_1,scene_outside_day0_building_residents,steps,0,steps_format_02,\N,\N
outside_day0_building_residents,2,say,resident-right,default,그렇다니까.,That’s what I’m saying.,outside_day0_building_residents_2,\N,\N,wait,\N,script/ambient,outside_day0_building_residents_2,scene_outside_day0_building_residents,steps,1,steps_format_02,\N,\N
outside_day0_building_residents,3,say,resident-right,default,거기다 이젠 승강기 이용할 때마다 돈을 받겠다는 말까지 했다고.,They even said they’d start charging us every time we use the elevator.,outside_day0_building_residents_3,\N,\N,wait,\N,script/ambient,outside_day0_building_residents_3,scene_outside_day0_building_residents,steps,2,steps_format_02,\N,\N
outside_day0_building_residents,4,say,resident-left,default,하… 진짜 그렇게 바뀌면 관리인 새끼 죽여 버린다.,"Fuck… If they really do that, I’ll kill that bastard.",outside_day0_building_residents_4,\N,\N,wait,\N,script/ambient,outside_day0_building_residents_4,scene_outside_day0_building_residents,steps,3,steps_format_02,\N,\N
outside_day0_port_pair,1,say,bar-pair-left,default,저기 언노운에 불 켜져 있는데? 다시 영업하는 건가?,\N,dlg_outside_day0_port_pair_001,\N,\N,wait,\N,script/ambient,dlg_outside_day0_port_pair_001,scene_outside_day0_port_pair,steps,0,steps_format_02,\N,\N
outside_day0_port_pair,2,say,bar-pair-right,default,아직 그런 얘긴 없던데. 그냥 잠깐 켜 둔 거 아니야?,\N,dlg_outside_day0_port_pair_002,\N,\N,wait,\N,script/ambient,dlg_outside_day0_port_pair_002,scene_outside_day0_port_pair,steps,1,steps_format_02,\N,\N
outside_day0_port_pair,3,say,bar-pair-left,default,"하긴… 운영하던 마스터도 없는데, 다시 열 리가 없지.",\N,dlg_outside_day0_port_pair_003,\N,\N,wait,\N,script/ambient,dlg_outside_day0_port_pair_003,scene_outside_day0_port_pair,steps,2,steps_format_02,\N,\N
outside_day0_port_pair,4,say,bar-pair-right,default,"그러고 보니 그 영감, 어떻게 됐더라?",\N,dlg_outside_day0_port_pair_004,\N,\N,wait,\N,script/ambient,dlg_outside_day0_port_pair_004,scene_outside_day0_port_pair,steps,3,steps_format_02,\N,\N
outside_day0_port_pair,5,say,bar-pair-left,default,…기억 안 나? 갱 놈들이 다른 사람이랑 착각해서 죽였잖아.,\N,dlg_outside_day0_port_pair_005,\N,\N,wait,\N,script/ambient,dlg_outside_day0_port_pair_005,scene_outside_day0_port_pair,steps,4,steps_format_02,\N,\N
outside_day0_port_pair,6,say,bar-pair-right,default,아… 맞다. 그놈들도 나중에 애니멀한테 털려서 해체됐었지?,\N,dlg_outside_day0_port_pair_006,\N,\N,wait,\N,script/ambient,dlg_outside_day0_port_pair_006,scene_outside_day0_port_pair,steps,5,steps_format_02,\N,\N
outside_day0_port_pair,7,say,bar-pair-left,default,그랬지. 애니멀 보스가 그 바 단골이었잖아. 영감 죽인 보복으로 쓸어버린 거지.,\N,dlg_outside_day0_port_pair_007,\N,\N,wait,\N,script/ambient,dlg_outside_day0_port_pair_007,scene_outside_day0_port_pair,steps,6,steps_format_02,\N,\N
outside_day0_port_pair,8,say,bar-pair-left,default,"하여간 그 새끼들, 사람을 봐 가면서 실수를 해야 하는데 말이야.",\N,dlg_outside_day0_port_pair_008,\N,\N,wait,\N,script/ambient,dlg_outside_day0_port_pair_008,scene_outside_day0_port_pair,steps,7,steps_format_02,\N,\N
outside_day0_port_pair,9,say,bar-pair-right,default,그래도 다시 열었으면 좋겠네. 그만한 가게가 또 생기겠어?,\N,dlg_outside_day0_port_pair_009,\N,\N,wait,\N,script/ambient,dlg_outside_day0_port_pair_009,scene_outside_day0_port_pair,steps,8,steps_format_02,\N,\N
outside_day0_port_pair,10,say,bar-pair-left,default,…그러게 말이야.,\N,dlg_outside_day0_port_pair_010,\N,\N,wait,\N,script/ambient,dlg_outside_day0_port_pair_010,scene_outside_day0_port_pair,steps,9,steps_format_02,\N,\N
outside_day1_tv_news2,1,say,tv,default,…최근 코라테크가 출시한 범용형 안드로이드가 논란이 되고 있습니다.,\N,dlg_outside_day1_tv_news2_001,\N,\N,wait,\N,script/ambient,dlg_outside_day1_tv_news2_001,scene_outside_day1_tv_news2,steps,0,steps_format_02,\N,\N
outside_day1_tv_news2,2,say,tv,default,"해당 안드로이드는 현재 환경 미화, 운송, 하수도 정비 등의 업무에 시범 투입되고 있는데요.",\N,dlg_outside_day1_tv_news2_002,\N,\N,wait,\N,script/ambient,dlg_outside_day1_tv_news2_002,scene_outside_day1_tv_news2,steps,1,steps_format_02,\N,\N
outside_day1_tv_news2,3,say,tv,default,저소득층 시민들은 굳이 사람을 대체할 필요가 없는 업무에까지 안드로이드를 투입해 자신들의 일자리를 빼앗고 빈곤을 심화시키고 있다며 반발하고 있습니다.,\N,dlg_outside_day1_tv_news2_003,\N,\N,wait,\N,script/ambient,dlg_outside_day1_tv_news2_003,scene_outside_day1_tv_news2,steps,2,steps_format_02,\N,\N
outside_day1_tv_news2,4,say,tv,default,"또한 업무에 필요한 수준을 넘어서는 지능과 성능을 갖추고 있어, 국제법으로 금지된 ‘고성능 인공지능’에 해당하는 것 아니냐는 의혹도 제기되고 있습니다.",\N,dlg_outside_day1_tv_news2_004,\N,\N,wait,\N,script/ambient,dlg_outside_day1_tv_news2_004,scene_outside_day1_tv_news2,steps,3,steps_format_02,\N,\N
outside_day1_tv_news2,5,say,tv,default,"신미합중국 역시 이를 강하게 비판했습니다. 시범 운용 중인 안드로이드를 즉각 회수하고 프로젝트를 전면 폐기하지 않을 경우, 제4차 세계 대전으로 이어질 수도 있다는 경고까지 내놓았습니다.",\N,dlg_outside_day1_tv_news2_005,\N,\N,wait,\N,script/ambient,dlg_outside_day1_tv_news2_005,scene_outside_day1_tv_news2,steps,4,steps_format_02,\N,\N
outside_day1_tv_news2,6,say,tv,default,이 같은 반발의 배경에는 지난 범용 인공지능 안드로이드 무력 폭동이 재발할 수 있다는 우려가 깔려 있습니다.,\N,dlg_outside_day1_tv_news2_006,\N,\N,wait,\N,script/ambient,dlg_outside_day1_tv_news2_006,scene_outside_day1_tv_news2,steps,5,steps_format_02,\N,\N
outside_day1_tv_news2,7,say,tv,default,이에 코라테크 측은 “해당 안드로이드의 인공지능 시스템은 통제하에 작동하고 있으므로 우려할 필요가 없다”며 반대 여론을 일축했으며…,\N,dlg_outside_day1_tv_news2_007,\N,\N,wait,\N,script/ambient,dlg_outside_day1_tv_news2_007,scene_outside_day1_tv_news2,steps,6,steps_format_02,\N,\N
outside_day1_commute_passers2,1,say,commute-pair-left,default,뉴스 봤냐?,\N,dlg_outside_day1_commute_passers2_001,\N,\N,wait,\N,script/ambient,dlg_outside_day1_commute_passers2_001,scene_outside_day1_commute_passers2,steps,0,steps_format_02,\N,\N
outside_day1_commute_passers2,2,say,commute-pair-right,default,"뭐, 코라테크 그 개새끼들이 만든 깡통 말하는 거야?",\N,dlg_outside_day1_commute_passers2_002,\N,\N,wait,\N,script/ambient,dlg_outside_day1_commute_passers2_002,scene_outside_day1_commute_passers2,steps,1,steps_format_02,\N,\N
outside_day1_commute_passers2,3,say,commute-pair-left,default,"그래. 그 시발 새끼들이 만든 인공지능이 무력 폭동을 일으킨 지 10년도 안 지났는데, 또 그딴 걸 내놨다니까?",\N,dlg_outside_day1_commute_passers2_003,\N,\N,wait,\N,script/ambient,dlg_outside_day1_commute_passers2_003,scene_outside_day1_commute_passers2,steps,2,steps_format_02,\N,\N
outside_day1_commute_passers2,4,say,commute-pair-left,default,"그건 둘째 치고, 우리 써 주던 곳에도 그걸 시범으로 들여놓는다더라. 이젠 나오지 말래.",\N,dlg_outside_day1_commute_passers2_004,\N,\N,wait,\N,script/ambient,dlg_outside_day1_commute_passers2_004,scene_outside_day1_commute_passers2,steps,3,steps_format_02,\N,\N
outside_day1_commute_passers2,5,say,commute-pair-left,default,"하… 곧 애도 태어나는데, 이제 어디 가서 일하냐.",\N,dlg_outside_day1_commute_passers2_005,\N,\N,wait,\N,script/ambient,dlg_outside_day1_commute_passers2_005,scene_outside_day1_commute_passers2,steps,4,steps_format_02,\N,\N
outside_day1_commute_passers2,6,say,commute-pair-right,default,하… 좆같네. 세상이 어떻게 되려고 이러냐.,\N,dlg_outside_day1_commute_passers2_006,\N,\N,wait,\N,script/ambient,dlg_outside_day1_commute_passers2_006,scene_outside_day1_commute_passers2,steps,5,steps_format_02,\N,\N
outside_day2_commute_reopening,1,say,reopening-pair-left,default,"들었어? 언노운, 다시 연 게 맞다던데?",\N,dlg_outside_day2_commute_reopening_001,\N,\N,wait,\N,script/ambient,dlg_outside_day2_commute_reopening_001,scene_outside_day2_commute_reopening,steps,0,steps_format_02,\N,\N
outside_day2_commute_reopening,2,say,reopening-pair-right,default,"뭐, 진짜? 누가 운영하는데?",\N,dlg_outside_day2_commute_reopening_002,\N,\N,wait,\N,script/ambient,dlg_outside_day2_commute_reopening_002,scene_outside_day2_commute_reopening,steps,1,steps_format_02,\N,\N
outside_day2_commute_reopening,3,say,reopening-pair-left,default,아마 크리스가 맡아서 하는 모양이야.,\N,dlg_outside_day2_commute_reopening_003,\N,\N,wait,\N,script/ambient,dlg_outside_day2_commute_reopening_003,scene_outside_day2_commute_reopening,steps,2,steps_format_02,\N,\N
outside_day2_commute_reopening,4,say,reopening-pair-right,default,…그놈은 좀 음침하고 위험해 보여서 가기 꺼려지는데.,\N,dlg_outside_day2_commute_reopening_004,\N,\N,wait,\N,script/ambient,dlg_outside_day2_commute_reopening_004,scene_outside_day2_commute_reopening,steps,3,steps_format_02,\N,\N
outside_day2_commute_reopening,5,say,reopening-pair-left,default,갔다 온 놈 말로는 웬 예쁘장한 애가 일하고 있다던데?,\N,dlg_outside_day2_commute_reopening_005,\N,\N,wait,\N,script/ambient,dlg_outside_day2_commute_reopening_005,scene_outside_day2_commute_reopening,steps,4,steps_format_02,\N,\N
outside_day2_commute_reopening,6,say,reopening-pair-right,default,오호… 그러면 한번 가 봐야겠는걸.,\N,dlg_outside_day2_commute_reopening_006,\N,\N,wait,\N,script/ambient,dlg_outside_day2_commute_reopening_006,scene_outside_day2_commute_reopening,steps,5,steps_format_02,\N,\N
outside_day2_commute_reopening,7,say,reopening-pair-left,default,조심해라. 아직 애니멀이 뒤를 봐주는 것 같으니까.,\N,dlg_outside_day2_commute_reopening_007,\N,\N,wait,\N,script/ambient,dlg_outside_day2_commute_reopening_007,scene_outside_day2_commute_reopening,steps,6,steps_format_02,\N,\N
outside_day2_commute_reopening,8,say,reopening-pair-right,default,무슨 소리야? 조니도 죽었는데 걔들이 아직도 그 바를 지켜 준다고?,\N,dlg_outside_day2_commute_reopening_008,\N,\N,wait,\N,script/ambient,dlg_outside_day2_commute_reopening_008,scene_outside_day2_commute_reopening,steps,7,steps_format_02,\N,\N
outside_day2_commute_reopening,9,say,reopening-pair-left,default,나도 모르지… 새로 온 애가 톰 마음에 들었나 보던데.,\N,dlg_outside_day2_commute_reopening_009,\N,\N,wait,\N,script/ambient,dlg_outside_day2_commute_reopening_009,scene_outside_day2_commute_reopening,steps,8,steps_format_02,\N,\N
outside_day2_commute_reopening,10,say,reopening-pair-right,default,"…야, 근데 저기 빨간 팔 달린 놈도 애니멀 소속 아니야?",\N,dlg_outside_day2_commute_reopening_010,\N,\N,wait,\N,script/ambient,dlg_outside_day2_commute_reopening_010,scene_outside_day2_commute_reopening,steps,9,steps_format_02,\N,\N
outside_day2_commute_reopening,11,say,reopening-pair-left,default,쟤는 아닌 걸로 알아. 들어가려고 별짓을 다 한다는데.,\N,dlg_outside_day2_commute_reopening_011,\N,\N,wait,\N,script/ambient,dlg_outside_day2_commute_reopening_011,scene_outside_day2_commute_reopening,steps,10,steps_format_02,\N,\N
outside_day2_commute_reopening,12,say,reopening-pair-left,default,"무슨 이유인지는 몰라도, 죽어도 안 받아 준다더라.",\N,dlg_outside_day2_commute_reopening_012,\N,\N,wait,\N,script/ambient,dlg_outside_day2_commute_reopening_012,scene_outside_day2_commute_reopening,steps,11,steps_format_02,\N,\N
outside_day2_commute_reopening,13,say,reopening-pair-right,default,아하…,\N,dlg_outside_day2_commute_reopening_013,\N,\N,wait,\N,script/ambient,dlg_outside_day2_commute_reopening_013,scene_outside_day2_commute_reopening,steps,12,steps_format_02,\N,\N
,1,enter,chris,R,,,\N,\N,flag.d1_tutorial_retry = false,wait,,script/bar/day0,script_bar_day0_scenes_0_steps_0,script_bar_day0_scenes_0,steps,0,migration_steps_a576275edf,\N,\N
,2,say,chris,default,"루나? 이제 시작하자고 했는데, 못 들었어?","Luna? I just said we were starting, remember?",dlg_day0_notion_bar_3,\N,\N,wait,,script/bar/day0,script_bar_day0_scenes_0_steps_1,script_bar_day0_scenes_0,steps,1,migration_steps_c086580ba4,,\N
,3,say,luna,default,…아,…Oh.,dlg_day0_notion_bar_4,\N,\N,wait,,script/bar/day0,script_bar_day0_scenes_0_steps_2,script_bar_day0_scenes_0,steps,2,migration_steps_c086580ba4,,\N
,4,say,chris,default,다른 생각을 하고 있었나 보군. 내가 설명한 건 기억하지?,"Your mind seems to be somewhere else. You remember what I told you, right?",dlg_day0_notion_bar_5,\N,\N,wait,,script/bar/day0,script_bar_day0_scenes_0_steps_3,script_bar_day0_scenes_0,steps,3,migration_steps_c086580ba4,,\N
,5,choice,luna,ch_day0_notion_tutorial,,,\N,\N,\N,wait,,script/bar/day0,script_bar_day0_scenes_0_steps_4,script_bar_day0_scenes_0,steps,4,migration_steps_9dbbaf4ea4,\N,\N
,6,say,luna,default,다시 한번 알려 주실 수 있나요?,Could you explain it once more?,dlg_day0_notion_bar_7,!flag.day0_skip_tutorial,\N,wait,,script/bar/day0,script_bar_day0_scenes_0_steps_5,script_bar_day0_scenes_0,steps,5,migration_steps_4200790829,,\N
,7,say,chris,default,…좋아. 다시 한번 해 보자.,…All right. Let us try again.,dlg_day0_notion_bar_8,!flag.day0_skip_tutorial,\N,wait,,script/bar/day0,script_bar_day0_scenes_0_steps_6,script_bar_day0_scenes_0,steps,6,migration_steps_4200790829,,\N
,8,say,chris,default,"자, 먼저 손님을 맞이하는 것부터 시작해 보자.","First, let’s practice welcoming a guest.",dlg_day0_notion_bar_9,!flag.day0_skip_tutorial,\N,wait,,script/bar/day0,script_bar_day0_scenes_0_steps_7,script_bar_day0_scenes_0,steps,7,migration_steps_4200790829,,\N
,9,say,chris,default,일단 주변을 둘러봐. 바 테이블에 앉을 수 있는 자리가 총 몇 개지?,Take a look around. How many seats are there at the bar?,dlg_day0_seats_look,!flag.day0_skip_tutorial,\N,wait,,script/bar/day0,script_bar_day0_scenes_0_steps_8,script_bar_day0_scenes_0,steps,8,migration_steps_4200790829,,\N
,10,effect,chris,\N,,,\N,!flag.day0_skip_tutorial,\N,wait,,script/bar/day0,script_bar_day0_scenes_0_steps_9,script_bar_day0_scenes_0,steps,9,migration_steps_4d05a624c0,\N,\N
,11,say,luna,default,총 3개로 보입니다.,I can see three.,dlg_day0_seats_count,!flag.day0_skip_tutorial,\N,wait,,script/bar/day0,script_bar_day0_scenes_0_steps_10,script_bar_day0_scenes_0,steps,10,migration_steps_4200790829,,\N
,12,say,chris,default,그래. 손님이 앉을 수 있는 자리는 세 곳이야.,Right. There are three places where guests can sit.,dlg_day0_seats_three,!flag.day0_skip_tutorial,\N,wait,,script/bar/day0,script_bar_day0_scenes_0_steps_11,script_bar_day0_scenes_0,steps,11,migration_steps_4200790829,,\N
,13,say,luna,default,그렇게 많진 않네요.,That is not very many.,dlg_day0_seats_few,!flag.day0_skip_tutorial,\N,wait,,script/bar/day0,script_bar_day0_scenes_0_steps_12,script_bar_day0_scenes_0,steps,12,migration_steps_4200790829,,\N
,14,say,chris,default,"그렇지. 네가 다른 손님과 이야기하고 있어도, 아래 있는 장치가
새로 들어온 손님이 있다는 걸 알려 줄 거야.","Right. Even while you are talking to another guest, the indicator below
will let you know when someone new arrives.",dlg_day0_seats_device,!flag.day0_skip_tutorial,\N,wait,,script/bar/day0,script_bar_day0_scenes_0_steps_13,script_bar_day0_scenes_0,steps,13,migration_steps_4200790829,,\N
,15,effect,chris,\N,,,\N,!flag.day0_skip_tutorial,\N,wait,,script/bar/day0,script_bar_day0_scenes_0_steps_14,script_bar_day0_scenes_0,steps,14,migration_steps_4d05a624c0,\N,\N
,16,say,chris,default,좋아. 이제 다음으로 넘어가자.,Good. Let’s move on.,dlg_day0_seats_next,!flag.day0_skip_tutorial,\N,wait,,script/bar/day0,script_bar_day0_scenes_0_steps_15,script_bar_day0_scenes_0,steps,15,migration_steps_4200790829,,\N
,17,say,chris,default,"내가 손님이고, 방금 자리에 앉았다고 생각해 봐.
무엇부터 해야 하지?","Imagine I am a customer who has just taken a seat.
What should you do first?",dlg_day0_tutorial_guest_role,!flag.day0_skip_tutorial,\N,wait,,script/bar/day0,script_bar_day0_scenes_0_steps_16,script_bar_day0_scenes_0,steps,16,migration_steps_4200790829,,\N
,18,say,luna,default,바로 주문을 받으면 되나요?,Should I take the order right away?,dlg_day0_notion_bar_10,!flag.day0_skip_tutorial,\N,wait,,script/bar/day0,script_bar_day0_scenes_0_steps_17,script_bar_day0_scenes_0,steps,17,migration_steps_4200790829,,\N
,19,say,chris,default,"주문을 묻기 전에 먼저 코스터를
내어 드려. 그게 우리 가게 방식이야.","You do ask the customer for their order, but give them a coaster first.
That is how we do things here.",dlg_day0_notion_bar_11,!flag.day0_skip_tutorial,\N,wait,,script/bar/day0,script_bar_day0_scenes_0_steps_18,script_bar_day0_scenes_0,steps,18,migration_steps_4200790829,,\N
,20,effect,chris,\N,,,\N,!flag.day0_skip_tutorial,\N,wait,,script/bar/day0,script_bar_day0_scenes_0_steps_19,script_bar_day0_scenes_0,steps,19,migration_steps_4d05a624c0,\N,\N
,21,say,luna,default,이렇게요?,Like this?,dlg_day0_tutorial_coaster_done,!flag.day0_skip_tutorial,\N,wait,,script/bar/day0,script_bar_day0_scenes_0_steps_20,script_bar_day0_scenes_0,steps,20,migration_steps_4200790829,,\N
,22,say,chris,default,맞아. 이제 손님에게 무엇을 주문할지 물어보면 돼.,Right. Now ask the customer if they would like to order.,dlg_day0_tutorial_ask_order,!flag.day0_skip_tutorial,\N,wait,,script/bar/day0,script_bar_day0_scenes_0_steps_21,script_bar_day0_scenes_0,steps,21,migration_steps_4200790829,,\N
,23,say,luna,default,“어떤 걸 주문하시겠어요?” 이렇게 말하면 되는 건가요?,“What would you like to order?” Is that how I should say it?,dlg_day0_notion_bar_13,!flag.day0_skip_tutorial,\N,wait,,script/bar/day0,script_bar_day0_scenes_0_steps_22,script_bar_day0_scenes_0,steps,22,migration_steps_4200790829,,\N
,24,say,chris,default,그래. 하지만… 너무 손님을 빤히 쳐다보지는 마.,Yes. But… do not stare at the customer so hard.,dlg_day0_notion_bar_14,!flag.day0_skip_tutorial,\N,wait,,script/bar/day0,script_bar_day0_scenes_0_steps_23,script_bar_day0_scenes_0,steps,23,migration_steps_4200790829,,\N
,25,say,luna,default,저번에 바텐더는 항상 손님을 관찰해야 한다고 하지 않으셨나요?,Did you not tell me that a bartender should always observe the customers?,dlg_day0_notion_bar_15,!flag.day0_skip_tutorial,\N,wait,,script/bar/day0,script_bar_day0_scenes_0_steps_24,script_bar_day0_scenes_0,steps,24,migration_steps_4200790829,,\N
,26,say,chris,default,그렇게 뚫어져라 쳐다보라는 건 아니었어.,I did not mean stare a hole through them.,dlg_day0_notion_bar_16,!flag.day0_skip_tutorial,\N,wait,,script/bar/day0,script_bar_day0_scenes_0_steps_25,script_bar_day0_scenes_0,steps,25,migration_steps_4200790829,,\N
,27,say,luna,default,어렵네요.,This is difficult.,dlg_day0_notion_bar_17,!flag.day0_skip_tutorial,\N,wait,,script/bar/day0,script_bar_day0_scenes_0_steps_26,script_bar_day0_scenes_0,steps,26,migration_steps_4200790829,,\N
,28,say,chris,default,하나씩 해 보는 거지.,One thing at a time.,dlg_day0_notion_bar_18,!flag.day0_skip_tutorial,\N,wait,,script/bar/day0,script_bar_day0_scenes_0_steps_27,script_bar_day0_scenes_0,steps,27,migration_steps_4200790829,,\N
,29,say,chris,default,일단 진토닉으로 한 잔 부탁해. 자세한 건 만들면서 알려줄게.,Start with a Gin & Tonic for me. I will explain the details as you make it.,dlg_day0_tutorial_order_gin,!flag.day0_skip_tutorial,\N,wait,,script/bar/day0,script_bar_day0_scenes_0_steps_28,script_bar_day0_scenes_0,steps,28,migration_steps_4200790829,,\N
,30,say,chris,default,그래? 그러면 진토닉 한 잔 만드는 것부터 이어서 해 보자.,Really? Then let us pick up from making a Gin & Tonic.,dlg_day0_notion_bar_19,flag.day0_skip_tutorial,\N,wait,,script/bar/day0,script_bar_day0_scenes_0_steps_29,script_bar_day0_scenes_0,steps,29,migration_steps_4200790829,,\N
,31,say,luna,default,"네, 확인했습니다.",Understood.,dlg_day0_notion_bar_20,flag.day0_skip_tutorial,\N,wait,,script/bar/day0,script_bar_day0_scenes_0_steps_30,script_bar_day0_scenes_0,steps,30,migration_steps_4200790829,,\N
,32,say,chris,default,"만들기 전에 레시피부터 확인해 봐. 왼쪽 디스플레이에서
우리 가게의 칵테일 레시피 DB를 볼 수 있어.","You should check the recipe before making a drink.
The display on your left has our bar’s cocktail recipe database.",dlg_day0_tutorial_recipe_display,\N,\N,wait,,script/bar/day0,script_bar_day0_scenes_0_steps_31,script_bar_day0_scenes_0,steps,31,migration_steps_c086580ba4,,\N
,33,order,chris,exact:gin_tonic,,,\N,\N,\N,wait,,script/bar/day0,script_bar_day0_scenes_0_steps_32,script_bar_day0_scenes_0,steps,32,migration_steps_3b98d21457,\N,\N
,34,craft,chris,tutorial:gin_tonic,,,\N,\N,\N,wait,,script/bar/day0,script_bar_day0_scenes_0_steps_33,script_bar_day0_scenes_0,steps,33,migration_steps_3b98d21457,\N,\N
,35,serve,chris,\N,,,\N,\N,\N,wait,,script/bar/day0,script_bar_day0_scenes_0_steps_34,script_bar_day0_scenes_0,steps,34,migration_steps_f8e3b89266,\N,\N
,36,say,chris,default,음…,Hmm…,dlg_day0_notion_bar_27,order_match,\N,wait,,script/bar/day0,script_bar_day0_scenes_0_steps_35,script_bar_day0_scenes_0,steps,35,migration_steps_4200790829,,\N
,37,say,luna,default,어떤가요?,How is it?,dlg_day0_notion_bar_28,order_match,\N,wait,,script/bar/day0,script_bar_day0_scenes_0_steps_36,script_bar_day0_scenes_0,steps,36,migration_steps_4200790829,,\N
,38,say,chris,default,"나쁘지 않아. 뭐… 만들기 어려운 칵테일도 아니긴 하지만.
만드는 쪽에도 재능이 있는 것 같아서 다행이군.","Not bad. Well… it is not a particularly difficult cocktail.
Still, I am glad you seem to have a talent for making drinks too.",dlg_day0_notion_bar_29,order_match,\N,wait,,script/bar/day0,script_bar_day0_scenes_0_steps_37,script_bar_day0_scenes_0,steps,37,migration_steps_4200790829,,\N
,39,say,chris,default,주문은 진토닉이었어. 선택한 재료랑 순서를 다시 보자.,I ordered a Gin & Tonic. Let us check the ingredients and the steps you chose.,dlg_day0_notion_bar_31,!order_match,\N,wait,,script/bar/day0,script_bar_day0_scenes_0_steps_38,script_bar_day0_scenes_0,steps,38,migration_steps_4200790829,,\N
,40,say,luna,default,어디서 달라졌는지 확인하겠습니다.,I will check where I went wrong.,dlg_day0_notion_bar_32,!order_match,flag.d1_tutorial_retry = true,wait,,script/bar/day0,script_bar_day0_scenes_0_steps_39,script_bar_day0_scenes_0,steps,39,migration_steps_ec0863ce7e,,\N
,41,say,chris,default,"처음이니까 그럴 수 있어. 만드는 것도 익숙해지면 나아지겠지.
넌 다른 재능도 있으니까 너무 걱정하지 말고.","It is your first time. You will get better at making drinks with practice.
You have other talents too, so do not worry too much.",dlg_day0_notion_bar_34,!order_match,\N,wait,,script/bar/day0,script_bar_day0_scenes_0_steps_40,script_bar_day0_scenes_0,steps,40,migration_steps_4200790829,,\N
,42,order,chris,exact:gin_tonic,,,\N,flag.d1_tutorial_retry,\N,wait,,script/bar/day0,script_bar_day0_scenes_0_steps_41,script_bar_day0_scenes_0,steps,41,migration_steps_66e26834db,\N,\N
,43,craft,chris,order,,,\N,flag.d1_tutorial_retry,\N,wait,,script/bar/day0,script_bar_day0_scenes_0_steps_42,script_bar_day0_scenes_0,steps,42,migration_steps_66e26834db,\N,\N
,44,serve,chris,\N,,,\N,flag.d1_tutorial_retry,flag.d1_tutorial_retry = false,wait,,script/bar/day0,script_bar_day0_scenes_0_steps_43,script_bar_day0_scenes_0,steps,43,migration_steps_873e1eecc1,\N,\N
,45,say,luna,default,제게 다른 재능도 있었나요?,Do I have other talents?,dlg_day0_notion_bar_36,\N,\N,wait,,script/bar/day0,script_bar_day0_scenes_0_steps_44,script_bar_day0_scenes_0,steps,44,migration_steps_c086580ba4,,\N
,46,say,chris,default,너 정도 외모면 이 동네에선 남녀노소 누구나 좋아할 만하지. 그것도 재능이라면 재능이지.,"With a face like yours, people around here will like you, young or old, men or women. That is a talent too, in a way.",dlg_day0_notion_bar_37,\N,\N,wait,,script/bar/day0,script_bar_day0_scenes_0_steps_45,script_bar_day0_scenes_0,steps,45,migration_steps_c086580ba4,,\N
,47,say,luna,default,전에 있던 곳에서는 그게 꼭 좋은 것만은 아니라고 배웠는데요.,"Where I was before, I learned that it was not necessarily a good thing.",dlg_day0_notion_bar_38,\N,\N,wait,,script/bar/day0,script_bar_day0_scenes_0_steps_46,script_bar_day0_scenes_0,steps,46,migration_steps_c086580ba4,,\N
,48,say,chris,default,맞는 말이긴 하지. 하지만 여기서 일하는 건 안전할 거야. 장담하지.,That is true. But you will be safe working here. I promise.,dlg_day0_notion_bar_39,\N,\N,wait,,script/bar/day0,script_bar_day0_scenes_0_steps_47,script_bar_day0_scenes_0,steps,47,migration_steps_c086580ba4,,\N
,49,say,luna,default,"알겠습니다. 한 가지 궁금한 게 있는데, 왜 가게에 재료가 이것밖에 없는 거죠?",Understood. I have a question. Why are these the only ingredients we have?,dlg_day0_notion_bar_40,\N,\N,wait,,script/bar/day0,script_bar_day0_scenes_0_steps_48,script_bar_day0_scenes_0,steps,48,migration_steps_c086580ba4,,\N
,50,say,chris,default,말했잖아. 전에 사고가 터져서 반년 동안 영업을 못 했다고.,I told you. We could not open for two months after that incident.,dlg_day0_notion_bar_41,\N,\N,wait,,script/bar/day0,script_bar_day0_scenes_0_steps_49,script_bar_day0_scenes_0,steps,49,migration_steps_c086580ba4,,\N
,51,say,luna,default,무슨 사고였는지 듣지는 못했는데요.,You did not tell me what happened.,dlg_day0_notion_bar_42,\N,\N,wait,,script/bar/day0,script_bar_day0_scenes_0_steps_50,script_bar_day0_scenes_0,steps,50,migration_steps_c086580ba4,,\N
,52,say,chris,default,…갱들한테 휘말려서 한 사람이 죽었지. 이 동네에서는 흔한 일이야.,…Someone got caught up with the gangs and died. It happens all the time around here.,dlg_day0_notion_bar_43,\N,\N,wait,,script/bar/day0,script_bar_day0_scenes_0_steps_51,script_bar_day0_scenes_0,steps,51,migration_steps_c086580ba4,,\N
,53,say,chris,default,죽은 사람이 원래 이 바를 운영하던 영감이었던 게 문제지.,The problem was that he was the old man who ran this bar.,dlg_day0_notion_bar_44,\N,\N,wait,,script/bar/day0,script_bar_day0_scenes_0_steps_52,script_bar_day0_scenes_0,steps,52,migration_steps_c086580ba4,,\N
,54,say,luna,default,…혹시 지금은 제가 공감하거나… 위로의 말을 해야 하는 건가요?,…Am I supposed to show sympathy about that now… or offer you comfort?,dlg_day0_notion_bar_45,\N,\N,wait,,script/bar/day0,script_bar_day0_scenes_0_steps_53,script_bar_day0_scenes_0,steps,53,migration_steps_c086580ba4,,\N
,55,say,chris,default,"…아니, 그러지 않아도 돼.",…No. You do not have to.,dlg_day0_notion_bar_46,\N,\N,wait,,script/bar/day0,script_bar_day0_scenes_0_steps_54,script_bar_day0_scenes_0,steps,54,migration_steps_c086580ba4,,\N
,56,say,luna,default,아직 어려운 것 같네요.,It still seems difficult.,dlg_day0_notion_bar_47,\N,\N,wait,,script/bar/day0,script_bar_day0_scenes_0_steps_55,script_bar_day0_scenes_0,steps,55,migration_steps_c086580ba4,,\N
,57,say,chris,default,그런 것들도 차차 배워 가기로 했잖아. 조바심 낼 필요 없어.,We agreed you would learn those things gradually too. No need to rush.,dlg_day0_notion_bar_48,\N,\N,wait,,script/bar/day0,script_bar_day0_scenes_0_steps_56,script_bar_day0_scenes_0,steps,56,migration_steps_c086580ba4,,\N
,58,say,luna,default,과연 이 일을 하면서 제가 성장할 수 있을까요?,Can this job really help me grow?,dlg_day0_notion_bar_49,\N,\N,wait,,script/bar/day0,script_bar_day0_scenes_0_steps_57,script_bar_day0_scenes_0,steps,57,migration_steps_c086580ba4,,\N
,59,say,chris,default,난 그럴 수 있다고 생각해. 네가 온전히 이 일에 집중한다면.,I think so. If you give it your full attention.,dlg_day0_notion_bar_50,\N,\N,wait,,script/bar/day0,script_bar_day0_scenes_0_steps_58,script_bar_day0_scenes_0,steps,58,migration_steps_c086580ba4,,\N
,60,say,luna,default,…,…,dlg_day0_notion_bar_51,\N,\N,wait,,script/bar/day0,script_bar_day0_scenes_0_steps_59,script_bar_day0_scenes_0,steps,59,migration_steps_c086580ba4,,\N
,61,say,chris,default,왜?,What is it?,dlg_day0_notion_bar_52,\N,\N,wait,,script/bar/day0,script_bar_day0_scenes_0_steps_60,script_bar_day0_scenes_0,steps,60,migration_steps_c086580ba4,,\N
,62,say,luna,default,…일하기로 한 것이 잘못된 선택이 아닐까 생각 중입니다.,…I am wondering whether deciding to work here was a mistake.,dlg_day0_notion_bar_53,\N,\N,wait,,script/bar/day0,script_bar_day0_scenes_0_steps_61,script_bar_day0_scenes_0,steps,61,migration_steps_c086580ba4,,\N
,63,say,chris,default,후회할지는 며칠 더 일해 보고 판단해.,Work a few days before you decide to regret it.,dlg_day0_notion_bar_54,\N,\N,wait,,script/bar/day0,script_bar_day0_scenes_0_steps_62,script_bar_day0_scenes_0,steps,62,migration_steps_c086580ba4,,\N
,64,say,luna,default,알았습니다.,Understood.,dlg_day0_notion_bar_55,\N,\N,wait,,script/bar/day0,script_bar_day0_scenes_0_steps_63,script_bar_day0_scenes_0,steps,63,migration_steps_c086580ba4,,\N
,65,enter,port,L,,,\N,\N,\N,wait,,script/bar/day0,script_bar_day0_scenes_0_steps_64,script_bar_day0_scenes_0,steps,64,migration_steps_3b98d21457,\N,\N
,66,say,port,default,여어-,Hey there—,dlg_day0_notion_bar_57,\N,\N,wait,,script/bar/day0,script_bar_day0_scenes_0_steps_65,script_bar_day0_scenes_0,steps,65,migration_steps_c086580ba4,,\N
,67,say,port,default,웬일로 불이 켜져 있길래 와 봤는데. 다시 영업하는 거야?,"Saw the lights on for once, so I came by. Are you opening again?",dlg_day0_notion_bar_58,\N,\N,wait,,script/bar/day0,script_bar_day0_scenes_0_steps_66,script_bar_day0_scenes_0,steps,66,migration_steps_c086580ba4,,\N
,68,say,chris,default,그래. 주변도 잠잠해졌으니 슬슬 다시 시작해 봐야지.,Yeah. Things have quieted down around here. Time to give it another go.,dlg_day0_notion_bar_59,\N,\N,wait,,script/bar/day0,script_bar_day0_scenes_0_steps_67,script_bar_day0_scenes_0,steps,67,migration_steps_c086580ba4,,\N
,69,say,port,default,"뭐, 나야 퇴근하고 술 한 잔할 수 있어서 좋지.
저 예쁘장한 아가씨를 부려 먹을 생각은 아니겠지?","Well, I am happy to have somewhere to drink after work.
You are not planning to work that pretty young lady to the bone, are you?",dlg_day0_notion_bar_60,\N,\N,wait,,script/bar/day0,script_bar_day0_scenes_0_steps_68,script_bar_day0_scenes_0,steps,68,migration_steps_c086580ba4,,\N
,70,say,chris,default,그럴 리가.,Of course not.,dlg_day0_notion_bar_61,\N,\N,wait,,script/bar/day0,script_bar_day0_scenes_0_steps_69,script_bar_day0_scenes_0,steps,69,migration_steps_c086580ba4,,\N
,71,say,luna,default,만나서 반갑습니다.,It is nice to meet you.,dlg_day0_notion_bar_62,\N,\N,wait,,script/bar/day0,script_bar_day0_scenes_0_steps_70,script_bar_day0_scenes_0,steps,70,migration_steps_c086580ba4,,\N
,72,say,port,default,"그래, 나도 반가워, 아가씨. 여전히 딱딱한 말투구만.
이 동네는 좀 지낼 만한 것 같아?","Good to see you too, young lady. Still as formal as ever.
How are you finding the neighborhood?",dlg_day0_notion_bar_63,\N,\N,wait,,script/bar/day0,script_bar_day0_scenes_0_steps_71,script_bar_day0_scenes_0,steps,71,migration_steps_c086580ba4,,\N
,73,say,luna,default,이 건물 밖으로 나가 본 적이 없어서 잘 모르겠습니다.,"I have not been outside this building, so I am not sure.",dlg_day0_notion_bar_64,\N,\N,wait,,script/bar/day0,script_bar_day0_scenes_0_steps_72,script_bar_day0_scenes_0,steps,72,migration_steps_c086580ba4,,\N
,74,say,port,default,그렇구만. 일 배우는 건 할 만하고?,I see. Getting the hang of the work?,dlg_day0_notion_bar_65,\N,\N,wait,,script/bar/day0,script_bar_day0_scenes_0_steps_73,script_bar_day0_scenes_0,steps,73,migration_steps_c086580ba4,,\N
,75,say,luna,default,아직 배운 게 많지 않아서 잘 모르겠습니다.,"I have not learned much yet, so I am not sure.",dlg_day0_notion_bar_66,\N,\N,wait,,script/bar/day0,script_bar_day0_scenes_0_steps_74,script_bar_day0_scenes_0,steps,74,migration_steps_c086580ba4,,\N
,76,say,port,default,"음. 크리스, 이 아가씨 술은 만들 줄 아는 거지?","Hmm. Chris, she can make drinks, right?",dlg_day0_notion_bar_67,\N,\N,wait,,script/bar/day0,script_bar_day0_scenes_0_steps_75,script_bar_day0_scenes_0,steps,75,migration_steps_c086580ba4,,\N
,77,say,chris,default,"몇 가지 정도는. 근데 재료가 별로 없어.
지금은 진토닉이랑 진 피즈만 가능해.","A few. We do not have many ingredients, though.
Right now, it is just Gin & Tonic and Gin Fizz.",dlg_day0_notion_bar_68,\N,\N,wait,,script/bar/day0,script_bar_day0_scenes_0_steps_76,script_bar_day0_scenes_0,steps,76,migration_steps_c086580ba4,,\N
,78,say,port,default,"…이 상태로 어떻게 영업하겠다는 건지는 모르겠지만,
그러면 진 피즈로 한 잔 부탁할게, 아가씨.","…Not sure how you expect to run a bar like that,
but I will have a Gin Fizz, young lady.",dlg_day0_notion_bar_69,\N,\N,wait,,script/bar/day0,script_bar_day0_scenes_0_steps_77,script_bar_day0_scenes_0,steps,77,migration_steps_c086580ba4,,\N
,79,effect,port,\N,,,\N,\N,\N,wait,,script/bar/day0,script_bar_day0_scenes_0_steps_78,script_bar_day0_scenes_0,steps,78,migration_steps_f8e3b89266,\N,\N
,80,order,port,exact:gin_fizz,,,\N,\N,\N,wait,,script/bar/day0,script_bar_day0_scenes_0_steps_79,script_bar_day0_scenes_0,steps,79,migration_steps_3b98d21457,\N,\N
,81,say,luna,default,주문받았습니다.,Order received.,dlg_day0_notion_bar_71,\N,\N,wait,,script/bar/day0,script_bar_day0_scenes_0_steps_80,script_bar_day0_scenes_0,steps,80,migration_steps_c086580ba4,,\N
,82,craft,port,order,,,\N,\N,\N,wait,,script/bar/day0,script_bar_day0_scenes_0_steps_81,script_bar_day0_scenes_0,steps,81,migration_steps_3b98d21457,\N,\N
,83,serve,port,\N,,,\N,\N,\N,wait,,script/bar/day0,script_bar_day0_scenes_0_steps_82,script_bar_day0_scenes_0,steps,82,migration_steps_f8e3b89266,\N,\N
,84,say,luna,default,주문하신 진 피즈입니다.,Here is your Gin Fizz.,dlg_day0_notion_bar_75,order_match,\N,wait,,script/bar/day0,script_bar_day0_scenes_0_steps_83,script_bar_day0_scenes_0,steps,83,migration_steps_4200790829,,\N
,85,say,luna,default,어떠세요?,How is it?,dlg_day0_notion_bar_77,order_match,\N,wait,,script/bar/day0,script_bar_day0_scenes_0_steps_84,script_bar_day0_scenes_0,steps,84,migration_steps_4200790829,,\N
,86,say,port,default,크… 나쁘지 않네. 그래도 쓰던 재료는 똑같나 보구만.,Ahh… Not bad. At least you are still using the same ingredients.,dlg_day0_notion_bar_78,order_match,\N,wait,,script/bar/day0,script_bar_day0_scenes_0_steps_85,script_bar_day0_scenes_0,steps,85,migration_steps_4200790829,,\N
,87,say,port,default,음? 아가씨. 내가 부탁한 건 진 피즈였는데.,"Hmm? Young lady, I asked for a Gin Fizz.",dlg_day0_notion_bar_80,!order_match,\N,wait,,script/bar/day0,script_bar_day0_scenes_0_steps_86,script_bar_day0_scenes_0,steps,86,migration_steps_4200790829,,\N
,88,say,luna,default,주문과 다르게 만들었네요. 확인할게요.,I made something different from your order. I will check it.,dlg_day0_notion_bar_81,!order_match,\N,wait,,script/bar/day0,script_bar_day0_scenes_0_steps_87,script_bar_day0_scenes_0,steps,87,migration_steps_4200790829,,\N
,89,say,chris,default,결과를 보고 어디서 달라졌는지부터 찾아봐.,Look at the results and find where you went wrong first.,dlg_day0_notion_bar_82,!order_match,\N,wait,,script/bar/day0,script_bar_day0_scenes_0_steps_88,script_bar_day0_scenes_0,steps,88,migration_steps_4200790829,,\N
,90,say,port,default,"루나, 진 피즈에 대해서 알고 있나?",Luna. Do you know about the Gin Fizz?,dlg_day0_notion_bar_85,\N,\N,wait,,script/bar/day0,script_bar_day0_scenes_0_steps_89,script_bar_day0_scenes_0,steps,89,migration_steps_c086580ba4,,\N
,91,say,luna,default,진을 베이스로 하는 칵테일 아닙니까?,Is it not a gin-based cocktail?,dlg_day0_notion_bar_86,\N,\N,wait,,script/bar/day0,script_bar_day0_scenes_0_steps_90,script_bar_day0_scenes_0,steps,90,migration_steps_c086580ba4,,\N
,92,say,port,default,"아니, 아니. 그것만 알고 칵테일을 만든다면 바텐더에 대한 모욕이라고.","No, no. Making cocktails with that kind of attitude is an insult to bartending.",dlg_day0_notion_bar_87,\N,\N,wait,,script/bar/day0,script_bar_day0_scenes_0_steps_91,script_bar_day0_scenes_0,steps,91,migration_steps_c086580ba4,,\N
,93,say,port,default,"칵테일에 담긴 이야기, 그 칵테일이 탄생한 배경, 그런 역사도 알아야…","The stories behind cocktails, why they were invented, all that history…",dlg_day0_notion_bar_88,\N,\N,wait,,script/bar/day0,script_bar_day0_scenes_0_steps_92,script_bar_day0_scenes_0,steps,92,migration_steps_c086580ba4,,\N
,94,say,chris,default,또 시작이군. 거기까지만 말해.,Here we go again. That is enough.,dlg_day0_notion_bar_89,\N,\N,wait,,script/bar/day0,script_bar_day0_scenes_0_steps_93,script_bar_day0_scenes_0,steps,93,migration_steps_c086580ba4,,\N
,95,say,port,default,…너도 이런 것들이 중요하다는 걸 알지 않나.,…You know how important these things are too.,dlg_day0_notion_bar_90,\N,\N,wait,,script/bar/day0,script_bar_day0_scenes_0_steps_94,script_bar_day0_scenes_0,steps,94,migration_steps_c086580ba4,,\N
,96,say,chris,default,"오늘은 정식 영업이 아니라 일부터 가르쳐 보려는 거야.
그런 건 나중에 알려 주라고.","We are not open today. We just came down to test things out.
You can teach her all that later.",dlg_day0_notion_bar_91,\N,\N,wait,,script/bar/day0,script_bar_day0_scenes_0_steps_95,script_bar_day0_scenes_0,steps,95,migration_steps_c086580ba4,,\N
,97,say,luna,default,그런 걸 알면 저한테 도움이 될까요?,Do you think it would help me?,dlg_day0_notion_bar_92,\N,\N,wait,,script/bar/day0,script_bar_day0_scenes_0_steps_96,script_bar_day0_scenes_0,steps,96,migration_steps_c086580ba4,,\N
,98,say,port,default,"이런 것도 모르고 일하면 반푼이지!
제대로 된 바텐더라 할 수 없어.","Without knowing those things, you are only halfway there!
You cannot call yourself a proper bartender.",dlg_day0_notion_bar_93,\N,\N,wait,,script/bar/day0,script_bar_day0_scenes_0_steps_97,script_bar_day0_scenes_0,steps,97,migration_steps_c086580ba4,,\N
,99,say,port,default,그래도… 시간은 많으니 나중에 말해 주도록 하지.,Still… we have plenty of time. I will tell you later.,dlg_day0_notion_bar_94,\N,\N,wait,,script/bar/day0,script_bar_day0_scenes_0_steps_98,script_bar_day0_scenes_0,steps,98,migration_steps_c086580ba4,,\N
,100,say,luna,default,알겠습니다.,Understood.,dlg_day0_notion_bar_95,\N,\N,wait,,script/bar/day0,script_bar_day0_scenes_0_steps_99,script_bar_day0_scenes_0,steps,99,migration_steps_c086580ba4,,\N
,101,say,port,default,"그래서, 이제 독립하기로 했다면서? 잠은 어디서 자려고?","So, now that you have decided to live on your own, where will you sleep?",dlg_day0_notion_bar_96,\N,\N,wait,,script/bar/day0,script_bar_day0_scenes_0_steps_100,script_bar_day0_scenes_0,steps,100,migration_steps_c086580ba4,,\N
,102,say,chris,default,당분간은 내 집에서 지내게 할 생각이다.,I think she should stay at my place for the time being.,dlg_day0_notion_bar_97,\N,\N,wait,,script/bar/day0,script_bar_day0_scenes_0_steps_101,script_bar_day0_scenes_0,steps,101,migration_steps_c086580ba4,,\N
,103,say,port,default,"하, 너네 집에 잘 곳이 어디 있다고. 따로 내줄 방도 없는 데다 홀아비 냄새까지 풀풀 나는 집에 살면서.","Ha! Where would she sleep in your place? Not a separate bedroom in sight, and the whole place reeks of lonely bachelor.",dlg_day0_notion_bar_98,\N,\N,wait,,script/bar/day0,script_bar_day0_scenes_0_steps_102,script_bar_day0_scenes_0,steps,102,migration_steps_c086580ba4,,\N
,104,say,chris,default,‘당분간’이라고 말했을 텐데.,"I said, “for the time being.”",dlg_day0_notion_bar_99,\N,\N,wait,,script/bar/day0,script_bar_day0_scenes_0_steps_103,script_bar_day0_scenes_0,steps,103,migration_steps_c086580ba4,,\N
,105,say,chris,default,그렇게 좁은 편도 아니야. 거실에서 재우면 되지.,It is not that cramped. She can sleep in the living room.,dlg_day0_notion_bar_100,\N,\N,wait,,script/bar/day0,script_bar_day0_scenes_0_steps_104,script_bar_day0_scenes_0,steps,104,migration_steps_c086580ba4,,\N
,106,say,port,default,"그래, 이 주변 집들보단 네가 사는 빌딩이 낫겠네.
루나만 괜찮다면야.","Well, that building is better than the places around here.
As long as Luna is okay with it.",dlg_day0_notion_bar_101,\N,\N,wait,,script/bar/day0,script_bar_day0_scenes_0_steps_105,script_bar_day0_scenes_0,steps,105,migration_steps_c086580ba4,,\N
,107,say,chris,default,…,…,dlg_day0_notion_bar_102,\N,\N,wait,,script/bar/day0,script_bar_day0_scenes_0_steps_106,script_bar_day0_scenes_0,steps,106,migration_steps_c086580ba4,,\N
,108,say,luna,default,"잠은 자야 하지만, 수면 공간에 크게 영향을 받지는 않아요.","I need sleep, but the sleeping environment does not affect me much.",dlg_day0_notion_bar_103,\N,\N,wait,,script/bar/day0,script_bar_day0_scenes_0_steps_107,script_bar_day0_scenes_0,steps,107,migration_steps_c086580ba4,,\N
,109,say,port,default,"아, 그래. 그랬지. 신기하단 말이야.","Oh, right. That is fascinating, you know.",dlg_day0_notion_bar_104,\N,\N,wait,,script/bar/day0,script_bar_day0_scenes_0_steps_108,script_bar_day0_scenes_0,steps,108,migration_steps_c086580ba4,,\N
,110,say,port,default,"어디서 어떻게 만들었는지는 몰라도,
이렇게 사람과 똑같이 살 수 있다니.","No idea where or how they made you,
but to think you can live just like a person.",dlg_day0_notion_bar_105,\N,\N,wait,,script/bar/day0,script_bar_day0_scenes_0_steps_109,script_bar_day0_scenes_0,steps,109,migration_steps_c086580ba4,,\N
,111,say,chris,default,"영감. 전에도 말했지만, 그 이야기는 조심해.","Old man. Like I told you, be careful talking about that.",dlg_day0_notion_bar_106,\N,\N,wait,,script/bar/day0,script_bar_day0_scenes_0_steps_110,script_bar_day0_scenes_0,steps,110,migration_steps_c086580ba4,,\N
,112,say,port,default,"어차피 이 동네엔 말 못 할 사연 있는 놈들뿐인데,
그런 놈 하나 더 늘어난다고 누가 신경이나 쓰겠어?","Everyone in this neighborhood has a story they cannot tell.
Who would care if there is one more?",dlg_day0_notion_bar_107,\N,\N,wait,,script/bar/day0,script_bar_day0_scenes_0_steps_111,script_bar_day0_scenes_0,steps,111,migration_steps_c086580ba4,,\N
,113,say,chris,default,포트.,Port.,dlg_day0_notion_bar_108,\N,\N,wait,,script/bar/day0,script_bar_day0_scenes_0_steps_112,script_bar_day0_scenes_0,steps,112,migration_steps_c086580ba4,,\N
,114,say,port,default,"알았어, 알았다고. 그래도 여기엔 너랑 루나밖에 없는데 무슨 상관이야.","All right, all right. But it is just you and Luna here. What does it matter?",dlg_day0_notion_bar_109,\N,\N,wait,,script/bar/day0,script_bar_day0_scenes_0_steps_113,script_bar_day0_scenes_0,steps,113,migration_steps_c086580ba4,,\N
,115,say,chris,default,조심해서 나쁠 건 없지.,It never hurts to be careful.,dlg_day0_notion_bar_110,\N,\N,wait,,script/bar/day0,script_bar_day0_scenes_0_steps_114,script_bar_day0_scenes_0,steps,114,migration_steps_c086580ba4,,\N
,116,say,port,default,하여간 겁만 많아서.,Always scared of everything.,dlg_day0_notion_bar_111,\N,\N,wait,,script/bar/day0,script_bar_day0_scenes_0_steps_115,script_bar_day0_scenes_0,steps,115,migration_steps_c086580ba4,,\N
,117,say,luna,default,그래도 덕분에 여기서 살 방법은 찾은 것 같네요.,"Still, thanks to you, I seem to have found a way to live here.",dlg_day0_notion_bar_112,\N,\N,wait,,script/bar/day0,script_bar_day0_scenes_0_steps_116,script_bar_day0_scenes_0,steps,116,migration_steps_c086580ba4,,\N
,118,say,port,default,"내가 사람 보는 눈은 있는데 말이야. 루나, 너는 크게 될 놈이야.","I have an eye for people, Luna. You are going to go far.",dlg_day0_notion_bar_113,\N,\N,wait,,script/bar/day0,script_bar_day0_scenes_0_steps_117,script_bar_day0_scenes_0,steps,117,migration_steps_c086580ba4,,\N
,119,say,port,default,반면 저 크리스라는 음침한 놈은 아주 인생의 밑바닥을 찍을 놈이지.,"That gloomy fellow Chris, on the other hand, is headed straight for rock bottom.",dlg_day0_notion_bar_113_continued,\N,\N,wait,,script/bar/day0,script_bar_day0_scenes_0_steps_118,script_bar_day0_scenes_0,steps,118,migration_steps_c086580ba4,,\N
,120,say,chris,default,…이제 다 마신 것 같은데. 슬슬 일어나시지?,"…Looks like you have finished your drink. About time you got going, is it not?",dlg_day0_notion_bar_114,\N,\N,wait,,script/bar/day0,script_bar_day0_scenes_0_steps_119,script_bar_day0_scenes_0,steps,119,migration_steps_c086580ba4,,\N
,121,say,port,default,"하, 이젠 손님까지 내쫓으려고 하네.",Ha! Now you are even throwing out your customers.,dlg_day0_notion_bar_115,\N,\N,wait,,script/bar/day0,script_bar_day0_scenes_0_steps_120,script_bar_day0_scenes_0,steps,120,migration_steps_c086580ba4,,\N
,122,say,chris,default,"루나, 먼저 내 집으로 가서 쉬고 있어.","Luna, go ahead to my place and get some rest.",dlg_day0_notion_bar_116,\N,\N,wait,,script/bar/day0,script_bar_day0_scenes_0_steps_121,script_bar_day0_scenes_0,steps,121,migration_steps_c086580ba4,,\N
,123,say,chris,default,"이 노친네도 돌려보내고, 금방 정리해서 갈 테니.","I will tidy up and follow soon. That includes dealing with this old fool, of course.",dlg_day0_notion_bar_117,\N,\N,wait,,script/bar/day0,script_bar_day0_scenes_0_steps_122,script_bar_day0_scenes_0,steps,122,migration_steps_c086580ba4,,\N
,124,say,luna,default,"네, 알겠습니다.","Yes, understood.",dlg_day0_notion_bar_118,\N,\N,wait,,script/bar/day0,script_bar_day0_scenes_0_steps_123,script_bar_day0_scenes_0,steps,123,migration_steps_c086580ba4,,\N
,125,say,port,default,"하, 이놈이 연장자한테 못하는 말이 없군.","Ha! Nothing you will not say to your elders, is there?",dlg_day0_notion_bar_119,\N,\N,wait,,script/bar/day0,script_bar_day0_scenes_0_steps_124,script_bar_day0_scenes_0,steps,124,migration_steps_c086580ba4,,\N
,126,say,chris,default,지금 보내 준 위치 안내를 따라 빌딩으로 가면 돼. 1803호야.,Follow the directions I just sent you to the building. Apartment 1803.,dlg_day0_notion_bar_120,\N,\N,wait,,script/bar/day0,script_bar_day0_scenes_0_steps_125,script_bar_day0_scenes_0,steps,125,migration_steps_c086580ba4,,\N
,127,say,port,default,"잘 가라고, 아가씨.","Take care, young lady.",dlg_day0_notion_bar_121,\N,\N,wait,,script/bar/day0,script_bar_day0_scenes_0_steps_126,script_bar_day0_scenes_0,steps,126,migration_steps_c086580ba4,,\N
,128,say,luna,default,네. 그럼 먼저 갈게요.,"All right. I will be going, then.",dlg_day0_notion_bar_122,\N,\N,wait,,script/bar/day0,script_bar_day0_scenes_0_steps_127,script_bar_day0_scenes_0,steps,127,migration_steps_c086580ba4,,\N
,129,end_part,luna,\N,,,\N,\N,\N,wait,,script/bar/day0,script_bar_day0_scenes_0_steps_128,script_bar_day0_scenes_0,steps,128,migration_steps_f8e3b89266,\N,\N
,1,enter,chris,R,,,\N,\N,\N,wait,,script/bar/day1,script_bar_day1_scenes_0_steps_0,script_bar_day1_scenes_0,steps,0,migration_steps_3b98d21457,\N,\N
,2,say,chris,default,잘할 수 있지?,잘할 수 있지?,campaign_d1_bar_open_1,\N,\N,wait,,script/bar/day1,script_bar_day1_scenes_0_steps_1,script_bar_day1_scenes_0,steps,1,migration_steps_c086580ba4,,\N
,3,say,luna,default,가능한 선에서요.,가능한 선에서요.,campaign_d1_bar_open_2,\N,\N,wait,,script/bar/day1,script_bar_day1_scenes_0_steps_2,script_bar_day1_scenes_0,steps,2,migration_steps_c086580ba4,,\N
,4,say,chris,default,그래. 오늘 거래처에서 새로 받아 온 재료도 있으니까 잘 확인해 봐.,그래. 오늘 거래처에서 새로 받아 온 재료도 있으니까 잘 확인해 봐.,campaign_d1_bar_open_3,\N,\N,wait,,script/bar/day1,script_bar_day1_scenes_0_steps_3,script_bar_day1_scenes_0,steps,3,migration_steps_c086580ba4,,\N
,5,say,luna,default,생각했던 것만큼 선반이 가득 차진 않았네요.,생각했던 것만큼 선반이 가득 차진 않았네요.,campaign_d1_bar_open_4,\N,\N,wait,,script/bar/day1,script_bar_day1_scenes_0_steps_4,script_bar_day1_scenes_0,steps,4,migration_steps_c086580ba4,,\N
,6,say,chris,default,가득 차려면 좀 멀었지. 그나마 있는 것들도 대부분 빈 병이고.,가득 차려면 좀 멀었지. 그나마 있는 것들도 대부분 빈 병이고.,campaign_d1_bar_open_5,\N,\N,wait,,script/bar/day1,script_bar_day1_scenes_0_steps_5,script_bar_day1_scenes_0,steps,5,migration_steps_c086580ba4,,\N
,7,say,chris,default,요즘 이런 재료를 취급하는 곳도 별로 없어서 구하기도 힘들어.,요즘 이런 재료를 취급하는 곳도 별로 없어서 구하기도 힘들어.,campaign_d1_bar_open_6,\N,\N,wait,,script/bar/day1,script_bar_day1_scenes_0_steps_6,script_bar_day1_scenes_0,steps,6,migration_steps_c086580ba4,,\N
,8,say,chris,default,아무튼 새로 구한 재료랑 그걸로 만들 수 있는 칵테일 레시피는 디스플레이에 추가해 뒀으니까 확인해 봐.,아무튼 새로 구한 재료랑 그걸로 만들 수 있는 칵테일 레시피는 디스플레이에 추가해 뒀으니까 확인해 봐.,campaign_d1_bar_open_7,\N,\N,wait,,script/bar/day1,script_bar_day1_scenes_0_steps_7,script_bar_day1_scenes_0,steps,7,migration_steps_c086580ba4,,\N
,9,say,luna,default,알겠어요.,알겠어요.,campaign_d1_bar_open_8,\N,\N,wait,,script/bar/day1,script_bar_day1_scenes_0_steps_8,script_bar_day1_scenes_0,steps,8,migration_steps_c086580ba4,,\N
,10,say,chris,default,"어제 재료가 없어서 못 알려 준 게 있는데, 맥주 한 잔 만들어 봐. 짧게 알려 줄게.","어제 재료가 없어서 못 알려 준 게 있는데, 맥주 한 잔 만들어 봐. 짧게 알려 줄게.",campaign_d1_bar_open_9,\N,\N,wait,,script/bar/day1,script_bar_day1_scenes_0_steps_9,script_bar_day1_scenes_0,steps,9,migration_steps_c086580ba4,,\N
,11,say,luna,default,그냥 맥주가 드시고 싶으신 거 아닌가요?,그냥 맥주가 드시고 싶으신 거 아닌가요?,campaign_d1_bar_open_10,\N,\N,wait,,script/bar/day1,script_bar_day1_scenes_0_steps_10,script_bar_day1_scenes_0,steps,10,migration_steps_c086580ba4,,\N
,12,say,chris,default,…만들기나 해.,…만들기나 해.,campaign_d1_bar_open_11,\N,\N,wait,,script/bar/day1,script_bar_day1_scenes_0_steps_11,script_bar_day1_scenes_0,steps,11,migration_steps_c086580ba4,,\N
,13,say,luna,default,(맥주 한 잔…),(맥주 한 잔…),campaign_d1_bar_open_12,\N,\N,wait,,script/bar/day1,script_bar_day1_scenes_0_steps_12,script_bar_day1_scenes_0,steps,12,migration_steps_c086580ba4,,\N
,14,order,chris,exact:bottle_beer,,,\N,\N,\N,wait,,script/bar/day1,script_bar_day1_scenes_0_steps_13,script_bar_day1_scenes_0,steps,13,migration_steps_1d9b6b048a,\N,none
,15,craft,chris,tutorial:bottle_beer,,,\N,\N,\N,wait,,script/bar/day1,script_bar_day1_scenes_0_steps_14,script_bar_day1_scenes_0,steps,14,migration_steps_3b98d21457,\N,\N
,16,serve,chris,\N,,,\N,\N,\N,wait,,script/bar/day1,script_bar_day1_scenes_0_steps_15,script_bar_day1_scenes_0,steps,15,migration_steps_f8e3b89266,\N,\N
,17,say,chris,default,음… 좋아. 잘했어.,음… 좋아. 잘했어.,campaign_d1_bar_open_16,\N,\N,wait,,script/bar/day1,script_bar_day1_scenes_0_steps_16,script_bar_day1_scenes_0,steps,16,migration_steps_c086580ba4,,\N
,18,say,luna,default,(그냥 맥주가 마시고 싶었던 것 같은데.),(그냥 맥주가 마시고 싶었던 것 같은데.),campaign_d1_bar_open_17,\N,\N,wait,,script/bar/day1,script_bar_day1_scenes_0_steps_17,script_bar_day1_scenes_0,steps,17,migration_steps_c086580ba4,,\N
,19,say,chris,default,…뭘 그렇게 봐?,…뭘 그렇게 봐?,campaign_d1_bar_open_18,\N,\N,wait,,script/bar/day1,script_bar_day1_scenes_0_steps_18,script_bar_day1_scenes_0,steps,18,migration_steps_c086580ba4,,\N
,20,say,luna,default,"뚜껑 따고 따르면 되는데, 따로 배울 필요가 있었나요?","뚜껑 따고 따르면 되는데, 따로 배울 필요가 있었나요?",campaign_d1_bar_open_19,\N,\N,wait,,script/bar/day1,script_bar_day1_scenes_0_steps_19,script_bar_day1_scenes_0,steps,19,migration_steps_c086580ba4,,\N
,21,say,chris,default,간단해도 도구 쓰는 법은 익혀 둬야지. 자주 나가는 술이니까.,간단해도 도구 쓰는 법은 익혀 둬야지. 자주 나가는 술이니까.,campaign_d1_bar_open_20,\N,\N,wait,,script/bar/day1,script_bar_day1_scenes_0_steps_20,script_bar_day1_scenes_0,steps,20,migration_steps_c086580ba4,,\N
,22,say,chris,default,우리 가게에 오는 손님들이 대부분 맥주나 샴페인처럼 익숙한 걸 주문하니까 말이지.,우리 가게에 오는 손님들이 대부분 맥주나 샴페인처럼 익숙한 걸 주문하니까 말이지.,campaign_d1_bar_open_21,\N,\N,wait,,script/bar/day1,script_bar_day1_scenes_0_steps_21,script_bar_day1_scenes_0,steps,21,migration_steps_c086580ba4,,\N
,23,say,luna,default,왜 그런 것들만 주문하나요?,왜 그런 것들만 주문하나요?,campaign_d1_bar_open_22,\N,\N,wait,,script/bar/day1,script_bar_day1_scenes_0_steps_22,script_bar_day1_scenes_0,steps,22,migration_steps_c086580ba4,,\N
,24,say,chris,default,이 동네 사람들은 형편이 그리 좋지 않아. 그래서 보통 싸고 빠르게 취할 수 있는 걸 찾는 경우가 많지.,이 동네 사람들은 형편이 그리 좋지 않아. 그래서 보통 싸고 빠르게 취할 수 있는 걸 찾는 경우가 많지.,campaign_d1_bar_open_23,\N,\N,wait,,script/bar/day1,script_bar_day1_scenes_0_steps_23,script_bar_day1_scenes_0,steps,23,migration_steps_c086580ba4,,\N
,25,say,chris,default,주변 술집들도 대부분 맥주나 공장에서 만든 병 칵테일만 팔아. 그러니 다른 걸 마셔 볼 기회도 별로 없고.,주변 술집들도 대부분 맥주나 공장에서 만든 병 칵테일만 팔아. 그러니 다른 걸 마셔 볼 기회도 별로 없고.,campaign_d1_bar_open_24,\N,\N,wait,,script/bar/day1,script_bar_day1_scenes_0_steps_24,script_bar_day1_scenes_0,steps,24,migration_steps_c086580ba4,,\N
,26,say,luna,default,익숙한 걸 고르는 거군요. 저도 술을 이렇게 다양하게 즐길 수 있다는 건 여기 와서 처음 알았어요.,익숙한 걸 고르는 거군요. 저도 술을 이렇게 다양하게 즐길 수 있다는 건 여기 와서 처음 알았어요.,campaign_d1_bar_open_25,\N,\N,wait,,script/bar/day1,script_bar_day1_scenes_0_steps_25,script_bar_day1_scenes_0,steps,25,migration_steps_c086580ba4,,\N
,27,say,chris,default,"그렇지. 그렇다고 새로운 걸 알려 주겠답시고 다른 술을 권하면, 싫어하는 사람도 있어.","그렇지. 그렇다고 새로운 걸 알려 주겠답시고 다른 술을 권하면, 싫어하는 사람도 있어.",campaign_d1_bar_open_26,\N,\N,wait,,script/bar/day1,script_bar_day1_scenes_0_steps_26,script_bar_day1_scenes_0,steps,26,migration_steps_c086580ba4,,\N
,28,say,luna,default,들을수록 까다로운 일인 것 같은데요.,들을수록 까다로운 일인 것 같은데요.,campaign_d1_bar_open_27,\N,\N,wait,,script/bar/day1,script_bar_day1_scenes_0_steps_27,script_bar_day1_scenes_0,steps,27,migration_steps_c086580ba4,,\N
,29,say,chris,default,일단 해 봐. 걱정 같은 건 그런 일이 생겼을 때 생각하고.,일단 해 봐. 걱정 같은 건 그런 일이 생겼을 때 생각하고.,campaign_d1_bar_open_28,\N,\N,wait,,script/bar/day1,script_bar_day1_scenes_0_steps_28,script_bar_day1_scenes_0,steps,28,migration_steps_c086580ba4,,\N
,30,say,luna,default,알겠어요.,알겠어요.,campaign_d1_bar_open_29,\N,\N,wait,,script/bar/day1,script_bar_day1_scenes_0_steps_29,script_bar_day1_scenes_0,steps,29,migration_steps_c086580ba4,,\N
,31,say,chris,default,좋아. 그럼 부탁할게.,좋아. 그럼 부탁할게.,campaign_d1_bar_open_30,\N,\N,wait,,script/bar/day1,script_bar_day1_scenes_0_steps_30,script_bar_day1_scenes_0,steps,30,migration_steps_c086580ba4,,\N
,32,say,luna,default,(시작해 보자.),(시작해 보자.),campaign_d1_bar_open_31,\N,\N,wait,,script/bar/day1,script_bar_day1_scenes_0_steps_31,script_bar_day1_scenes_0,steps,31,migration_steps_c086580ba4,,\N
,1,enter,chris,R,,,\N,\N,\N,wait,,script/bar/day1,script_bar_day1_scenes_1_steps_0,script_bar_day1_scenes_1,steps,0,migration_steps_3b98d21457,\N,\N
,2,effect,chris,\N,,,\N,\N,\N,wait,,script/bar/day1,script_bar_day1_scenes_1_steps_1,script_bar_day1_scenes_1,steps,1,migration_steps_f8e3b89266,\N,\N
,3,say,chris,default,"어때, 할 만한 것 같아?","어때, 할 만한 것 같아?",campaign_d1_bar_2,\N,\N,wait,,script/bar/day1,script_bar_day1_scenes_1_steps_2,script_bar_day1_scenes_1,steps,2,migration_steps_c086580ba4,,\N
,4,say,luna,default,"제가 잘하고 있는 건지는 모르겠지만, 아직은 크게 어렵지 않은 것 같아요.","제가 잘하고 있는 건지는 모르겠지만, 아직은 크게 어렵지 않은 것 같아요.",campaign_d1_bar_3,\N,\N,wait,,script/bar/day1,script_bar_day1_scenes_1_steps_3,script_bar_day1_scenes_1,steps,3,migration_steps_c086580ba4,,\N
,5,say,chris,default,첫날치곤 잘하고 있다고 생각해.,첫날치곤 잘하고 있다고 생각해.,campaign_d1_bar_4,\N,\N,wait,,script/bar/day1,script_bar_day1_scenes_1_steps_4,script_bar_day1_scenes_1,steps,4,migration_steps_c086580ba4,,\N
,6,say,chris,default,조금만 더 있으면 교대니까 힘내 줘.,조금만 더 있으면 교대니까 힘내 줘.,campaign_d1_bar_5,\N,\N,wait,,script/bar/day1,script_bar_day1_scenes_1_steps_5,script_bar_day1_scenes_1,steps,5,migration_steps_c086580ba4,,\N
,7,say,luna,default,"네, 알겠어요.","네, 알겠어요.",campaign_d1_bar_6,\N,\N,wait,,script/bar/day1,script_bar_day1_scenes_1_steps_6,script_bar_day1_scenes_1,steps,6,migration_steps_c086580ba4,,\N
,8,exit,chris,\N,,,\N,\N,\N,wait,,script/bar/day1,script_bar_day1_scenes_1_steps_7,script_bar_day1_scenes_1,steps,7,migration_steps_f8e3b89266,\N,\N
,9,say,luna,default,(…생각보다 평범한데…),(…생각보다 평범한데…),campaign_d1_bar_8,\N,\N,wait,,script/bar/day1,script_bar_day1_scenes_1_steps_8,script_bar_day1_scenes_1,steps,8,migration_steps_c086580ba4,,\N
,10,enter,shiba,L,,,\N,\N,\N,wait,,script/bar/day1,script_bar_day1_scenes_1_steps_9,script_bar_day1_scenes_1,steps,9,migration_steps_3b98d21457,\N,\N
,11,effect,shiba,\N,,,\N,\N,\N,wait,,script/bar/day1,script_bar_day1_scenes_1_steps_10,script_bar_day1_scenes_1,steps,10,migration_steps_f8e3b89266,\N,\N
,12,say,luna,default,…?,…?,campaign_d1_bar_11,\N,\N,wait,,script/bar/day1,script_bar_day1_scenes_1_steps_11,script_bar_day1_scenes_1,steps,11,migration_steps_c086580ba4,,\N
,13,say,shiba,default,주문 안 받을 거야?,주문 안 받을 거야?,campaign_d1_bar_12,\N,\N,wait,,script/bar/day1,script_bar_day1_scenes_1_steps_12,script_bar_day1_scenes_1,steps,12,migration_steps_c086580ba4,,\N
,14,say,luna,default,손님인가요?,손님인가요?,campaign_d1_bar_13,\N,\N,wait,,script/bar/day1,script_bar_day1_scenes_1_steps_13,script_bar_day1_scenes_1,steps,13,migration_steps_c086580ba4,,\N
,15,say,shiba,default,보면 몰라?,보면 몰라?,campaign_d1_bar_14,\N,\N,wait,,script/bar/day1,script_bar_day1_scenes_1_steps_14,script_bar_day1_scenes_1,steps,14,migration_steps_c086580ba4,,\N
,16,say,luna,default,봐도 모르겠는데요.,봐도 모르겠는데요.,campaign_d1_bar_15,\N,\N,wait,,script/bar/day1,script_bar_day1_scenes_1_steps_15,script_bar_day1_scenes_1,steps,15,migration_steps_c086580ba4,,\N
,17,say,shiba,default,"됐고. 여기 맥주, 진짜 맥아로 만드는 거 맞나?","됐고. 여기 맥주, 진짜 맥아로 만드는 거 맞나?",campaign_d1_bar_16,\N,\N,wait,,script/bar/day1,script_bar_day1_scenes_1_steps_16,script_bar_day1_scenes_1,steps,16,migration_steps_c086580ba4,,\N
,18,say,luna,default,잘 모르겠는데요.,잘 모르겠는데요.,campaign_d1_bar_17,\N,\N,wait,,script/bar/day1,script_bar_day1_scenes_1_steps_17,script_bar_day1_scenes_1,steps,17,migration_steps_c086580ba4,,\N
,19,say,luna,default,보리를 발효시켜 만드는 술이라는 건 알고 있어요.,보리를 발효시켜 만드는 술이라는 건 알고 있어요.,campaign_d1_bar_18,\N,\N,wait,,script/bar/day1,script_bar_day1_scenes_1_steps_18,script_bar_day1_scenes_1,steps,18,migration_steps_c086580ba4,,\N
,20,say,shiba,default,하. 그건 옆집 뽀삐도 알고 있는 거고.,하. 그건 옆집 뽀삐도 알고 있는 거고.,campaign_d1_bar_19,\N,\N,wait,,script/bar/day1,script_bar_day1_scenes_1_steps_19,script_bar_day1_scenes_1,steps,19,migration_steps_c086580ba4,,\N
,21,say,shiba,default,자기가 파는 맥주가 어디서 어떻게 만들어지는지도 모르는군.,자기가 파는 맥주가 어디서 어떻게 만들어지는지도 모르는군.,campaign_d1_bar_20,\N,\N,wait,,script/bar/day1,script_bar_day1_scenes_1_steps_20,script_bar_day1_scenes_1,steps,20,migration_steps_c086580ba4,,\N
,22,say,luna,default,그런 걸 알고 있어야 하나요?,그런 걸 알고 있어야 하나요?,campaign_d1_bar_21,\N,\N,wait,,script/bar/day1,script_bar_day1_scenes_1_steps_21,script_bar_day1_scenes_1,steps,21,migration_steps_c086580ba4,,\N
,23,say,shiba,default,그 정도는 기본으로 알고 있어야지.,그 정도는 기본으로 알고 있어야지.,campaign_d1_bar_22,\N,\N,wait,,script/bar/day1,script_bar_day1_scenes_1_steps_22,script_bar_day1_scenes_1,steps,22,migration_steps_c086580ba4,,\N
,24,say,luna,default,지금 맥주를 드리는 데 필요한 정보는 아닌 것 같은데요.,지금 맥주를 드리는 데 필요한 정보는 아닌 것 같은데요.,campaign_d1_bar_23,\N,\N,wait,,script/bar/day1,script_bar_day1_scenes_1_steps_23,script_bar_day1_scenes_1,steps,23,migration_steps_c086580ba4,,\N
,25,say,shiba,default,아주 당당하구만. 그럼 한 잔 가져와 봐.,아주 당당하구만. 그럼 한 잔 가져와 봐.,campaign_d1_bar_24,\N,\N,wait,,script/bar/day1,script_bar_day1_scenes_1_steps_24,script_bar_day1_scenes_1,steps,24,migration_steps_c086580ba4,,\N
,26,say,luna,default,"네, 알겠습니다.","네, 알겠습니다.",campaign_d1_bar_25,\N,\N,wait,,script/bar/day1,script_bar_day1_scenes_1_steps_25,script_bar_day1_scenes_1,steps,25,migration_steps_c086580ba4,,\N
,27,say,luna,default,(이 개에게 맥주 한 잔…),(이 개에게 맥주 한 잔…),campaign_d1_bar_26,\N,\N,wait,,script/bar/day1,script_bar_day1_scenes_1_steps_26,script_bar_day1_scenes_1,steps,26,migration_steps_c086580ba4,,\N
,28,order,shiba,exact:bottle_beer,,,\N,\N,\N,wait,,script/bar/day1,script_bar_day1_scenes_1_steps_27,script_bar_day1_scenes_1,steps,27,migration_steps_3b98d21457,\N,\N
,29,craft,shiba,order,,,\N,\N,\N,wait,,script/bar/day1,script_bar_day1_scenes_1_steps_28,script_bar_day1_scenes_1,steps,28,migration_steps_3b98d21457,\N,\N
,30,serve,shiba,\N,,,\N,\N,\N,wait,,script/bar/day1,script_bar_day1_scenes_1_steps_29,script_bar_day1_scenes_1,steps,29,migration_steps_f8e3b89266,\N,\N
,31,say,shiba,default,"뭐야, 이 엿같은 건?!","뭐야, 이 엿같은 건?!",campaign_d1_bar_30,\N,\N,wait,,script/bar/day1,script_bar_day1_scenes_1_steps_30,script_bar_day1_scenes_1,steps,30,migration_steps_c086580ba4,,\N
,32,say,luna,default,주문하신 거요.,주문하신 거요.,campaign_d1_bar_31,\N,\N,wait,,script/bar/day1,script_bar_day1_scenes_1_steps_31,script_bar_day1_scenes_1,steps,31,migration_steps_c086580ba4,,\N
,33,say,shiba,default,맥주가 원래 이런 맛이라고?,맥주가 원래 이런 맛이라고?,campaign_d1_bar_32,\N,\N,wait,,script/bar/day1,script_bar_day1_scenes_1_steps_32,script_bar_day1_scenes_1,steps,32,migration_steps_c086580ba4,,\N
,34,say,luna,default,네. 그렇게 알고 있어요.,네. 그렇게 알고 있어요.,campaign_d1_bar_33,\N,\N,wait,,script/bar/day1,script_bar_day1_scenes_1_steps_33,script_bar_day1_scenes_1,steps,33,migration_steps_c086580ba4,,\N
,35,say,shiba,default,"하, 구라 치지 마. 완전 허탕쳤구만.","하, 구라 치지 마. 완전 허탕쳤구만.",campaign_d1_bar_34,\N,\N,wait,,script/bar/day1,script_bar_day1_scenes_1_steps_34,script_bar_day1_scenes_1,steps,34,migration_steps_c086580ba4,,\N
,36,exit,shiba,\N,,,\N,\N,\N,wait,,script/bar/day1,script_bar_day1_scenes_1_steps_35,script_bar_day1_scenes_1,steps,35,migration_steps_f8e3b89266,\N,\N
,37,say,luna,default,…거짓말은 아니었는데.,…거짓말은 아니었는데.,campaign_d1_bar_36,\N,\N,wait,,script/bar/day1,script_bar_day1_scenes_1_steps_36,script_bar_day1_scenes_1,steps,36,migration_steps_c086580ba4,,\N
,38,say,luna,default,말하는 개가 술을 마시러 오기도 하는구나.,말하는 개가 술을 마시러 오기도 하는구나.,campaign_d1_bar_37,\N,\N,wait,,script/bar/day1,script_bar_day1_scenes_1_steps_37,script_bar_day1_scenes_1,steps,37,migration_steps_c086580ba4,,\N
,39,enter,tom,L,,,\N,\N,\N,wait,,script/bar/day1,script_bar_day1_scenes_1_steps_38,script_bar_day1_scenes_1,steps,38,migration_steps_3b98d21457,\N,\N
,40,effect,tom,\N,,,\N,\N,\N,wait,,script/bar/day1,script_bar_day1_scenes_1_steps_39,script_bar_day1_scenes_1,steps,39,migration_steps_f8e3b89266,\N,\N
,41,say,tom,default,…,…,campaign_d1_bar_40,\N,\N,wait,,script/bar/day1,script_bar_day1_scenes_1_steps_40,script_bar_day1_scenes_1,steps,40,migration_steps_c086580ba4,,\N
,42,say,luna,default,어서 오세요.,어서 오세요.,campaign_d1_bar_41,\N,\N,wait,,script/bar/day1,script_bar_day1_scenes_1_steps_41,script_bar_day1_scenes_1,steps,41,migration_steps_c086580ba4,,\N
,43,say,tom,default,어? 어… 그래. 반가워.,어? 어… 그래. 반가워.,campaign_d1_bar_42,\N,\N,wait,,script/bar/day1,script_bar_day1_scenes_1_steps_42,script_bar_day1_scenes_1,steps,42,migration_steps_c086580ba4,,\N
,44,say,tom,default,"혹시 여기에 분위기 잡고 있던 무서운 아저씨, 어디 갔는지 알아?","혹시 여기에 분위기 잡고 있던 무서운 아저씨, 어디 갔는지 알아?",campaign_d1_bar_43,\N,\N,wait,,script/bar/day1,script_bar_day1_scenes_1_steps_43,script_bar_day1_scenes_1,steps,43,migration_steps_c086580ba4,,\N
,45,say,luna,default,크리스를 말하시는 거라면 바 창고 쪽에서 다른 일을 하고 있습니다.,크리스를 말하시는 거라면 바 창고 쪽에서 다른 일을 하고 있습니다.,campaign_d1_bar_44,\N,\N,wait,,script/bar/day1,script_bar_day1_scenes_1_steps_44,script_bar_day1_scenes_1,steps,44,migration_steps_c086580ba4,,\N
,46,say,tom,default,그래? 그렇구만… 다시 영업을 시작했으면서 말도 안 해 주다니…,그래? 그렇구만… 다시 영업을 시작했으면서 말도 안 해 주다니…,campaign_d1_bar_45,\N,\N,wait,,script/bar/day1,script_bar_day1_scenes_1_steps_45,script_bar_day1_scenes_1,steps,45,migration_steps_c086580ba4,,\N
,47,say,luna,default,크리스를 불러드릴까요?,크리스를 불러드릴까요?,campaign_d1_bar_46,\N,\N,wait,,script/bar/day1,script_bar_day1_scenes_1_steps_46,script_bar_day1_scenes_1,steps,46,migration_steps_c086580ba4,,\N
,48,say,tom,default,어? 아니야. 그럴 필욘 없어.,어? 아니야. 그럴 필욘 없어.,campaign_d1_bar_47,\N,\N,wait,,script/bar/day1,script_bar_day1_scenes_1_steps_47,script_bar_day1_scenes_1,steps,47,migration_steps_c086580ba4,,\N
,49,say,tom,default,혹시 올드 패션드 한 잔 가능한가?,혹시 올드 패션드 한 잔 가능한가?,campaign_d1_bar_48,\N,\N,wait,,script/bar/day1,script_bar_day1_scenes_1_steps_48,script_bar_day1_scenes_1,steps,48,migration_steps_c086580ba4,,\N
,50,say,luna,default,지금은 올드 패션드를 제공하기 어렵습니다.,지금은 올드 패션드를 제공하기 어렵습니다.,campaign_d1_bar_49,\N,\N,wait,,script/bar/day1,script_bar_day1_scenes_1_steps_49,script_bar_day1_scenes_1,steps,49,migration_steps_c086580ba4,,\N
,51,say,tom,default,흠…,흠…,campaign_d1_bar_50,\N,\N,wait,,script/bar/day1,script_bar_day1_scenes_1_steps_50,script_bar_day1_scenes_1,steps,50,migration_steps_c086580ba4,,\N
,52,say,luna,default,"필요한 재료와 레시피부터 확인해야 해서, 바로 만들어 드릴 수는 없습니다.","필요한 재료와 레시피부터 확인해야 해서, 바로 만들어 드릴 수는 없습니다.",campaign_d1_bar_51,\N,\N,wait,,script/bar/day1,script_bar_day1_scenes_1_steps_51,script_bar_day1_scenes_1,steps,51,migration_steps_c086580ba4,,\N
,53,say,tom,default,"…하긴, 오래 쉬었으니 그럴 만도 하네.","…하긴, 오래 쉬었으니 그럴 만도 하네.",campaign_d1_bar_52,\N,\N,wait,,script/bar/day1,script_bar_day1_scenes_1_steps_52,script_bar_day1_scenes_1,steps,52,migration_steps_c086580ba4,,\N
,54,say,tom,default,그럼 지금 되는 건 어떤 것들이야?,그럼 지금 되는 건 어떤 것들이야?,campaign_d1_bar_53,\N,\N,wait,,script/bar/day1,script_bar_day1_scenes_1_steps_53,script_bar_day1_scenes_1,steps,53,migration_steps_c086580ba4,,\N
,55,say,luna,default,"지금 남은 재료로는 진 피즈, 진토닉, 드라이 마티니 정도 가능합니다.","지금 남은 재료로는 진 피즈, 진토닉, 드라이 마티니 정도 가능합니다.",campaign_d1_bar_54,\N,\N,wait,,script/bar/day1,script_bar_day1_scenes_1_steps_54,script_bar_day1_scenes_1,steps,54,migration_steps_c086580ba4,,\N
,56,say,tom,default,음… 그러면 드라이 마티니로 한 잔 부탁할게.,음… 그러면 드라이 마티니로 한 잔 부탁할게.,campaign_d1_bar_55,\N,\N,wait,,script/bar/day1,script_bar_day1_scenes_1_steps_55,script_bar_day1_scenes_1,steps,55,migration_steps_c086580ba4,,\N
,57,say,luna,default,"네, 주문받았습니다.","네, 주문받았습니다.",campaign_d1_bar_56,\N,\N,wait,,script/bar/day1,script_bar_day1_scenes_1_steps_56,script_bar_day1_scenes_1,steps,56,migration_steps_c086580ba4,,\N
,58,order,tom,exact:dry_martini,,,\N,\N,\N,wait,,script/bar/day1,script_bar_day1_scenes_1_steps_57,script_bar_day1_scenes_1,steps,57,migration_steps_3b98d21457,\N,\N
,59,craft,tom,order,,,\N,\N,\N,wait,,script/bar/day1,script_bar_day1_scenes_1_steps_58,script_bar_day1_scenes_1,steps,58,migration_steps_3b98d21457,\N,\N
,60,serve,tom,\N,,,\N,\N,\N,wait,,script/bar/day1,script_bar_day1_scenes_1_steps_59,script_bar_day1_scenes_1,steps,59,migration_steps_f8e3b89266,\N,\N
,61,say,tom,default,음… 괜찮네.,음… 괜찮네.,campaign_d1_bar_60,\N,\N,wait,,script/bar/day1,script_bar_day1_scenes_1_steps_60,script_bar_day1_scenes_1,steps,60,migration_steps_c086580ba4,,\N
,62,say,luna,default,원하시던 맛인가요?,원하시던 맛인가요?,campaign_d1_bar_61,\N,\N,wait,,script/bar/day1,script_bar_day1_scenes_1_steps_61,script_bar_day1_scenes_1,steps,61,migration_steps_c086580ba4,,\N
,63,say,tom,default,이 정도면 꽤 괜찮은데? 보아하니 너 여기서 일한 지 얼마 안 된 것 같고 말이야.,이 정도면 꽤 괜찮은데? 보아하니 너 여기서 일한 지 얼마 안 된 것 같고 말이야.,campaign_d1_bar_62,\N,\N,wait,,script/bar/day1,script_bar_day1_scenes_1_steps_62,script_bar_day1_scenes_1,steps,62,migration_steps_c086580ba4,,\N
,64,say,luna,default,오늘이 근무 첫날이에요.,오늘이 근무 첫날이에요.,campaign_d1_bar_63,\N,\N,wait,,script/bar/day1,script_bar_day1_scenes_1_steps_63,script_bar_day1_scenes_1,steps,63,migration_steps_c086580ba4,,\N
,65,say,tom,default,"켁… 진짜야? 그래도 첫날에 이 정도면, 다음엔 좀 기대하고 와도 되겠는데?","켁… 진짜야? 그래도 첫날에 이 정도면, 다음엔 좀 기대하고 와도 되겠는데?",campaign_d1_bar_64,\N,\N,wait,,script/bar/day1,script_bar_day1_scenes_1_steps_64,script_bar_day1_scenes_1,steps,64,migration_steps_c086580ba4,,\N
,66,say,luna,default,어떤 걸 기대하신다는 건가요?,어떤 걸 기대하신다는 건가요?,campaign_d1_bar_65,\N,\N,wait,,script/bar/day1,script_bar_day1_scenes_1_steps_65,script_bar_day1_scenes_1,steps,65,migration_steps_c086580ba4,,\N
,67,say,tom,default,실력이지. 바텐더로서의.,실력이지. 바텐더로서의.,campaign_d1_bar_66,\N,\N,wait,,script/bar/day1,script_bar_day1_scenes_1_steps_66,script_bar_day1_scenes_1,steps,66,migration_steps_c086580ba4,,\N
,68,say,luna,default,요컨대 술의 맛을 잘 살려 칵테일을 만드는 실력을 말씀하시는 거네요.,요컨대 술의 맛을 잘 살려 칵테일을 만드는 실력을 말씀하시는 거네요.,campaign_d1_bar_67,\N,\N,wait,,script/bar/day1,script_bar_day1_scenes_1_steps_67,script_bar_day1_scenes_1,steps,67,migration_steps_c086580ba4,,\N
,69,say,tom,default,음… 맞아. 하지만 그게 다는 아닌 것 같아.,음… 맞아. 하지만 그게 다는 아닌 것 같아.,campaign_d1_bar_68,\N,\N,wait,,script/bar/day1,script_bar_day1_scenes_1_steps_68,script_bar_day1_scenes_1,steps,68,migration_steps_c086580ba4,,\N
,70,say,luna,default,그 외에 다른 것도 있나요?,그 외에 다른 것도 있나요?,campaign_d1_bar_69,\N,\N,wait,,script/bar/day1,script_bar_day1_scenes_1_steps_69,script_bar_day1_scenes_1,steps,69,migration_steps_c086580ba4,,\N
,71,say,tom,default,흠… 나도 이쪽은 문외한이라 말해 줄 수 있는 게 별로 없는데. 늘 손님으로만 왔었거든.,흠… 나도 이쪽은 문외한이라 말해 줄 수 있는 게 별로 없는데. 늘 손님으로만 왔었거든.,campaign_d1_bar_70,\N,\N,wait,,script/bar/day1,script_bar_day1_scenes_1_steps_70,script_bar_day1_scenes_1,steps,70,migration_steps_c086580ba4,,\N
,72,say,tom,default,크리스 그놈이 이런 건 말 안 해 줬어?,크리스 그놈이 이런 건 말 안 해 줬어?,campaign_d1_bar_71,\N,\N,wait,,script/bar/day1,script_bar_day1_scenes_1_steps_71,script_bar_day1_scenes_1,steps,71,migration_steps_c086580ba4,,\N
,73,say,luna,default,…바텐더의 소양 같은 게 있다고는 들었어요. 하지만 아직은 이르다면서 천천히 알려 주겠다고 했어요.,…바텐더의 소양 같은 게 있다고는 들었어요. 하지만 아직은 이르다면서 천천히 알려 주겠다고 했어요.,campaign_d1_bar_72,\N,\N,wait,,script/bar/day1,script_bar_day1_scenes_1_steps_72,script_bar_day1_scenes_1,steps,72,migration_steps_c086580ba4,,\N
,74,say,tom,default,"흠, 틀린 말은 아니네.","흠, 틀린 말은 아니네.",campaign_d1_bar_73,\N,\N,wait,,script/bar/day1,script_bar_day1_scenes_1_steps_73,script_bar_day1_scenes_1,steps,73,migration_steps_c086580ba4,,\N
,75,say,luna,default,그런 것들을 배우면 당신의 기대를 충족시킬 수 있는 건가요?,그런 것들을 배우면 당신의 기대를 충족시킬 수 있는 건가요?,campaign_d1_bar_74,\N,\N,wait,,script/bar/day1,script_bar_day1_scenes_1_steps_74,script_bar_day1_scenes_1,steps,74,migration_steps_c086580ba4,,\N
,76,say,tom,default,톰이야.,톰이야.,campaign_d1_bar_75,\N,flag.tom_name_known = true,wait,,script/bar/day1,script_bar_day1_scenes_1_steps_75,script_bar_day1_scenes_1,steps,75,migration_steps_2f022e37d6,,\N
,77,say,luna,default,네?,네?,campaign_d1_bar_76,\N,\N,wait,,script/bar/day1,script_bar_day1_scenes_1_steps_76,script_bar_day1_scenes_1,steps,76,migration_steps_c086580ba4,,\N
,78,say,tom,default,톰이라고. 톰 거너. 내 이름이야. ‘당신’ 말고 그렇게 불러.,톰이라고. 톰 거너. 내 이름이야. ‘당신’ 말고 그렇게 불러.,campaign_d1_bar_77,\N,\N,wait,,script/bar/day1,script_bar_day1_scenes_1_steps_77,script_bar_day1_scenes_1,steps,77,migration_steps_c086580ba4,,\N
,79,say,luna,default,"알겠습니다, 톰.","알겠습니다, 톰.",campaign_d1_bar_78,\N,\N,wait,,script/bar/day1,script_bar_day1_scenes_1_steps_78,script_bar_day1_scenes_1,steps,78,migration_steps_c086580ba4,,\N
,80,say,tom,default,좋아. 일단 네가 굉장히 특이한 사람이란 건 알겠어. 나쁜 의미는 아니야. 내 타입이기도 하고 말이지.,좋아. 일단 네가 굉장히 특이한 사람이란 건 알겠어. 나쁜 의미는 아니야. 내 타입이기도 하고 말이지.,campaign_d1_bar_79,\N,\N,wait,,script/bar/day1,script_bar_day1_scenes_1_steps_79,script_bar_day1_scenes_1,steps,79,migration_steps_c086580ba4,,\N
,81,say,luna,default,…,…,campaign_d1_bar_80,\N,\N,wait,,script/bar/day1,script_bar_day1_scenes_1_steps_80,script_bar_day1_scenes_1,steps,80,migration_steps_c086580ba4,,\N
,82,say,tom,default,"그래서 말해 주는 건데, 넌 내 기대를 꼭 충족시켜 줄 필요는 없어. 정확히 말하자면 그럴 ‘의무’나 ‘책임’은 없다는 거지.","그래서 말해 주는 건데, 넌 내 기대를 꼭 충족시켜 줄 필요는 없어. 정확히 말하자면 그럴 ‘의무’나 ‘책임’은 없다는 거지.",campaign_d1_bar_81,\N,\N,wait,,script/bar/day1,script_bar_day1_scenes_1_steps_81,script_bar_day1_scenes_1,steps,81,migration_steps_c086580ba4,,\N
,83,say,luna,default,크리스는 손님이 원하거나 필요로 하는 걸 내어 주는 사람이 바텐더라고 했는데요.,크리스는 손님이 원하거나 필요로 하는 걸 내어 주는 사람이 바텐더라고 했는데요.,campaign_d1_bar_82,\N,\N,wait,,script/bar/day1,script_bar_day1_scenes_1_steps_82,script_bar_day1_scenes_1,steps,82,migration_steps_c086580ba4,,\N
,84,say,tom,default,…그 자식도 가르치는 데는 영 소질이 없구만.,…그 자식도 가르치는 데는 영 소질이 없구만.,campaign_d1_bar_83,\N,\N,wait,,script/bar/day1,script_bar_day1_scenes_1_steps_83,script_bar_day1_scenes_1,steps,83,migration_steps_c086580ba4,,\N
,85,say,tom,default,"다시 말하지만, 손님이 원하는 걸 전부 들어줄 책임은 없어. 손님이 원하면 뭐든 다 들어줄 거야? 아무리 무리한 요구를 해도?","다시 말하지만, 손님이 원하는 걸 전부 들어줄 책임은 없어. 손님이 원하면 뭐든 다 들어줄 거야? 아무리 무리한 요구를 해도?",campaign_d1_bar_84,\N,\N,wait,,script/bar/day1,script_bar_day1_scenes_1_steps_84,script_bar_day1_scenes_1,steps,84,migration_steps_c086580ba4,,\N
,86,say,tom,default,"극단적으로 말해서, 손님이 크리스가 죽는 게 소원이라면서 죽여 달라고 하면 어쩔 거야?","극단적으로 말해서, 손님이 크리스가 죽는 게 소원이라면서 죽여 달라고 하면 어쩔 거야?",campaign_d1_bar_85,\N,\N,wait,,script/bar/day1,script_bar_day1_scenes_1_steps_85,script_bar_day1_scenes_1,steps,85,migration_steps_c086580ba4,,\N
,87,say,luna,default,…그렇게 생각해 본 적은 없네요.,…그렇게 생각해 본 적은 없네요.,campaign_d1_bar_86,\N,\N,wait,,script/bar/day1,script_bar_day1_scenes_1_steps_86,script_bar_day1_scenes_1,steps,86,migration_steps_c086580ba4,,\N
,88,say,tom,default,그치? 그런 기대에 얽매일 필요는 없어. 네 의지대로 행동하는 게 중요한 거지.,그치? 그런 기대에 얽매일 필요는 없어. 네 의지대로 행동하는 게 중요한 거지.,campaign_d1_bar_87,\N,\N,wait,,script/bar/day1,script_bar_day1_scenes_1_steps_87,script_bar_day1_scenes_1,steps,87,migration_steps_c086580ba4,,\N
,89,say,tom,default,"난 네가 예전에 마셨던 칵테일을 만들어 주지 않을까 기대한 것뿐이야. 그 기대를 어떻게 받아들일지는 네 마음이지. 들어줘도 되고, 안 들어줘도 돼. 억지로 맞춰 줄 이유는 없다는 거야.","난 네가 예전에 마셨던 칵테일을 만들어 주지 않을까 기대한 것뿐이야. 그 기대를 어떻게 받아들일지는 네 마음이지. 들어줘도 되고, 안 들어줘도 돼. 억지로 맞춰 줄 이유는 없다는 거야.",campaign_d1_bar_88,\N,\N,wait,,script/bar/day1,script_bar_day1_scenes_1_steps_88,script_bar_day1_scenes_1,steps,88,migration_steps_c086580ba4,,\N
,90,say,tom,default,"이 동네 애들처럼, 꼴리는 대로 해라! 이거야.","이 동네 애들처럼, 꼴리는 대로 해라! 이거야.",campaign_d1_bar_89,\N,\N,wait,,script/bar/day1,script_bar_day1_scenes_1_steps_89,script_bar_day1_scenes_1,steps,89,migration_steps_c086580ba4,,\N
,91,say,luna,default,꼴린다는 게 뭔가요?,꼴린다는 게 뭔가요?,campaign_d1_bar_90,\N,\N,wait,,script/bar/day1,script_bar_day1_scenes_1_steps_90,script_bar_day1_scenes_1,steps,90,migration_steps_c086580ba4,,\N
,92,say,tom,default,"…뭐? 하하하, 너 진짜 신기하다. 점점 더 마음에 드는데.","…뭐? 하하하, 너 진짜 신기하다. 점점 더 마음에 드는데.",campaign_d1_bar_91,\N,\N,wait,,script/bar/day1,script_bar_day1_scenes_1_steps_91,script_bar_day1_scenes_1,steps,91,migration_steps_c086580ba4,,\N
,93,say,tom,default,그건… 크리스한테 물어봐. 나보다 잘 가르쳐 줄 테니. 크크.,그건… 크리스한테 물어봐. 나보다 잘 가르쳐 줄 테니. 크크.,campaign_d1_bar_92,\N,\N,wait,,script/bar/day1,script_bar_day1_scenes_1_steps_92,script_bar_day1_scenes_1,steps,92,migration_steps_c086580ba4,,\N
,94,say,luna,default,알겠습니다. 그러면 제가 톰의 기대를 충족시켜 드리고 싶다면 어떻게 해야 하나요?,알겠습니다. 그러면 제가 톰의 기대를 충족시켜 드리고 싶다면 어떻게 해야 하나요?,campaign_d1_bar_93,\N,\N,wait,,script/bar/day1,script_bar_day1_scenes_1_steps_93,script_bar_day1_scenes_1,steps,93,migration_steps_c086580ba4,,\N
,95,say,tom,default,그럼 하고 싶은 대로 하면 돼! 네가 정말 그러고 싶다면 나야 땡큐지.,그럼 하고 싶은 대로 하면 돼! 네가 정말 그러고 싶다면 나야 땡큐지.,campaign_d1_bar_94,\N,\N,wait,,script/bar/day1,script_bar_day1_scenes_1_steps_94,script_bar_day1_scenes_1,steps,94,migration_steps_c086580ba4,,\N
,96,say,luna,default,그러면 예전에 마셨던 칵테일에 대해 듣고 싶습니다.,그러면 예전에 마셨던 칵테일에 대해 듣고 싶습니다.,campaign_d1_bar_95,\N,\N,wait,,script/bar/day1,script_bar_day1_scenes_1_steps_95,script_bar_day1_scenes_1,steps,95,migration_steps_c086580ba4,,\N
,97,say,tom,default,"생각보다 저돌적이네. 좋아, 말해 줄게.","생각보다 저돌적이네. 좋아, 말해 줄게.",campaign_d1_bar_96,\N,\N,wait,,script/bar/day1,script_bar_day1_scenes_1_steps_96,script_bar_day1_scenes_1,steps,96,migration_steps_c086580ba4,,\N
,98,say,tom,default,뭐… 그렇게 대단한 건 아니고. 예전에 여기 있던 조니라는 영감이 만들어 준 게 계속 생각나서 말이야. 그냥 칵테일 한 잔이긴 하지만.,뭐… 그렇게 대단한 건 아니고. 예전에 여기 있던 조니라는 영감이 만들어 준 게 계속 생각나서 말이야. 그냥 칵테일 한 잔이긴 하지만.,campaign_d1_bar_97,\N,\N,wait,,script/bar/day1,script_bar_day1_scenes_1_steps_97,script_bar_day1_scenes_1,steps,97,migration_steps_c086580ba4,,\N
,99,say,tom,default,그래도… 자꾸 생각나더라고. ‘그날’ 마셨던 올드 패션드 맛이 말이야.,그래도… 자꾸 생각나더라고. ‘그날’ 마셨던 올드 패션드 맛이 말이야.,campaign_d1_bar_98,\N,\N,wait,,script/bar/day1,script_bar_day1_scenes_1_steps_98,script_bar_day1_scenes_1,steps,98,migration_steps_c086580ba4,,\N
,100,say,luna,default,맛있었나 보네요.,맛있었나 보네요.,campaign_d1_bar_99,\N,\N,wait,,script/bar/day1,script_bar_day1_scenes_1_steps_99,script_bar_day1_scenes_1,steps,99,migration_steps_c086580ba4,,\N
,101,say,tom,default,"맛도 끝내주긴 했지. 하지만… 그날은 유난히 좀 힘들었던 날이기도 하고, 조니가 내게 해 줬던 이런저런 말들도 인상 깊어서 그렇게 느꼈는지도 모르겠네.","맛도 끝내주긴 했지. 하지만… 그날은 유난히 좀 힘들었던 날이기도 하고, 조니가 내게 해 줬던 이런저런 말들도 인상 깊어서 그렇게 느꼈는지도 모르겠네.",campaign_d1_bar_100,\N,\N,wait,,script/bar/day1,script_bar_day1_scenes_1_steps_100,script_bar_day1_scenes_1,steps,100,migration_steps_c086580ba4,,\N
,102,say,tom,default,그날 이곳에 처음 와서 느낀 것들은 잊고 싶어도 잊을 수가 없단 말이지.,그날 이곳에 처음 와서 느낀 것들은 잊고 싶어도 잊을 수가 없단 말이지.,campaign_d1_bar_101,\N,\N,wait,,script/bar/day1,script_bar_day1_scenes_1_steps_101,script_bar_day1_scenes_1,steps,101,migration_steps_c086580ba4,,\N
,103,say,tom,default,나답지 않게 너무 감성적이었나? 여기 온 게 오랜만이라 나도 모르게 말이 좀 많았네.,나답지 않게 너무 감성적이었나? 여기 온 게 오랜만이라 나도 모르게 말이 좀 많았네.,campaign_d1_bar_102,\N,\N,wait,,script/bar/day1,script_bar_day1_scenes_1_steps_102,script_bar_day1_scenes_1,steps,102,migration_steps_c086580ba4,,\N
,104,say,luna,default,그날 바에서 겪었던 일들도 그 칵테일이 자꾸 생각나는 이유인 건가요?,그날 바에서 겪었던 일들도 그 칵테일이 자꾸 생각나는 이유인 건가요?,campaign_d1_bar_103,\N,\N,wait,,script/bar/day1,script_bar_day1_scenes_1_steps_103,script_bar_day1_scenes_1,steps,103,migration_steps_c086580ba4,,\N
,105,say,tom,default,"음, 생각해 보면 그런 것 같아. 조니가 줬던 칵테일 한 잔도 특별하긴 했지만, 그게 다는 아닌 것 같거든.","음, 생각해 보면 그런 것 같아. 조니가 줬던 칵테일 한 잔도 특별하긴 했지만, 그게 다는 아닌 것 같거든.",campaign_d1_bar_104,\N,\N,wait,,script/bar/day1,script_bar_day1_scenes_1_steps_104,script_bar_day1_scenes_1,steps,104,migration_steps_c086580ba4,,\N
,106,say,tom,default,나도 잘은 모르겠지만 말이지.,나도 잘은 모르겠지만 말이지.,campaign_d1_bar_105,\N,\N,wait,,script/bar/day1,script_bar_day1_scenes_1_steps_105,script_bar_day1_scenes_1,steps,105,migration_steps_c086580ba4,,\N
,107,say,luna,default,칵테일이 사람에게 그런 영향을 줄 수 있다는 건 처음 알았네요.,칵테일이 사람에게 그런 영향을 줄 수 있다는 건 처음 알았네요.,campaign_d1_bar_106,\N,\N,wait,,script/bar/day1,script_bar_day1_scenes_1_steps_106,script_bar_day1_scenes_1,steps,106,migration_steps_c086580ba4,,\N
,108,say,tom,default,"어때, 그 영감이 만들던 칵테일. 한번 만들어 볼 수 있겠어?","어때, 그 영감이 만들던 칵테일. 한번 만들어 볼 수 있겠어?",campaign_d1_bar_107,\N,\N,wait,,script/bar/day1,script_bar_day1_scenes_1_steps_107,script_bar_day1_scenes_1,steps,107,migration_steps_c086580ba4,,\N
,109,say,luna,default,크리스가 만드는 건 별로인가요?,크리스가 만드는 건 별로인가요?,campaign_d1_bar_108,\N,\N,wait,,script/bar/day1,script_bar_day1_scenes_1_steps_108,script_bar_day1_scenes_1,steps,108,migration_steps_c086580ba4,,\N
,110,say,tom,default,"그 아저씨가 만드는 건 영… 내 취향은 아니거든.
물론 요즘엔 그마저도 그립긴 했지만.","그 아저씨가 만드는 건 영… 내 취향은 아니거든.
물론 요즘엔 그마저도 그립긴 했지만.",campaign_d1_bar_109,\N,\N,wait,,script/bar/day1,script_bar_day1_scenes_1_steps_109,script_bar_day1_scenes_1,steps,109,migration_steps_c086580ba4,,\N
,111,say,luna,default,그러면 그 칵테일을 만들 방법이 있을지 크리스에게 물어보겠습니다.,그러면 그 칵테일을 만들 방법이 있을지 크리스에게 물어보겠습니다.,campaign_d1_bar_110,\N,\N,wait,,script/bar/day1,script_bar_day1_scenes_1_steps_110,script_bar_day1_scenes_1,steps,110,migration_steps_c086580ba4,,\N
,112,say,tom,default,오… 좋은데? 기대할게.,오… 좋은데? 기대할게.,campaign_d1_bar_111,\N,\N,wait,,script/bar/day1,script_bar_day1_scenes_1_steps_111,script_bar_day1_scenes_1,steps,111,migration_steps_c086580ba4,,\N
,113,say,luna,default,"기억나는 것을 조금 더 말씀해 주실 수 있나요? 사용한 재료라든가, 레시피라든가…","기억나는 것을 조금 더 말씀해 주실 수 있나요? 사용한 재료라든가, 레시피라든가…",campaign_d1_bar_112,\N,\N,wait,,script/bar/day1,script_bar_day1_scenes_1_steps_112,script_bar_day1_scenes_1,steps,112,migration_steps_c086580ba4,,\N
,114,say,tom,default,"그렇게 물어봐도… 난 전문가가 아니라서 말이지. 조니가 만들어 준 게 올드 패션드였다는 거랑, 위스키 맛과 오렌지 향이 강렬했다는 것 정도만 기억나.","그렇게 물어봐도… 난 전문가가 아니라서 말이지. 조니가 만들어 준 게 올드 패션드였다는 거랑, 위스키 맛과 오렌지 향이 강렬했다는 것 정도만 기억나.",campaign_d1_bar_113,\N,\N,wait,,script/bar/day1,script_bar_day1_scenes_1_steps_113,script_bar_day1_scenes_1,steps,113,migration_steps_c086580ba4,,\N
,115,say,luna,default,그렇군요. 제조 기록이 남아 있는지 찾아볼게요.,그렇군요. 제조 기록이 남아 있는지 찾아볼게요.,campaign_d1_bar_114,\N,\N,wait,,script/bar/day1,script_bar_day1_scenes_1_steps_114,script_bar_day1_scenes_1,steps,114,migration_steps_c086580ba4,,\N
,116,say,tom,default,굳이 이것 때문에 무리하지는 않아도 돼. 네가 만드는 것도 충분히 마음에 드니까 말이야.,굳이 이것 때문에 무리하지는 않아도 돼. 네가 만드는 것도 충분히 마음에 드니까 말이야.,campaign_d1_bar_115,\N,\N,wait,,script/bar/day1,script_bar_day1_scenes_1_steps_115,script_bar_day1_scenes_1,steps,115,migration_steps_c086580ba4,,\N
,117,say,luna,default,제가 하고 싶은 대로 해 보려고요.,제가 하고 싶은 대로 해 보려고요.,campaign_d1_bar_116,\N,\N,wait,,script/bar/day1,script_bar_day1_scenes_1_steps_116,script_bar_day1_scenes_1,steps,116,migration_steps_c086580ba4,,\N
,118,say,tom,default,"크… 좋아, 좋아. 아주 잘 배웠구만. 장래가 기대되는데?","크… 좋아, 좋아. 아주 잘 배웠구만. 장래가 기대되는데?",campaign_d1_bar_117,\N,\N,wait,,script/bar/day1,script_bar_day1_scenes_1_steps_117,script_bar_day1_scenes_1,steps,117,migration_steps_c086580ba4,,\N
,119,say,tom,default,그나저나 아직 아가씨 이름을 듣지 못했는데.,그나저나 아직 아가씨 이름을 듣지 못했는데.,campaign_d1_bar_118,\N,\N,wait,,script/bar/day1,script_bar_day1_scenes_1_steps_118,script_bar_day1_scenes_1,steps,118,migration_steps_c086580ba4,,\N
,120,say,luna,default,루나예요.,루나예요.,campaign_d1_bar_119,\N,\N,wait,,script/bar/day1,script_bar_day1_scenes_1_steps_119,script_bar_day1_scenes_1,steps,119,migration_steps_c086580ba4,,\N
,121,say,tom,default,"그래, 루나. 오늘은 잘 마셨어. 또 올 테니까 그때 한 번 더 부탁할게.","그래, 루나. 오늘은 잘 마셨어. 또 올 테니까 그때 한 번 더 부탁할게.",campaign_d1_bar_120,\N,\N,wait,,script/bar/day1,script_bar_day1_scenes_1_steps_120,script_bar_day1_scenes_1,steps,120,migration_steps_c086580ba4,,\N
,122,say,luna,default,안녕히 가세요.,안녕히 가세요.,campaign_d1_bar_121,\N,\N,wait,,script/bar/day1,script_bar_day1_scenes_1_steps_121,script_bar_day1_scenes_1,steps,121,migration_steps_c086580ba4,,\N
,123,exit,tom,\N,,,\N,\N,\N,wait,,script/bar/day1,script_bar_day1_scenes_1_steps_122,script_bar_day1_scenes_1,steps,122,migration_steps_f8e3b89266,\N,\N
,124,say,luna,default,(…현재 레시피 DB에는 관련 기록이 아예 없네. 다른 방법으로 알아봐야 하나?),(…현재 레시피 DB에는 관련 기록이 아예 없네. 다른 방법으로 알아봐야 하나?),campaign_d1_bar_123,\N,\N,wait,,script/bar/day1,script_bar_day1_scenes_1_steps_123,script_bar_day1_scenes_1,steps,123,migration_steps_c086580ba4,,\N
,125,say,luna,default,(이따 크리스에게 물어봐야겠네.),(이따 크리스에게 물어봐야겠네.),campaign_d1_bar_124,\N,\N,wait,,script/bar/day1,script_bar_day1_scenes_1_steps_124,script_bar_day1_scenes_1,steps,124,migration_steps_c086580ba4,,\N
,126,enter,aili,L,,,\N,\N,\N,wait,,script/bar/day1,script_bar_day1_scenes_1_steps_125,script_bar_day1_scenes_1,steps,125,migration_steps_3b98d21457,\N,\N
,127,effect,aili,\N,,,\N,\N,\N,wait,,script/bar/day1,script_bar_day1_scenes_1_steps_126,script_bar_day1_scenes_1,steps,126,migration_steps_f8e3b89266,\N,\N
,128,say,aili,default,루나!!! 나 왔어!!,루나!!! 나 왔어!!,campaign_d1_bar_127,\N,\N,wait,,script/bar/day1,script_bar_day1_scenes_1_steps_127,script_bar_day1_scenes_1,steps,127,migration_steps_c086580ba4,,\N
,129,say,luna,default,어서 오세요.,어서 오세요.,campaign_d1_bar_128,\N,\N,wait,,script/bar/day1,script_bar_day1_scenes_1_steps_128,script_bar_day1_scenes_1,steps,128,migration_steps_c086580ba4,,\N
,130,say,aili,default,"딱딱한 건 여전하구나, 예쁜이.","딱딱한 건 여전하구나, 예쁜이.",campaign_d1_bar_129,\N,\N,wait,,script/bar/day1,script_bar_day1_scenes_1_steps_129,script_bar_day1_scenes_1,steps,129,migration_steps_c086580ba4,,\N
,131,say,luna,default,"딱딱하다는 건 잘 모르겠지만, 이게 제 평소 상태인데요.","딱딱하다는 건 잘 모르겠지만, 이게 제 평소 상태인데요.",campaign_d1_bar_130,\N,\N,wait,,script/bar/day1,script_bar_day1_scenes_1_steps_130,script_bar_day1_scenes_1,steps,130,migration_steps_c086580ba4,,\N
,132,say,aili,default,"음… 지금처럼 딱딱한 것도 매력은 있지만, 그래도 좀 아쉽단 말이지.","음… 지금처럼 딱딱한 것도 매력은 있지만, 그래도 좀 아쉽단 말이지.",campaign_d1_bar_131,\N,\N,wait,,script/bar/day1,script_bar_day1_scenes_1_steps_131,script_bar_day1_scenes_1,steps,131,migration_steps_c086580ba4,,\N
,133,say,luna,default,"그래서 무슨 일로 오셨나요, 아일리?","그래서 무슨 일로 오셨나요, 아일리?",campaign_d1_bar_132,\N,\N,wait,,script/bar/day1,script_bar_day1_scenes_1_steps_132,script_bar_day1_scenes_1,steps,132,migration_steps_c086580ba4,,\N
,134,say,luna,default,"수리는 이미 끝난 걸로 알고 있었는데, 혹시 아직 이상이 있는 건가요?","수리는 이미 끝난 걸로 알고 있었는데, 혹시 아직 이상이 있는 건가요?",campaign_d1_bar_133,\N,\N,wait,,script/bar/day1,script_bar_day1_scenes_1_steps_133,script_bar_day1_scenes_1,steps,133,migration_steps_c086580ba4,,\N
,135,say,aili,default,그것 때문에 온 건 아니긴 한데. 혹시 요즘에도 잔을 닦다가 깨뜨리거나 문손잡이를 부수거나 그래?,그것 때문에 온 건 아니긴 한데. 혹시 요즘에도 잔을 닦다가 깨뜨리거나 문손잡이를 부수거나 그래?,campaign_d1_bar_134,\N,\N,wait,,script/bar/day1,script_bar_day1_scenes_1_steps_134,script_bar_day1_scenes_1,steps,134,migration_steps_c086580ba4,,\N
,136,say,luna,default,전에 전신 의체 출력을 재조정해 주신 뒤로는 없어요.,전에 전신 의체 출력을 재조정해 주신 뒤로는 없어요.,campaign_d1_bar_135,\N,\N,wait,,script/bar/day1,script_bar_day1_scenes_1_steps_135,script_bar_day1_scenes_1,steps,135,migration_steps_c086580ba4,,\N
,137,say,aili,default,"다행이네. 지난번처럼 우리 집 문을 개박살 내면, 아무리 루나라도 웃어넘길 수 없단 말이지.","다행이네. 지난번처럼 우리 집 문을 개박살 내면, 아무리 루나라도 웃어넘길 수 없단 말이지.",campaign_d1_bar_136,\N,\N,wait,,script/bar/day1,script_bar_day1_scenes_1_steps_136,script_bar_day1_scenes_1,steps,136,migration_steps_c086580ba4,,\N
,138,say,aili,default,그것 때문에 우리 집이 한동안 길냥이들 보호소가 돼서 잠도 제대로 못 잤다니까…,그것 때문에 우리 집이 한동안 길냥이들 보호소가 돼서 잠도 제대로 못 잤다니까…,campaign_d1_bar_137,\N,\N,wait,,script/bar/day1,script_bar_day1_scenes_1_steps_137,script_bar_day1_scenes_1,steps,137,migration_steps_c086580ba4,,\N
,139,say,luna,default,"그럴 의도는 아니었지만, 죄송해요.","그럴 의도는 아니었지만, 죄송해요.",campaign_d1_bar_138,\N,\N,wait,,script/bar/day1,script_bar_day1_scenes_1_steps_138,script_bar_day1_scenes_1,steps,138,migration_steps_c086580ba4,,\N
,140,say,aili,default,아냐. 따지고 보면 수리하고 나서 출력 조정을 깜빡한 내 탓이지.,아냐. 따지고 보면 수리하고 나서 출력 조정을 깜빡한 내 탓이지.,campaign_d1_bar_139,\N,\N,wait,,script/bar/day1,script_bar_day1_scenes_1_steps_139,script_bar_day1_scenes_1,steps,139,migration_steps_c086580ba4,,\N
,141,say,aili,default,"뭐, 오늘은 이런 얘기 하려고 온 건 아니고! 네가 일한다는 말을 포트한테 듣고, 안구 정화도 할 겸 한잔하러 왔어.","뭐, 오늘은 이런 얘기 하려고 온 건 아니고! 네가 일한다는 말을 포트한테 듣고, 안구 정화도 할 겸 한잔하러 왔어.",campaign_d1_bar_140,\N,\N,wait,,script/bar/day1,script_bar_day1_scenes_1_steps_140,script_bar_day1_scenes_1,steps,140,migration_steps_c086580ba4,,\N
,142,say,luna,default,그럼 어떤 걸 주문하시겠어요?,그럼 어떤 걸 주문하시겠어요?,campaign_d1_bar_141,\N,\N,wait,,script/bar/day1,script_bar_day1_scenes_1_steps_141,script_bar_day1_scenes_1,steps,141,migration_steps_c086580ba4,,\N
,143,say,aili,default,음… 혹시 코스모폴리탄 돼? 예전에 맨날 마시던 건데.,음… 혹시 코스모폴리탄 돼? 예전에 맨날 마시던 건데.,campaign_d1_bar_142,\N,\N,wait,,script/bar/day1,script_bar_day1_scenes_1_steps_142,script_bar_day1_scenes_1,steps,142,migration_steps_c086580ba4,,\N
,144,say,luna,default,지금은 재료가 부족해서 불가능하네요.,지금은 재료가 부족해서 불가능하네요.,campaign_d1_bar_143,\N,\N,wait,,script/bar/day1,script_bar_day1_scenes_1_steps_143,script_bar_day1_scenes_1,steps,143,migration_steps_c086580ba4,,\N
,145,say,aili,default,으… 그래도 나중엔 만들 수 있는 거지…?,으… 그래도 나중엔 만들 수 있는 거지…?,campaign_d1_bar_144,\N,\N,wait,,script/bar/day1,script_bar_day1_scenes_1_steps_144,script_bar_day1_scenes_1,steps,144,migration_steps_c086580ba4,,\N
,146,say,luna,default,그건 크리스가 재료를 구할 수 있느냐에 달려 있습니다.,그건 크리스가 재료를 구할 수 있느냐에 달려 있습니다.,campaign_d1_bar_145,\N,\N,wait,,script/bar/day1,script_bar_day1_scenes_1_steps_145,script_bar_day1_scenes_1,steps,145,migration_steps_c086580ba4,,\N
,147,say,aili,default,"못 구하기만 해 봐라… 크리스, 이 자식…","못 구하기만 해 봐라… 크리스, 이 자식…",campaign_d1_bar_146,\N,\N,wait,,script/bar/day1,script_bar_day1_scenes_1_steps_146,script_bar_day1_scenes_1,steps,146,migration_steps_c086580ba4,,\N
,148,say,aili,default,그러면 혹시 샴페인은 있어?,그러면 혹시 샴페인은 있어?,campaign_d1_bar_147,\N,\N,wait,,script/bar/day1,script_bar_day1_scenes_1_steps_147,script_bar_day1_scenes_1,steps,147,migration_steps_c086580ba4,,\N
,149,say,luna,default,"네, 있습니다.","네, 있습니다.",campaign_d1_bar_148,\N,\N,wait,,script/bar/day1,script_bar_day1_scenes_1_steps_148,script_bar_day1_scenes_1,steps,148,migration_steps_c086580ba4,,\N
,150,say,aili,default,오호. 이건 또 있나 보네. 그럼 그걸로 한 잔 부탁할게.,오호. 이건 또 있나 보네. 그럼 그걸로 한 잔 부탁할게.,campaign_d1_bar_149,\N,\N,wait,,script/bar/day1,script_bar_day1_scenes_1_steps_149,script_bar_day1_scenes_1,steps,149,migration_steps_c086580ba4,,\N
,151,say,luna,default,(샴페인 한 잔.),(샴페인 한 잔.),campaign_d1_bar_150,\N,\N,wait,,script/bar/day1,script_bar_day1_scenes_1_steps_150,script_bar_day1_scenes_1,steps,150,migration_steps_c086580ba4,,\N
,152,order,aili,exact:champagne,,,\N,\N,\N,wait,,script/bar/day1,script_bar_day1_scenes_1_steps_151,script_bar_day1_scenes_1,steps,151,migration_steps_3b98d21457,\N,\N
,153,craft,aili,order,,,\N,\N,\N,wait,,script/bar/day1,script_bar_day1_scenes_1_steps_152,script_bar_day1_scenes_1,steps,152,migration_steps_3b98d21457,\N,\N
,154,serve,aili,\N,,,\N,\N,\N,wait,,script/bar/day1,script_bar_day1_scenes_1_steps_153,script_bar_day1_scenes_1,steps,153,migration_steps_f8e3b89266,\N,\N
,155,say,luna,default,나왔습니다.,나왔습니다.,campaign_d1_bar_154,\N,\N,wait,,script/bar/day1,script_bar_day1_scenes_1_steps_154,script_bar_day1_scenes_1,steps,154,migration_steps_c086580ba4,,\N
,156,say,aili,default,오… 좋은데? 샴페인은 예전이랑 똑같은 걸 쓰나 보네.,오… 좋은데? 샴페인은 예전이랑 똑같은 걸 쓰나 보네.,campaign_d1_bar_155,\N,\N,wait,,script/bar/day1,script_bar_day1_scenes_1_steps_155,script_bar_day1_scenes_1,steps,155,migration_steps_c086580ba4,,\N
,157,say,luna,default,다행이네요.,다행이네요.,campaign_d1_bar_156,\N,\N,wait,,script/bar/day1,script_bar_day1_scenes_1_steps_156,script_bar_day1_scenes_1,steps,156,migration_steps_c086580ba4,,\N
,158,say,aili,default,일하는 걸 보니 이제 좀 적응했나 봐?,일하는 걸 보니 이제 좀 적응했나 봐?,campaign_d1_bar_157,\N,\N,wait,,script/bar/day1,script_bar_day1_scenes_1_steps_157,script_bar_day1_scenes_1,steps,157,migration_steps_c086580ba4,,\N
,159,say,luna,default,업무는 대부분 이해한 것 같아요. 하지만…,업무는 대부분 이해한 것 같아요. 하지만…,campaign_d1_bar_158,\N,\N,wait,,script/bar/day1,script_bar_day1_scenes_1_steps_158,script_bar_day1_scenes_1,steps,158,migration_steps_c086580ba4,,\N
,160,say,aili,default,하지만?,하지만?,campaign_d1_bar_159,\N,\N,wait,,script/bar/day1,script_bar_day1_scenes_1_steps_159,script_bar_day1_scenes_1,steps,159,migration_steps_c086580ba4,,\N
,161,say,luna,default,"어떤 손님이 제가 모르는 레시피의 칵테일을 만들어 달라고 하셔서, 어떻게 해야 할지 고민하고 있었어요.","어떤 손님이 제가 모르는 레시피의 칵테일을 만들어 달라고 하셔서, 어떻게 해야 할지 고민하고 있었어요.",campaign_d1_bar_160,\N,\N,wait,,script/bar/day1,script_bar_day1_scenes_1_steps_160,script_bar_day1_scenes_1,steps,160,migration_steps_c086580ba4,,\N
,162,say,aili,default,어떤 레시피길래? 웬만한 건 크리스가 알고 있을 텐데.,어떤 레시피길래? 웬만한 건 크리스가 알고 있을 텐데.,campaign_d1_bar_161,\N,\N,wait,,script/bar/day1,script_bar_day1_scenes_1_steps_161,script_bar_day1_scenes_1,steps,161,migration_steps_c086580ba4,,\N
,163,say,luna,default,예전에 여기 계셨던 조니라는 분이 만든 칵테일이라고 해요. 지금 레시피 DB에는 그 제조법이 없는 것 같아요.,예전에 여기 계셨던 조니라는 분이 만든 칵테일이라고 해요. 지금 레시피 DB에는 그 제조법이 없는 것 같아요.,campaign_d1_bar_162,\N,\N,wait,,script/bar/day1,script_bar_day1_scenes_1_steps_162,script_bar_day1_scenes_1,steps,162,migration_steps_c086580ba4,,\N
,164,say,aili,default,아하… 그 할아범이 만든 거라면 그럴 만하네.,아하… 그 할아범이 만든 거라면 그럴 만하네.,campaign_d1_bar_163,\N,\N,wait,,script/bar/day1,script_bar_day1_scenes_1_steps_163,script_bar_day1_scenes_1,steps,163,migration_steps_c086580ba4,,\N
,165,say,luna,default,어떤 이유가 있나요?,어떤 이유가 있나요?,campaign_d1_bar_164,\N,\N,wait,,script/bar/day1,script_bar_day1_scenes_1_steps_164,script_bar_day1_scenes_1,steps,164,migration_steps_c086580ba4,,\N
,166,say,aili,default,그 할아범은 자기가 정한 기본 레시피를 고수하는 편이었어. 그래도 가끔은 상황에 맞춰 레시피를 바꿔 주기도 했거든.,그 할아범은 자기가 정한 기본 레시피를 고수하는 편이었어. 그래도 가끔은 상황에 맞춰 레시피를 바꿔 주기도 했거든.,campaign_d1_bar_165,\N,\N,wait,,script/bar/day1,script_bar_day1_scenes_1_steps_165,script_bar_day1_scenes_1,steps,165,migration_steps_c086580ba4,,\N
,167,say,luna,default,어떤 상황에서 레시피를 바꾸는 건가요?,어떤 상황에서 레시피를 바꾸는 건가요?,campaign_d1_bar_166,\N,\N,wait,,script/bar/day1,script_bar_day1_scenes_1_steps_166,script_bar_day1_scenes_1,steps,166,migration_steps_c086580ba4,,\N
,168,say,aili,default,음…,음…,campaign_d1_bar_167,\N,\N,wait,,script/bar/day1,script_bar_day1_scenes_1_steps_167,script_bar_day1_scenes_1,steps,167,migration_steps_c086580ba4,,\N
,169,say,aili,default,"만약 이미 만취한 손님이 술을 더 달라고 하면, 루나 넌 어떡할래?","만약 이미 만취한 손님이 술을 더 달라고 하면, 루나 넌 어떡할래?",campaign_d1_bar_168,\N,\N,wait,,script/bar/day1,script_bar_day1_scenes_1_steps_168,script_bar_day1_scenes_1,steps,168,migration_steps_c086580ba4,,\N
,170,say,luna,default,술을 드릴 것 같습니다.,술을 드릴 것 같습니다.,campaign_d1_bar_169,\N,\N,wait,,script/bar/day1,script_bar_day1_scenes_1_steps_169,script_bar_day1_scenes_1,steps,169,migration_steps_c086580ba4,,\N
,171,say,aili,default,그걸 마신 손님이 테이블에 토를 하거나 난동을 부린다면?,그걸 마신 손님이 테이블에 토를 하거나 난동을 부린다면?,campaign_d1_bar_170,\N,\N,wait,,script/bar/day1,script_bar_day1_scenes_1_steps_170,script_bar_day1_scenes_1,steps,170,migration_steps_c086580ba4,,\N
,172,say,luna,default,음… 그러면 드리지 않는 게 맞다고 생각해요.,음… 그러면 드리지 않는 게 맞다고 생각해요.,campaign_d1_bar_171,\N,\N,wait,,script/bar/day1,script_bar_day1_scenes_1_steps_171,script_bar_day1_scenes_1,steps,171,migration_steps_c086580ba4,,\N
,173,say,aili,default,그 손님이 술을 왜 안 주냐고 화를 내거나 따진다면?,그 손님이 술을 왜 안 주냐고 화를 내거나 따진다면?,campaign_d1_bar_172,\N,\N,wait,,script/bar/day1,script_bar_day1_scenes_1_steps_172,script_bar_day1_scenes_1,steps,172,migration_steps_c086580ba4,,\N
,174,say,luna,default,…잘 모르겠습니다.,…잘 모르겠습니다.,campaign_d1_bar_173,\N,\N,wait,,script/bar/day1,script_bar_day1_scenes_1_steps_173,script_bar_day1_scenes_1,steps,173,migration_steps_c086580ba4,,\N
,175,say,aili,default,누구나 난감해할 상황이지. 근데 그 할아범은 그런 상황도 쉽게 해결하더라고.,누구나 난감해할 상황이지. 근데 그 할아범은 그런 상황도 쉽게 해결하더라고.,campaign_d1_bar_174,\N,\N,wait,,script/bar/day1,script_bar_day1_scenes_1_steps_174,script_bar_day1_scenes_1,steps,174,migration_steps_c086580ba4,,\N
,176,say,luna,default,어떻게 말이죠?,어떻게 말이죠?,campaign_d1_bar_175,\N,\N,wait,,script/bar/day1,script_bar_day1_scenes_1_steps_175,script_bar_day1_scenes_1,steps,175,migration_steps_c086580ba4,,\N
,177,say,aili,default,"나도 잘은 몰라. 손님이랑 이야기를 많이 나누고, 최대한 그 사람에게 맞춰 주는 느낌이긴 했는데.","나도 잘은 몰라. 손님이랑 이야기를 많이 나누고, 최대한 그 사람에게 맞춰 주는 느낌이긴 했는데.",campaign_d1_bar_176,\N,\N,wait,,script/bar/day1,script_bar_day1_scenes_1_steps_176,script_bar_day1_scenes_1,steps,176,migration_steps_c086580ba4,,\N
,178,say,luna,default,…저로서는 지금 이해하기 힘든 사고방식이네요.,…저로서는 지금 이해하기 힘든 사고방식이네요.,campaign_d1_bar_177,\N,\N,wait,,script/bar/day1,script_bar_day1_scenes_1_steps_177,script_bar_day1_scenes_1,steps,177,migration_steps_c086580ba4,,\N
,179,say,aili,default,너무 어렵게 생각할 필요는 없어. 나도 그렇게까지는 못하거든. 그 할아범이 신기한 거지.,너무 어렵게 생각할 필요는 없어. 나도 그렇게까지는 못하거든. 그 할아범이 신기한 거지.,campaign_d1_bar_178,\N,\N,wait,,script/bar/day1,script_bar_day1_scenes_1_steps_178,script_bar_day1_scenes_1,steps,178,migration_steps_c086580ba4,,\N
,180,say,aili,default,"그렇게 남들이 못 하는 걸 해내는 사람이었으니, 이 가게도 유명했지.","그렇게 남들이 못 하는 걸 해내는 사람이었으니, 이 가게도 유명했지.",campaign_d1_bar_179,\N,\N,wait,,script/bar/day1,script_bar_day1_scenes_1_steps_179,script_bar_day1_scenes_1,steps,179,migration_steps_c086580ba4,,\N
,181,say,aili,default,저기 저 기업 구역에 있는 높으신 양반들이 찾아올 정도로 말이야.,저기 저 기업 구역에 있는 높으신 양반들이 찾아올 정도로 말이야.,campaign_d1_bar_180,\N,\N,wait,,script/bar/day1,script_bar_day1_scenes_1_steps_180,script_bar_day1_scenes_1,steps,180,migration_steps_c086580ba4,,\N
,182,say,luna,default,…,…,campaign_d1_bar_181,\N,\N,wait,,script/bar/day1,script_bar_day1_scenes_1_steps_181,script_bar_day1_scenes_1,steps,181,migration_steps_c086580ba4,,\N
,183,say,aili,default,"아, 루나. 너도 저쪽 놈들한테 그리 좋은 감정은 없지?","아, 루나. 너도 저쪽 놈들한테 그리 좋은 감정은 없지?",campaign_d1_bar_182,\N,\N,wait,,script/bar/day1,script_bar_day1_scenes_1_steps_182,script_bar_day1_scenes_1,steps,182,migration_steps_c086580ba4,,\N
,184,say,luna,default,그런 건 아니지만 저에게 위협이 되는 세력이라고 들어서 조심하고 있습니다.,그런 건 아니지만 저에게 위협이 되는 세력이라고 들어서 조심하고 있습니다.,campaign_d1_bar_183,\N,\N,wait,,script/bar/day1,script_bar_day1_scenes_1_steps_183,script_bar_day1_scenes_1,steps,183,migration_steps_c086580ba4,,\N
,185,say,aili,default,걱정 마. 그 개같은 자식들이 다시 이곳을 찾아올 일은 이제 없으니까.,걱정 마. 그 개같은 자식들이 다시 이곳을 찾아올 일은 이제 없으니까.,campaign_d1_bar_184,\N,\N,wait,,script/bar/day1,script_bar_day1_scenes_1_steps_184,script_bar_day1_scenes_1,steps,184,migration_steps_c086580ba4,,\N
,186,say,luna,default,그건 다행이네요.,그건 다행이네요.,campaign_d1_bar_185,\N,\N,wait,,script/bar/day1,script_bar_day1_scenes_1_steps_185,script_bar_day1_scenes_1,steps,185,migration_steps_c086580ba4,,\N
,187,enter,chris,R,,,\N,\N,\N,wait,,script/bar/day1,script_bar_day1_scenes_1_steps_186,script_bar_day1_scenes_1,steps,186,migration_steps_3b98d21457,\N,\N
,188,effect,chris,\N,,,\N,\N,\N,wait,,script/bar/day1,script_bar_day1_scenes_1_steps_187,script_bar_day1_scenes_1,steps,187,migration_steps_f8e3b89266,\N,\N
,189,say,chris,default,"루나, 슬슬 교대해도 될 것 같은데.","루나, 슬슬 교대해도 될 것 같은데.",campaign_d1_bar_188,\N,\N,wait,,script/bar/day1,script_bar_day1_scenes_1_steps_188,script_bar_day1_scenes_1,steps,188,migration_steps_c086580ba4,,\N
,190,say,chris,default,"뭐야, 마지막으로 남은 손님이 너였냐.","뭐야, 마지막으로 남은 손님이 너였냐.",campaign_d1_bar_189,\N,\N,wait,,script/bar/day1,script_bar_day1_scenes_1_steps_189,script_bar_day1_scenes_1,steps,189,migration_steps_c086580ba4,,\N
,191,say,aili,default,"반갑다, 음침한 아저씨.","반갑다, 음침한 아저씨.",campaign_d1_bar_190,\N,\N,wait,,script/bar/day1,script_bar_day1_scenes_1_steps_190,script_bar_day1_scenes_1,steps,190,migration_steps_c086580ba4,,\N
,192,say,chris,default,…요즘 왜 자꾸 음침하다는 소리를 듣는 거지?,…요즘 왜 자꾸 음침하다는 소리를 듣는 거지?,campaign_d1_bar_191,\N,\N,wait,,script/bar/day1,script_bar_day1_scenes_1_steps_191,script_bar_day1_scenes_1,steps,191,migration_steps_c086580ba4,,\N
,193,say,aili,default,너네 집엔 거울이 없어?,너네 집엔 거울이 없어?,campaign_d1_bar_192,\N,\N,wait,,script/bar/day1,script_bar_day1_scenes_1_steps_192,script_bar_day1_scenes_1,steps,192,migration_steps_c086580ba4,,\N
,194,say,chris,default,거울이 전에 망가지긴 했지.,거울이 전에 망가지긴 했지.,campaign_d1_bar_193,\N,\N,wait,,script/bar/day1,script_bar_day1_scenes_1_steps_193,script_bar_day1_scenes_1,steps,193,migration_steps_c086580ba4,,\N
,195,say,aili,default,음… 진짜 없었네. 아무튼.,음… 진짜 없었네. 아무튼.,campaign_d1_bar_194,\N,\N,wait,,script/bar/day1,script_bar_day1_scenes_1_steps_194,script_bar_day1_scenes_1,steps,194,migration_steps_c086580ba4,,\N
,196,say,aili,default,"한번 거울을 봐. 항상 그렇게 -_- 이런 표정으로 다니면서 잘 웃지도 않잖아. 그게 음침이지, 상큼이야?","한번 거울을 봐. 항상 그렇게 -_- 이런 표정으로 다니면서 잘 웃지도 않잖아. 그게 음침이지, 상큼이야?",campaign_d1_bar_195,\N,\N,wait,,script/bar/day1,script_bar_day1_scenes_1_steps_195,script_bar_day1_scenes_1,steps,195,migration_steps_c086580ba4,,\N
,197,say,chris,default,…,…,campaign_d1_bar_196,\N,\N,wait,,script/bar/day1,script_bar_day1_scenes_1_steps_196,script_bar_day1_scenes_1,steps,196,migration_steps_c086580ba4,,\N
,198,say,luna,default,‘음침’이랑 ‘상큼’이라는 단어가 이렇게도 쓰이는군요. 하나 더 배운 것 같습니다.,‘음침’이랑 ‘상큼’이라는 단어가 이렇게도 쓰이는군요. 하나 더 배운 것 같습니다.,campaign_d1_bar_197,\N,\N,wait,,script/bar/day1,script_bar_day1_scenes_1_steps_197,script_bar_day1_scenes_1,steps,197,migration_steps_c086580ba4,,\N
,199,say,chris,default,저런 건 안 배워도 돼.,저런 건 안 배워도 돼.,campaign_d1_bar_198,\N,\N,wait,,script/bar/day1,script_bar_day1_scenes_1_steps_198,script_bar_day1_scenes_1,steps,198,migration_steps_c086580ba4,,\N
,200,say,aili,default,킥킥. 루나 앞이라 열 좀 받나 보네.,킥킥. 루나 앞이라 열 좀 받나 보네.,campaign_d1_bar_199,\N,\N,wait,,script/bar/day1,script_bar_day1_scenes_1_steps_199,script_bar_day1_scenes_1,steps,199,migration_steps_c086580ba4,,\N
,201,say,chris,default,이 이상한 꼬맹이가 온 것 말고는 별일 없었나?,이 이상한 꼬맹이가 온 것 말고는 별일 없었나?,campaign_d1_bar_200,\N,\N,wait,,script/bar/day1,script_bar_day1_scenes_1_steps_200,script_bar_day1_scenes_1,steps,200,migration_steps_c086580ba4,,\N
,202,say,aili,default,누구 보고 꼬맹이래. 팍씨.,누구 보고 꼬맹이래. 팍씨.,campaign_d1_bar_201,\N,\N,wait,,script/bar/day1,script_bar_day1_scenes_1_steps_201,script_bar_day1_scenes_1,steps,201,migration_steps_c086580ba4,,\N
,203,say,luna,default,"네. 별일은 없었는데, 예전에 조니가 만든 칵테일을 다시 만들어 달라는 부탁을 받았습니다.","네. 별일은 없었는데, 예전에 조니가 만든 칵테일을 다시 만들어 달라는 부탁을 받았습니다.",campaign_d1_bar_202,\N,\N,wait,,script/bar/day1,script_bar_day1_scenes_1_steps_202,script_bar_day1_scenes_1,steps,202,migration_steps_c086580ba4,,\N
,204,say,chris,default,음? 누가 그런 말을 했지?,음? 누가 그런 말을 했지?,campaign_d1_bar_203,\N,\N,wait,,script/bar/day1,script_bar_day1_scenes_1_steps_203,script_bar_day1_scenes_1,steps,203,migration_steps_c086580ba4,,\N
,205,say,luna,default,"이름은 톰이라고 했고, 늑대 엠블럼이 박힌 코트를 입고 있었습니다.","이름은 톰이라고 했고, 늑대 엠블럼이 박힌 코트를 입고 있었습니다.",campaign_d1_bar_204,\N,\N,wait,,script/bar/day1,script_bar_day1_scenes_1_steps_204,script_bar_day1_scenes_1,steps,204,migration_steps_c086580ba4,,\N
,206,say,chris,default,…내가 아는 그 톰인가 보군.,…내가 아는 그 톰인가 보군.,campaign_d1_bar_205,\N,\N,wait,,script/bar/day1,script_bar_day1_scenes_1_steps_205,script_bar_day1_scenes_1,steps,205,migration_steps_c086580ba4,,\N
,207,say,chris,default,걔가 마시던 칵테일은 레시피가 남아 있지 않아. 전 마스터가 기본 레시피를 변형해서 만들던 거라.,걔가 마시던 칵테일은 레시피가 남아 있지 않아. 전 마스터가 기본 레시피를 변형해서 만들던 거라.,campaign_d1_bar_206,\N,\N,wait,,script/bar/day1,script_bar_day1_scenes_1_steps_206,script_bar_day1_scenes_1,steps,206,migration_steps_c086580ba4,,\N
,208,say,chris,default,그걸 다시 만드는 건… 힘들 것 같군.,그걸 다시 만드는 건… 힘들 것 같군.,campaign_d1_bar_207,\N,\N,wait,,script/bar/day1,script_bar_day1_scenes_1_steps_207,script_bar_day1_scenes_1,steps,207,migration_steps_c086580ba4,,\N
,209,say,luna,default,그렇군요. 어쩔 수 없나 보네요.,그렇군요. 어쩔 수 없나 보네요.,campaign_d1_bar_208,\N,\N,wait,,script/bar/day1,script_bar_day1_scenes_1_steps_208,script_bar_day1_scenes_1,steps,208,migration_steps_c086580ba4,,\N
,210,say,aili,default,"음… 좀 조심스럽긴 한데, 조니의 기억 데이터를 보면 알 수 있지 않을까?","음… 좀 조심스럽긴 한데, 조니의 기억 데이터를 보면 알 수 있지 않을까?",campaign_d1_bar_209,\N,\N,wait,,script/bar/day1,script_bar_day1_scenes_1_steps_209,script_bar_day1_scenes_1,steps,209,migration_steps_c086580ba4,,\N
,211,say,chris,default,…,…,campaign_d1_bar_210,\N,\N,wait,,script/bar/day1,script_bar_day1_scenes_1_steps_210,script_bar_day1_scenes_1,steps,210,migration_steps_c086580ba4,,\N
,212,say,aili,default,조니의 유골 캡슐이랑 기억 데이터 칩을 같이 보관하고 있다고 들었는데.,조니의 유골 캡슐이랑 기억 데이터 칩을 같이 보관하고 있다고 들었는데.,campaign_d1_bar_211,\N,\N,wait,,script/bar/day1,script_bar_day1_scenes_1_steps_211,script_bar_day1_scenes_1,steps,211,migration_steps_c086580ba4,,\N
,213,say,aili,default,지금 그걸 직접 보는 건… 너한테는 힘들겠지만. 루나가 보는 건 괜찮지 않을까?,지금 그걸 직접 보는 건… 너한테는 힘들겠지만. 루나가 보는 건 괜찮지 않을까?,campaign_d1_bar_212,\N,\N,wait,,script/bar/day1,script_bar_day1_scenes_1_steps_212,script_bar_day1_scenes_1,steps,212,migration_steps_c086580ba4,,\N
,214,say,chris,default,…확실히. 그 영감도 이대로 잊히는 건 원하지 않겠지.,…확실히. 그 영감도 이대로 잊히는 건 원하지 않겠지.,campaign_d1_bar_213,\N,\N,wait,,script/bar/day1,script_bar_day1_scenes_1_steps_213,script_bar_day1_scenes_1,steps,213,migration_steps_c086580ba4,,\N
,215,say,luna,default,"그 칩에 담긴 기억을 보면, 톰이 부탁한 칵테일에 대해서도 알 수 있는 건가요?","그 칩에 담긴 기억을 보면, 톰이 부탁한 칵테일에 대해서도 알 수 있는 건가요?",campaign_d1_bar_214,\N,\N,wait,,script/bar/day1,script_bar_day1_scenes_1_steps_214,script_bar_day1_scenes_1,steps,214,migration_steps_c086580ba4,,\N
,216,say,chris,default,"아마 그럴 거야. 하지만 사고로 손상된 부분도 있고, 워낙 데이터가 많아서 정리도 필요해.","아마 그럴 거야. 하지만 사고로 손상된 부분도 있고, 워낙 데이터가 많아서 정리도 필요해.",campaign_d1_bar_215,\N,\N,wait,,script/bar/day1,script_bar_day1_scenes_1_steps_215,script_bar_day1_scenes_1,steps,215,migration_steps_c086580ba4,,\N
,217,say,aili,default,그런 거라면 위층 작업장에 처박혀서 기계랑 짝짜꿍하고 있는 포트 전문이지.,그런 거라면 위층 작업장에 처박혀서 기계랑 짝짜꿍하고 있는 포트 전문이지.,campaign_d1_bar_216,\N,\N,wait,,script/bar/day1,script_bar_day1_scenes_1_steps_216,script_bar_day1_scenes_1,steps,216,migration_steps_c086580ba4,,\N
,218,say,chris,default,…좋아. 오늘 영업 끝나면 포트한테 맡겨 보지. 조니의 칩이랑 복원에 필요한 건 내가 전달할게.,…좋아. 오늘 영업 끝나면 포트한테 맡겨 보지. 조니의 칩이랑 복원에 필요한 건 내가 전달할게.,campaign_d1_bar_217,\N,\N,wait,,script/bar/day1,script_bar_day1_scenes_1_steps_217,script_bar_day1_scenes_1,steps,217,migration_steps_c086580ba4,,\N
,219,say,luna,default,"네, 알겠어요.","네, 알겠어요.",campaign_d1_bar_218,\N,\N,wait,,script/bar/day1,script_bar_day1_scenes_1_steps_218,script_bar_day1_scenes_1,steps,218,migration_steps_c086580ba4,,\N
,220,say,aili,default,기대되는걸.,기대되는걸.,campaign_d1_bar_219,\N,\N,wait,,script/bar/day1,script_bar_day1_scenes_1_steps_219,script_bar_day1_scenes_1,steps,219,migration_steps_c086580ba4,,\N
,221,say,luna,default,어떤 게요?,어떤 게요?,campaign_d1_bar_220,\N,\N,wait,,script/bar/day1,script_bar_day1_scenes_1_steps_220,script_bar_day1_scenes_1,steps,220,migration_steps_c086580ba4,,\N
,222,say,aili,default,왠지 네가 조니의 뒤를 이을 것 같은 느낌이 들어서.,왠지 네가 조니의 뒤를 이을 것 같은 느낌이 들어서.,campaign_d1_bar_221,\N,\N,wait,,script/bar/day1,script_bar_day1_scenes_1_steps_221,script_bar_day1_scenes_1,steps,221,migration_steps_c086580ba4,,\N
,223,say,luna,default,뒤를 잇는다는 게 어떤 건지 모르겠네요.,뒤를 잇는다는 게 어떤 건지 모르겠네요.,campaign_d1_bar_222,\N,\N,wait,,script/bar/day1,script_bar_day1_scenes_1_steps_222,script_bar_day1_scenes_1,steps,222,migration_steps_c086580ba4,,\N
,224,say,aili,default,우리 예쁜이가 조금씩 성장하다 보면 알게 될 거야.,우리 예쁜이가 조금씩 성장하다 보면 알게 될 거야.,campaign_d1_bar_223,\N,\N,wait,,script/bar/day1,script_bar_day1_scenes_1_steps_223,script_bar_day1_scenes_1,steps,223,migration_steps_c086580ba4,,\N
,225,say,chris,default,일단 나머지는 나중에 얘기하고.,일단 나머지는 나중에 얘기하고.,campaign_d1_bar_224,\N,\N,wait,,script/bar/day1,script_bar_day1_scenes_1_steps_224,script_bar_day1_scenes_1,steps,224,migration_steps_c086580ba4,,\N
,226,say,chris,default,"루나, 더 늦기 전에 먼저 들어가.","루나, 더 늦기 전에 먼저 들어가.",campaign_d1_bar_225,\N,\N,wait,,script/bar/day1,script_bar_day1_scenes_1_steps_225,script_bar_day1_scenes_1,steps,225,migration_steps_c086580ba4,,\N
,227,say,luna,default,알겠습니다.,알겠습니다.,campaign_d1_bar_226,\N,\N,wait,,script/bar/day1,script_bar_day1_scenes_1_steps_226,script_bar_day1_scenes_1,steps,226,migration_steps_c086580ba4,,\N
,228,say,aili,default,"잘 가, 예쁜이. 나중에 또 보자고.","잘 가, 예쁜이. 나중에 또 보자고.",campaign_d1_bar_227,\N,\N,wait,,script/bar/day1,script_bar_day1_scenes_1_steps_227,script_bar_day1_scenes_1,steps,227,migration_steps_c086580ba4,,\N
,229,say,luna,default,"네, 나중에 봐요, 아일리.","네, 나중에 봐요, 아일리.",campaign_d1_bar_228,\N,\N,wait,,script/bar/day1,script_bar_day1_scenes_1_steps_228,script_bar_day1_scenes_1,steps,228,migration_steps_c086580ba4,,\N
,1,enter,chris,R,,,\N,\N,\N,wait,,script/bar/day2,script_bar_day2_scenes_0_steps_0,script_bar_day2_scenes_0,steps,0,migration_steps_3b98d21457,\N,\N
,2,say,chris,default,오늘도 새로 가져온 재료로 만들 수 있는 칵테일은 레시피 DB에 새로 업데이트했으니까 보면 될 거야.,오늘도 새로 가져온 재료로 만들 수 있는 칵테일은 레시피 DB에 새로 업데이트했으니까 보면 될 거야.,campaign_d2_bar_open_1,\N,\N,wait,,script/bar/day2,script_bar_day2_scenes_0_steps_1,script_bar_day2_scenes_0,steps,1,migration_steps_c086580ba4,,\N
,3,say,luna,default,확인했습니다.,확인했습니다.,campaign_d2_bar_open_2,\N,\N,wait,,script/bar/day2,script_bar_day2_scenes_0_steps_2,script_bar_day2_scenes_0,steps,2,migration_steps_c086580ba4,,\N
,4,say,chris,default,좋아. 그럼 부탁할게.,좋아. 그럼 부탁할게.,campaign_d2_bar_open_3,\N,\N,wait,,script/bar/day2,script_bar_day2_scenes_0_steps_3,script_bar_day2_scenes_0,steps,3,migration_steps_c086580ba4,,\N
,5,say,luna,default,(시작해 보자.),(시작해 보자.),campaign_d2_bar_open_4,\N,\N,wait,,script/bar/day2,script_bar_day2_scenes_0_steps_4,script_bar_day2_scenes_0,steps,4,migration_steps_c086580ba4,,\N
,1,say,luna,default,(흠… 더 이상 안 들어오네. 슬슬 정리해야 하나.),(흠… 더 이상 안 들어오네. 슬슬 정리해야 하나.),campaign_d2_bar_0,\N,\N,wait,,script/bar/day2,script_bar_day2_scenes_1_steps_0,script_bar_day2_scenes_1,steps,0,migration_steps_c086580ba4,,\N
,2,enter,samho,L,,,\N,\N,\N,wait,,script/bar/day2,script_bar_day2_scenes_1_steps_1,script_bar_day2_scenes_1,steps,1,migration_steps_3b98d21457,\N,\N
,3,effect,samho,\N,,,\N,\N,\N,wait,,script/bar/day2,script_bar_day2_scenes_1_steps_2,script_bar_day2_scenes_1,steps,2,migration_steps_f8e3b89266,\N,\N
,4,say,samho,default,안녕. 또 보네?,안녕. 또 보네?,campaign_d2_bar_3,\N,\N,wait,,script/bar/day2,script_bar_day2_scenes_1_steps_3,script_bar_day2_scenes_1,steps,3,migration_steps_c086580ba4,,\N
,5,say,luna,default,"안녕하세요, 손님.","안녕하세요, 손님.",campaign_d2_bar_4,\N,\N,wait,,script/bar/day2,script_bar_day2_scenes_1_steps_4,script_bar_day2_scenes_1,steps,4,migration_steps_c086580ba4,,\N
,6,say,samho,default,그래. 여기가 언노운이구나.,그래. 여기가 언노운이구나.,campaign_d2_bar_5,\N,\N,wait,,script/bar/day2,script_bar_day2_scenes_1_steps_5,script_bar_day2_scenes_1,steps,5,migration_steps_c086580ba4,,\N
,7,say,samho,default,말로만 들었을 때는 무슨 이 동네랑은 다른 공간처럼 느껴진다거나 잊지 못할 경험을 하는 곳이라고 들었는데.,말로만 들었을 때는 무슨 이 동네랑은 다른 공간처럼 느껴진다거나 잊지 못할 경험을 하는 곳이라고 들었는데.,campaign_d2_bar_6,\N,\N,wait,,script/bar/day2,script_bar_day2_scenes_1_steps_6,script_bar_day2_scenes_1,steps,6,migration_steps_c086580ba4,,\N
,8,say,samho,default,…인테리어는 좀 고급스럽긴 하지만 딱히 특별할 건 없네. 오히려 좀 낡아 보이는 거 같기도 하고.,…인테리어는 좀 고급스럽긴 하지만 딱히 특별할 건 없네. 오히려 좀 낡아 보이는 거 같기도 하고.,campaign_d2_bar_7,\N,\N,wait,,script/bar/day2,script_bar_day2_scenes_1_steps_7,script_bar_day2_scenes_1,steps,7,migration_steps_c086580ba4,,\N
,9,say,luna,default,손님으로 오신 거죠?,손님으로 오신 거죠?,campaign_d2_bar_8,\N,\N,wait,,script/bar/day2,script_bar_day2_scenes_1_steps_8,script_bar_day2_scenes_1,steps,8,migration_steps_c086580ba4,,\N
,10,say,samho,default,"그래, 맞아. 근데 나도 그렇지만 너도 참 별종이란 말이지.","그래, 맞아. 근데 나도 그렇지만 너도 참 별종이란 말이지.",campaign_d2_bar_9,\N,\N,wait,,script/bar/day2,script_bar_day2_scenes_1_steps_9,script_bar_day2_scenes_1,steps,9,migration_steps_c086580ba4,,\N
,11,say,luna,default,네? 제가요?,네? 제가요?,campaign_d2_bar_10,\N,\N,wait,,script/bar/day2,script_bar_day2_scenes_1_steps_10,script_bar_day2_scenes_1,steps,10,migration_steps_c086580ba4,,\N
,12,say,samho,default,"그래, 내가 이 동네에서 평생을 살았는데 너처럼 존댓말 쓰는 사람은 거의 처음 봤어.","그래, 내가 이 동네에서 평생을 살았는데 너처럼 존댓말 쓰는 사람은 거의 처음 봤어.",campaign_d2_bar_11,\N,\N,wait,,script/bar/day2,script_bar_day2_scenes_1_steps_11,script_bar_day2_scenes_1,steps,11,migration_steps_c086580ba4,,\N
,13,say,luna,default,…원래 존댓말은 사용하지 않는 건가요?,…원래 존댓말은 사용하지 않는 건가요?,campaign_d2_bar_12,\N,\N,wait,,script/bar/day2,script_bar_day2_scenes_1_steps_12,script_bar_day2_scenes_1,steps,12,migration_steps_c086580ba4,,\N
,14,say,samho,default,너… 어디 살다가 왔길래… 흠… 그래 이런 걸 물어볼 만큼 정이 넘치는 동네는 아니지.,너… 어디 살다가 왔길래… 흠… 그래 이런 걸 물어볼 만큼 정이 넘치는 동네는 아니지.,campaign_d2_bar_13,\N,\N,wait,,script/bar/day2,script_bar_day2_scenes_1_steps_13,script_bar_day2_scenes_1,steps,13,migration_steps_c086580ba4,,\N
,15,say,samho,default,아무튼 그래. 여기선 사람들 존댓말 안 써.,아무튼 그래. 여기선 사람들 존댓말 안 써.,campaign_d2_bar_14,\N,\N,wait,,script/bar/day2,script_bar_day2_scenes_1_steps_14,script_bar_day2_scenes_1,steps,14,migration_steps_c086580ba4,,\N
,16,say,luna,default,생각해 보니 대부분 그랬던 것 같습니다.,생각해 보니 대부분 그랬던 것 같습니다.,campaign_d2_bar_15,\N,\N,wait,,script/bar/day2,script_bar_day2_scenes_1_steps_15,script_bar_day2_scenes_1,steps,15,migration_steps_c086580ba4,,\N
,17,say,samho,default,너 진짜 여기 온 지 얼마 안 되었나 보구나?,너 진짜 여기 온 지 얼마 안 되었나 보구나?,campaign_d2_bar_16,\N,\N,wait,,script/bar/day2,script_bar_day2_scenes_1_steps_16,script_bar_day2_scenes_1,steps,16,migration_steps_c086580ba4,,\N
,18,say,luna,default,맞습니다. 사정이 있어서요.,맞습니다. 사정이 있어서요.,campaign_d2_bar_17,\N,\N,wait,,script/bar/day2,script_bar_day2_scenes_1_steps_17,script_bar_day2_scenes_1,steps,17,migration_steps_c086580ba4,,\N
,19,say,samho,default,다 저마다의 사정이 있지. 알았어. 더는 캐묻지 않을게.,다 저마다의 사정이 있지. 알았어. 더는 캐묻지 않을게.,campaign_d2_bar_18,\N,\N,wait,,script/bar/day2,script_bar_day2_scenes_1_steps_18,script_bar_day2_scenes_1,steps,18,migration_steps_c086580ba4,,\N
,20,say,luna,default,그럼 주문하시겠나요?,그럼 주문하시겠나요?,campaign_d2_bar_19,\N,\N,wait,,script/bar/day2,script_bar_day2_scenes_1_steps_19,script_bar_day2_scenes_1,steps,19,migration_steps_c086580ba4,,\N
,21,say,samho,default,음… 추천하는 걸로 마실게. 나랑 어울릴 만한 걸로. 독한 것만 아니면 돼.,음… 추천하는 걸로 마실게. 나랑 어울릴 만한 걸로. 독한 것만 아니면 돼.,campaign_d2_bar_20,\N,\N,wait,,script/bar/day2,script_bar_day2_scenes_1_steps_20,script_bar_day2_scenes_1,steps,20,migration_steps_c086580ba4,,\N
,22,say,luna,default,네.,네.,campaign_d2_bar_21,\N,\N,wait,,script/bar/day2,script_bar_day2_scenes_1_steps_21,script_bar_day2_scenes_1,steps,21,migration_steps_c086580ba4,,\N
,23,say,luna,default,"(앞에 계신 손님과 어울릴 만한 걸로. 단, 도수가 높지 않은 것.)","(앞에 계신 손님과 어울릴 만한 걸로. 단, 도수가 높지 않은 것.)",campaign_d2_bar_22,\N,\N,wait,,script/bar/day2,script_bar_day2_scenes_1_steps_22,script_bar_day2_scenes_1,steps,22,migration_steps_c086580ba4,,\N
,24,order,samho,free,,,\N,\N,\N,wait,,script/bar/day2,script_bar_day2_scenes_1_steps_23,script_bar_day2_scenes_1,steps,23,migration_steps_3b98d21457,\N,\N
,25,craft,samho,order,,,\N,\N,\N,wait,,script/bar/day2,script_bar_day2_scenes_1_steps_24,script_bar_day2_scenes_1,steps,24,migration_steps_3b98d21457,\N,\N
,26,serve,samho,\N,,,\N,\N,\N,wait,,script/bar/day2,script_bar_day2_scenes_1_steps_25,script_bar_day2_scenes_1,steps,25,migration_steps_f8e3b89266,\N,\N
,27,say,samho,default,오… 괜찮은데?,오… 괜찮은데?,campaign_d2_bar_26,\N,\N,wait,,script/bar/day2,script_bar_day2_scenes_1_steps_26,script_bar_day2_scenes_1,steps,26,migration_steps_c086580ba4,,\N
,28,say,samho,default,"실력이 좋은 건지, 여기서 쓰는 재료가 좋은 건지.","실력이 좋은 건지, 여기서 쓰는 재료가 좋은 건지.",campaign_d2_bar_27,\N,\N,wait,,script/bar/day2,script_bar_day2_scenes_1_steps_27,script_bar_day2_scenes_1,steps,27,migration_steps_c086580ba4,,\N
,29,say,luna,default,레시피대로만 만들면 할 수 있어요.,레시피대로만 만들면 할 수 있어요.,campaign_d2_bar_28,\N,\N,wait,,script/bar/day2,script_bar_day2_scenes_1_steps_28,script_bar_day2_scenes_1,steps,28,migration_steps_c086580ba4,,\N
,30,say,samho,default,"흠, 내가 그 레시피를 안다고 해도 이렇겐 못 만들 것 같은데.","흠, 내가 그 레시피를 안다고 해도 이렇겐 못 만들 것 같은데.",campaign_d2_bar_29,\N,\N,wait,,script/bar/day2,script_bar_day2_scenes_1_steps_29,script_bar_day2_scenes_1,steps,29,migration_steps_c086580ba4,,\N
,31,say,samho,default,여기가 유명했었던 이유가 있는 것 같네.,여기가 유명했었던 이유가 있는 것 같네.,campaign_d2_bar_30,\N,\N,wait,,script/bar/day2,script_bar_day2_scenes_1_steps_30,script_bar_day2_scenes_1,steps,30,migration_steps_c086580ba4,,\N
,32,say,luna,default,여기가 유명했었나요?,여기가 유명했었나요?,campaign_d2_bar_31,\N,\N,wait,,script/bar/day2,script_bar_day2_scenes_1_steps_31,script_bar_day2_scenes_1,steps,31,migration_steps_c086580ba4,,\N
,33,say,samho,default,이렇게 술을 만들어 파는 곳은 기업 구역 빼곤 없다고 보스한테 들었지.,이렇게 술을 만들어 파는 곳은 기업 구역 빼곤 없다고 보스한테 들었지.,campaign_d2_bar_32,\N,\N,wait,,script/bar/day2,script_bar_day2_scenes_1_steps_32,script_bar_day2_scenes_1,steps,32,migration_steps_c086580ba4,,\N
,34,say,samho,default,나도 이런 곳은 처음 보니까. 그래서 유명한 거 아닐까?,나도 이런 곳은 처음 보니까. 그래서 유명한 거 아닐까?,campaign_d2_bar_33,\N,\N,wait,,script/bar/day2,script_bar_day2_scenes_1_steps_33,script_bar_day2_scenes_1,steps,33,migration_steps_c086580ba4,,\N
,35,say,luna,default,그렇군요. 그런데 혹시 어딘가에서 일하고 계신 건가요?,그렇군요. 그런데 혹시 어딘가에서 일하고 계신 건가요?,campaign_d2_bar_34,\N,\N,wait,,script/bar/day2,script_bar_day2_scenes_1_steps_34,script_bar_day2_scenes_1,steps,34,migration_steps_c086580ba4,,\N
,36,say,samho,default,왜? 내가 그냥 할 일 없는 백수로 보여?,왜? 내가 그냥 할 일 없는 백수로 보여?,campaign_d2_bar_35,\N,\N,wait,,script/bar/day2,script_bar_day2_scenes_1_steps_35,script_bar_day2_scenes_1,steps,35,migration_steps_c086580ba4,,\N
,37,say,luna,default,아뇨. 보스라는 말을 하시길래 궁금했어요.,아뇨. 보스라는 말을 하시길래 궁금했어요.,campaign_d2_bar_36,\N,\N,wait,,script/bar/day2,script_bar_day2_scenes_1_steps_36,script_bar_day2_scenes_1,steps,36,migration_steps_c086580ba4,,\N
,38,say,samho,default,"그래, 넌 이런 동네가 처음이니까 그럴 수 있겠네.","그래, 넌 이런 동네가 처음이니까 그럴 수 있겠네.",campaign_d2_bar_37,\N,\N,wait,,script/bar/day2,script_bar_day2_scenes_1_steps_37,script_bar_day2_scenes_1,steps,37,migration_steps_c086580ba4,,\N
,39,say,samho,default,이 동네에서 보스란 건 다는 아니지만 대부분 갱단의 리더를 말하는 거야.,이 동네에서 보스란 건 다는 아니지만 대부분 갱단의 리더를 말하는 거야.,campaign_d2_bar_38,\N,\N,wait,,script/bar/day2,script_bar_day2_scenes_1_steps_38,script_bar_day2_scenes_1,steps,38,migration_steps_c086580ba4,,\N
,40,say,luna,default,그럼 당신도 갱단원인 건가요?,그럼 당신도 갱단원인 건가요?,campaign_d2_bar_39,\N,\N,wait,,script/bar/day2,script_bar_day2_scenes_1_steps_39,script_bar_day2_scenes_1,steps,39,migration_steps_c086580ba4,,\N
,41,say,samho,default,당연하지! 딱 보면 강해 보이지 않나?,당연하지! 딱 보면 강해 보이지 않나?,campaign_d2_bar_40,\N,\N,wait,,script/bar/day2,script_bar_day2_scenes_1_steps_40,script_bar_day2_scenes_1,steps,40,migration_steps_c086580ba4,,\N
,42,say,luna,default,아직 그런 기준은 잘 모르겠습니다.,아직 그런 기준은 잘 모르겠습니다.,campaign_d2_bar_41,\N,\N,wait,,script/bar/day2,script_bar_day2_scenes_1_steps_41,script_bar_day2_scenes_1,steps,41,migration_steps_c086580ba4,,\N
,43,say,samho,default,…애니멀 갱 소속이라고 생각해. 아직 정식은 아니지만 뭐 곧 될 거니까.,…애니멀 갱 소속이라고 생각해. 아직 정식은 아니지만 뭐 곧 될 거니까.,campaign_d2_bar_42,\N,\N,wait,,script/bar/day2,script_bar_day2_scenes_1_steps_42,script_bar_day2_scenes_1,steps,42,migration_steps_c086580ba4,,\N
,44,say,luna,default,이름이 왜 애니멀인가요?,이름이 왜 애니멀인가요?,campaign_d2_bar_43,\N,\N,wait,,script/bar/day2,script_bar_day2_scenes_1_steps_43,script_bar_day2_scenes_1,steps,43,migration_steps_c086580ba4,,\N
,45,say,samho,default,우리 갱은 짐승 같은 강함과 유대를 중요시하지. 또한 요즘 사람들이 하는 꼴을 보고 같은 종족이란 것에 대한 경멸도 있고.,우리 갱은 짐승 같은 강함과 유대를 중요시하지. 또한 요즘 사람들이 하는 꼴을 보고 같은 종족이란 것에 대한 경멸도 있고.,campaign_d2_bar_44,\N,\N,wait,,script/bar/day2,script_bar_day2_scenes_1_steps_44,script_bar_day2_scenes_1,steps,44,migration_steps_c086580ba4,,\N
,46,say,samho,default,솔직히 사람들이 하는 짓을 보면 내가 사람이라는 게 싫어질 정도로 진절머리가 난다니까. 동물들은 그래도 서로 챙겨 주고 지킬 건 지킨다고.,솔직히 사람들이 하는 짓을 보면 내가 사람이라는 게 싫어질 정도로 진절머리가 난다니까. 동물들은 그래도 서로 챙겨 주고 지킬 건 지킨다고.,campaign_d2_bar_45,\N,\N,wait,,script/bar/day2,script_bar_day2_scenes_1_steps_45,script_bar_day2_scenes_1,steps,45,migration_steps_c086580ba4,,\N
,47,say,luna,default,생각보다 철학적인 뜻을 가진 조직이네요.,생각보다 철학적인 뜻을 가진 조직이네요.,campaign_d2_bar_46,\N,\N,wait,,script/bar/day2,script_bar_day2_scenes_1_steps_46,script_bar_day2_scenes_1,steps,46,migration_steps_c086580ba4,,\N
,48,say,samho,default,그렇지? 다른 인간말종 쓰레기들이 모인 갱이랑은 다르다니까?,그렇지? 다른 인간말종 쓰레기들이 모인 갱이랑은 다르다니까?,campaign_d2_bar_47,\N,\N,wait,,script/bar/day2,script_bar_day2_scenes_1_steps_47,script_bar_day2_scenes_1,steps,47,migration_steps_c086580ba4,,\N
,49,say,samho,default,내 보스만 봐도 딱 알 수 있지.,내 보스만 봐도 딱 알 수 있지.,campaign_d2_bar_48,\N,\N,wait,,script/bar/day2,script_bar_day2_scenes_1_steps_48,script_bar_day2_scenes_1,steps,48,migration_steps_c086580ba4,,\N
,50,say,luna,default,어떤 사람인가요?,어떤 사람인가요?,campaign_d2_bar_49,\N,\N,wait,,script/bar/day2,script_bar_day2_scenes_1_steps_49,script_bar_day2_scenes_1,steps,49,migration_steps_c086580ba4,,\N
,51,say,samho,default,"음… 자기 갱 멤버를 가족처럼 여기고 헌신하고, 약자를 돕고 강자에게 맞서는 영웅 같은 사람이지.","음… 자기 갱 멤버를 가족처럼 여기고 헌신하고, 약자를 돕고 강자에게 맞서는 영웅 같은 사람이지.",campaign_d2_bar_50,\N,\N,wait,,script/bar/day2,script_bar_day2_scenes_1_steps_50,script_bar_day2_scenes_1,steps,50,migration_steps_c086580ba4,,\N
,52,say,samho,default,그리고 늑대를 좋아해서 이 동네에선 다이어 울프라고 불려.,그리고 늑대를 좋아해서 이 동네에선 다이어 울프라고 불려.,campaign_d2_bar_51,\N,\N,wait,,script/bar/day2,script_bar_day2_scenes_1_steps_51,script_bar_day2_scenes_1,steps,51,migration_steps_c086580ba4,,\N
,53,say,luna,default,…,…,campaign_d2_bar_52,\N,\N,wait,,script/bar/day2,script_bar_day2_scenes_1_steps_52,script_bar_day2_scenes_1,steps,52,migration_steps_c086580ba4,,\N
,54,say,samho,default,왜? 내가 거짓말하는 것 같아?,왜? 내가 거짓말하는 것 같아?,campaign_d2_bar_53,\N,\N,wait,,script/bar/day2,script_bar_day2_scenes_1_steps_53,script_bar_day2_scenes_1,steps,53,migration_steps_c086580ba4,,\N
,55,say,luna,default,혹시 이름이 톰 거너인가요?,혹시 이름이 톰 거너인가요?,campaign_d2_bar_54,\N,\N,wait,,script/bar/day2,script_bar_day2_scenes_1_steps_54,script_bar_day2_scenes_1,steps,54,migration_steps_c086580ba4,,\N
,56,say,samho,default,…맞는데. 어떻게 알고 있어?,…맞는데. 어떻게 알고 있어?,campaign_d2_bar_55,\N,\N,wait,,script/bar/day2,script_bar_day2_scenes_1_steps_55,script_bar_day2_scenes_1,steps,55,migration_steps_c086580ba4,,\N
,57,say,luna,default,아무래도 어제 오신 손님이셨던 것 같네요.,아무래도 어제 오신 손님이셨던 것 같네요.,campaign_d2_bar_56,\N,\N,wait,,script/bar/day2,script_bar_day2_scenes_1_steps_56,script_bar_day2_scenes_1,steps,56,migration_steps_c086580ba4,,\N
,58,say,samho,default,…바쁘다면서 나랑은 만나 주지도 않더니.,…바쁘다면서 나랑은 만나 주지도 않더니.,campaign_d2_bar_57,\N,\N,wait,,script/bar/day2,script_bar_day2_scenes_1_steps_57,script_bar_day2_scenes_1,steps,57,migration_steps_c086580ba4,,\N
,59,say,samho,default,앞으로 자주 와야 하는 이유가 생겼네.,앞으로 자주 와야 하는 이유가 생겼네.,campaign_d2_bar_58,\N,\N,wait,,script/bar/day2,script_bar_day2_scenes_1_steps_58,script_bar_day2_scenes_1,steps,58,migration_steps_c086580ba4,,\N
,60,say,luna,default,그분이랑 자주 보는 사이는 아닌가 보네요.,그분이랑 자주 보는 사이는 아닌가 보네요.,campaign_d2_bar_59,\N,\N,wait,,script/bar/day2,script_bar_day2_scenes_1_steps_59,script_bar_day2_scenes_1,steps,59,migration_steps_c086580ba4,,\N
,61,say,samho,default,전에는 자주 와서 도와주거나 얘기도 하고 그랬는데. 최근에는 날 피하는 느낌이 들어서.,전에는 자주 와서 도와주거나 얘기도 하고 그랬는데. 최근에는 날 피하는 느낌이 들어서.,campaign_d2_bar_60,\N,\N,wait,,script/bar/day2,script_bar_day2_scenes_1_steps_60,script_bar_day2_scenes_1,steps,60,migration_steps_c086580ba4,,\N
,62,say,luna,default,오래 알고 지내신 건가요?,오래 알고 지내신 건가요?,campaign_d2_bar_61,\N,\N,wait,,script/bar/day2,script_bar_day2_scenes_1_steps_61,script_bar_day2_scenes_1,steps,61,migration_steps_c086580ba4,,\N
,63,say,samho,default,어릴 때부터. 거리에서 잘 데 없을 때 보스가 거처를 구해 줬어. 먹고살 것도 몇 번이나 챙겨 주고. 나 같은 애들이 좀 있었거든.,어릴 때부터. 거리에서 잘 데 없을 때 보스가 거처를 구해 줬어. 먹고살 것도 몇 번이나 챙겨 주고. 나 같은 애들이 좀 있었거든.,campaign_d2_bar_62,\N,\N,wait,,script/bar/day2,script_bar_day2_scenes_1_steps_62,script_bar_day2_scenes_1,steps,62,migration_steps_c086580ba4,,\N
,64,say,luna,default,그래서 그분과 같이 일하고 싶으신 거군요.,그래서 그분과 같이 일하고 싶으신 거군요.,campaign_d2_bar_63,\N,\N,wait,,script/bar/day2,script_bar_day2_scenes_1_steps_63,script_bar_day2_scenes_1,steps,63,migration_steps_c086580ba4,,\N
,65,say,samho,default,"응. 근데 막상 들어가겠다고 하니까 나보곤 아직 많이 부족하고 어리다면서 안 된대. 이제 나도 스무 살인데, 언제까지 기다려야 하는지 모르겠어.","응. 근데 막상 들어가겠다고 하니까 나보곤 아직 많이 부족하고 어리다면서 안 된대. 이제 나도 스무 살인데, 언제까지 기다려야 하는지 모르겠어.",campaign_d2_bar_64,\N,\N,wait,,script/bar/day2,script_bar_day2_scenes_1_steps_64,script_bar_day2_scenes_1,steps,64,migration_steps_c086580ba4,,\N
,66,say,samho,default,그래서 이번에 큰맘 먹고 팔에 와일드독스 임플란트도 달아서 이걸 보면 보스도 다시 생각해 주겠지 싶었는데. 요즘은 말 붙일 틈도 안 줘.,그래서 이번에 큰맘 먹고 팔에 와일드독스 임플란트도 달아서 이걸 보면 보스도 다시 생각해 주겠지 싶었는데. 요즘은 말 붙일 틈도 안 줘.,campaign_d2_bar_65,\N,\N,wait,,script/bar/day2,script_bar_day2_scenes_1_steps_65,script_bar_day2_scenes_1,steps,65,migration_steps_c086580ba4,,\N
,67,say,luna,default,무슨 잘못을 저지르셨나요?,무슨 잘못을 저지르셨나요?,campaign_d2_bar_66,\N,\N,wait,,script/bar/day2,script_bar_day2_scenes_1_steps_66,script_bar_day2_scenes_1,steps,66,migration_steps_c086580ba4,,\N
,68,say,samho,default,아니? 잘못한 건 없는데…,아니? 잘못한 건 없는데…,campaign_d2_bar_67,\N,\N,wait,,script/bar/day2,script_bar_day2_scenes_1_steps_67,script_bar_day2_scenes_1,steps,67,migration_steps_c086580ba4,,\N
,69,say,samho,default,피한다고 꼭 내가 뭘 잘못한 건가?,피한다고 꼭 내가 뭘 잘못한 건가?,campaign_d2_bar_68,\N,\N,wait,,script/bar/day2,script_bar_day2_scenes_1_steps_68,script_bar_day2_scenes_1,steps,68,migration_steps_c086580ba4,,\N
,70,say,luna,default,그런 의도는 아니었어요.,그런 의도는 아니었어요.,campaign_d2_bar_69,\N,\N,wait,,script/bar/day2,script_bar_day2_scenes_1_steps_69,script_bar_day2_scenes_1,steps,69,migration_steps_c086580ba4,,\N
,71,say,samho,default,흠… 모르겠어. 이제 생각해 보니 자꾸 날 밀어내는 것 같기도 하고…,흠… 모르겠어. 이제 생각해 보니 자꾸 날 밀어내는 것 같기도 하고…,campaign_d2_bar_70,\N,\N,wait,,script/bar/day2,script_bar_day2_scenes_1_steps_70,script_bar_day2_scenes_1,steps,70,migration_steps_c086580ba4,,\N
,72,say,samho,default,나중에 보면 제대로 물어봐야겠어.,나중에 보면 제대로 물어봐야겠어.,campaign_d2_bar_71,\N,\N,wait,,script/bar/day2,script_bar_day2_scenes_1_steps_71,script_bar_day2_scenes_1,steps,71,migration_steps_c086580ba4,,\N
,73,say,luna,default,충분한 대화는 항상 좋은 해결법이라고 배웠죠.,충분한 대화는 항상 좋은 해결법이라고 배웠죠.,campaign_d2_bar_72,\N,\N,wait,,script/bar/day2,script_bar_day2_scenes_1_steps_72,script_bar_day2_scenes_1,steps,72,migration_steps_c086580ba4,,\N
,74,say,samho,default,그게 말처럼 되면 좋겠네.,그게 말처럼 되면 좋겠네.,campaign_d2_bar_73,\N,\N,wait,,script/bar/day2,script_bar_day2_scenes_1_steps_73,script_bar_day2_scenes_1,steps,73,migration_steps_c086580ba4,,\N
,75,say,luna,default,조만간 여기로 다시 올 거예요. 만들어 달라고 부탁한 술이 있어서.,조만간 여기로 다시 올 거예요. 만들어 달라고 부탁한 술이 있어서.,campaign_d2_bar_74,\N,\N,wait,,script/bar/day2,script_bar_day2_scenes_1_steps_74,script_bar_day2_scenes_1,steps,74,migration_steps_c086580ba4,,\N
,76,say,samho,default,하여튼 술은 평생 못 끊는 사람이라니까. 그럼 자주 와서 기다려야겠네. 너도 그때 여기 있는 거지?,하여튼 술은 평생 못 끊는 사람이라니까. 그럼 자주 와서 기다려야겠네. 너도 그때 여기 있는 거지?,campaign_d2_bar_75,\N,\N,wait,,script/bar/day2,script_bar_day2_scenes_1_steps_75,script_bar_day2_scenes_1,steps,75,migration_steps_c086580ba4,,\N
,77,say,luna,default,네.,네.,campaign_d2_bar_76,\N,\N,wait,,script/bar/day2,script_bar_day2_scenes_1_steps_76,script_bar_day2_scenes_1,steps,76,migration_steps_c086580ba4,,\N
,78,say,samho,default,알았어. 오늘 잘 마셨어. 다음번엔 내가…,알았어. 오늘 잘 마셨어. 다음번엔 내가…,campaign_d2_bar_77,\N,\N,wait,,script/bar/day2,script_bar_day2_scenes_1_steps_77,script_bar_day2_scenes_1,steps,77,migration_steps_c086580ba4,,\N
,79,effect,luna,\N,,,\N,\N,\N,wait,,script/bar/day2,script_bar_day2_scenes_1_steps_78,script_bar_day2_scenes_1,steps,78,migration_steps_f8e3b89266,\N,\N
,80,say,samho,default,하아… 겁나 재촉하네.,하아… 겁나 재촉하네.,campaign_d2_bar_79,\N,\N,wait,,script/bar/day2,script_bar_day2_scenes_1_steps_79,script_bar_day2_scenes_1,steps,79,migration_steps_c086580ba4,,\N
,81,say,luna,default,무슨 일 있으신가요?,무슨 일 있으신가요?,campaign_d2_bar_80,\N,\N,wait,,script/bar/day2,script_bar_day2_scenes_1_steps_80,script_bar_day2_scenes_1,steps,80,migration_steps_c086580ba4,,\N
,82,say,samho,default,"별건 아니고, 그냥 의뢰 관련해서 자꾸 쪼아 대서 말이지. 귀찮아 죽겠네, 정말.","별건 아니고, 그냥 의뢰 관련해서 자꾸 쪼아 대서 말이지. 귀찮아 죽겠네, 정말.",campaign_d2_bar_81,\N,\N,wait,,script/bar/day2,script_bar_day2_scenes_1_steps_81,script_bar_day2_scenes_1,steps,81,migration_steps_c086580ba4,,\N
,83,say,samho,default,일단 먼저 갈게. 나중에 봐.,일단 먼저 갈게. 나중에 봐.,campaign_d2_bar_82,\N,\N,wait,,script/bar/day2,script_bar_day2_scenes_1_steps_82,script_bar_day2_scenes_1,steps,82,migration_steps_c086580ba4,,\N
,84,say,luna,default,안녕히 가세요.,안녕히 가세요.,campaign_d2_bar_83,\N,\N,wait,,script/bar/day2,script_bar_day2_scenes_1_steps_83,script_bar_day2_scenes_1,steps,83,migration_steps_c086580ba4,,\N
,85,exit,samho,\N,,,\N,\N,\N,wait,,script/bar/day2,script_bar_day2_scenes_1_steps_84,script_bar_day2_scenes_1,steps,84,migration_steps_f8e3b89266,\N,\N
,86,enter,chris,R,,,\N,\N,\N,wait,,script/bar/day2,script_bar_day2_scenes_1_steps_85,script_bar_day2_scenes_1,steps,85,migration_steps_3b98d21457,\N,\N
,87,say,chris,default,"루나, 슬슬 교대할까.","루나, 슬슬 교대할까.",campaign_d2_bar_86,\N,\N,wait,,script/bar/day2,script_bar_day2_scenes_1_steps_86,script_bar_day2_scenes_1,steps,86,migration_steps_c086580ba4,,\N
,88,say,luna,default,네. 혹시 재료에 대한 건 구해 주셨나요?,네. 혹시 재료에 대한 건 구해 주셨나요?,campaign_d2_bar_87,\N,\N,wait,,script/bar/day2,script_bar_day2_scenes_1_steps_87,script_bar_day2_scenes_1,steps,87,migration_steps_c086580ba4,,\N
,89,say,chris,default,어제 말했던 재료 중 각설탕은 내가 구할 곳을 찾은 거 같으니까 아마 와일드 독이랑 비터스만 찾으면 되는데…,어제 말했던 재료 중 각설탕은 내가 구할 곳을 찾은 거 같으니까 아마 와일드 독이랑 비터스만 찾으면 되는데…,campaign_d2_bar_88,\N,\N,wait,,script/bar/day2,script_bar_day2_scenes_1_steps_88,script_bar_day2_scenes_1,steps,88,migration_steps_c086580ba4,,\N
,90,say,chris,default,도무지 파는 곳을 못 찾겠군. 심지어 와일드 독은 판매 금지 품목으로 걸려서 힘들 수도 있을 것 같아.,도무지 파는 곳을 못 찾겠군. 심지어 와일드 독은 판매 금지 품목으로 걸려서 힘들 수도 있을 것 같아.,campaign_d2_bar_89,\N,\N,wait,,script/bar/day2,script_bar_day2_scenes_1_steps_89,script_bar_day2_scenes_1,steps,89,migration_steps_c086580ba4,,\N
,91,say,luna,default,"…네, 일단 알겠어요.","…네, 일단 알겠어요.",campaign_d2_bar_90,\N,\N,wait,,script/bar/day2,script_bar_day2_scenes_1_steps_90,script_bar_day2_scenes_1,steps,90,migration_steps_c086580ba4,,\N
,92,enter,port,L,,,\N,\N,\N,wait,,script/bar/day2,script_bar_day2_scenes_1_steps_91,script_bar_day2_scenes_1,steps,91,migration_steps_3b98d21457,\N,\N
,93,say,port,default,…나 왔다.,…나 왔다.,campaign_d2_bar_92,\N,\N,wait,,script/bar/day2,script_bar_day2_scenes_1_steps_92,script_bar_day2_scenes_1,steps,92,migration_steps_c086580ba4,,\N
,94,say,chris,default,지금은 원래 작업하는 시간 아닌가? 무슨 일이지.,지금은 원래 작업하는 시간 아닌가? 무슨 일이지.,campaign_d2_bar_93,\N,\N,wait,,script/bar/day2,script_bar_day2_scenes_1_steps_93,script_bar_day2_scenes_1,steps,93,migration_steps_c086580ba4,,\N
,95,say,port,default,네가 맡긴 거 주러 왔다!! 이 자식아.,네가 맡긴 거 주러 왔다!! 이 자식아.,campaign_d2_bar_94,\N,\N,wait,,script/bar/day2,script_bar_day2_scenes_1_steps_94,script_bar_day2_scenes_1,steps,94,migration_steps_c086580ba4,,\N
,96,say,port,default,너한테 주기 싫으니 루나 네가 받아라.,너한테 주기 싫으니 루나 네가 받아라.,campaign_d2_bar_95,\N,\N,wait,,script/bar/day2,script_bar_day2_scenes_1_steps_95,script_bar_day2_scenes_1,steps,95,migration_steps_c086580ba4,,\N
,97,say,luna,default,감사해요.,감사해요.,campaign_d2_bar_96,\N,flag.johnny_chip_received = true,wait,,script/bar/day2,script_bar_day2_scenes_1_steps_96,script_bar_day2_scenes_1,steps,96,migration_steps_2f022e37d6,,\N
,98,say,port,default,"그래, 좀 젊은 아가씨한테 고맙다고 들으니까 그래도 밤새운 보람은 있네.","그래, 좀 젊은 아가씨한테 고맙다고 들으니까 그래도 밤새운 보람은 있네.",campaign_d2_bar_97,\N,\N,wait,,script/bar/day2,script_bar_day2_scenes_1_steps_97,script_bar_day2_scenes_1,steps,97,migration_steps_c086580ba4,,\N
,99,say,chris,default,…일단 고맙다.,…일단 고맙다.,campaign_d2_bar_98,\N,\N,wait,,script/bar/day2,script_bar_day2_scenes_1_steps_98,script_bar_day2_scenes_1,steps,98,migration_steps_c086580ba4,,\N
,100,say,port,default,네놈 감사 인사는 필요 없어. 닭살 돋으니까 집어치우라고.,네놈 감사 인사는 필요 없어. 닭살 돋으니까 집어치우라고.,campaign_d2_bar_99,\N,\N,wait,,script/bar/day2,script_bar_day2_scenes_1_steps_99,script_bar_day2_scenes_1,steps,99,migration_steps_c086580ba4,,\N
,101,say,chris,default,…,…,campaign_d2_bar_100,\N,\N,wait,,script/bar/day2,script_bar_day2_scenes_1_steps_100,script_bar_day2_scenes_1,steps,100,migration_steps_c086580ba4,,\N
,102,say,port,default,"아무튼 루나, 집에 가서 칩을 끼운 다음에 보면 될 거야.","아무튼 루나, 집에 가서 칩을 끼운 다음에 보면 될 거야.",campaign_d2_bar_101,\N,\N,wait,,script/bar/day2,script_bar_day2_scenes_1_steps_101,script_bar_day2_scenes_1,steps,101,migration_steps_c086580ba4,,\N
,103,say,luna,default,"네, 알겠어요.","네, 알겠어요.",campaign_d2_bar_102,\N,\N,wait,,script/bar/day2,script_bar_day2_scenes_1_steps_102,script_bar_day2_scenes_1,steps,102,migration_steps_c086580ba4,,\N
,104,say,chris,default,"이제 먼저 들어가, 루나. 가게는 내가 보지. 먼저 들어가 있어라.","이제 먼저 들어가, 루나. 가게는 내가 보지. 먼저 들어가 있어라.",campaign_d2_bar_103,\N,\N,wait,,script/bar/day2,script_bar_day2_scenes_1_steps_103,script_bar_day2_scenes_1,steps,103,migration_steps_c086580ba4,,\N
,105,say,luna,default,"네, 먼저 가 보겠습니다.","네, 먼저 가 보겠습니다.",campaign_d2_bar_104,\N,\N,wait,,script/bar/day2,script_bar_day2_scenes_1_steps_104,script_bar_day2_scenes_1,steps,104,migration_steps_c086580ba4,,\N
,106,effect,luna,\N,,,\N,\N,flag.day2_luna_left = true,wait,,script/bar/day2,script_bar_day2_scenes_1_steps_105,script_bar_day2_scenes_1,steps,105,migration_steps_613cfd4ea8,\N,\N
,107,say,chris,default,…한 가지 물어봐도 되나?,…한 가지 물어봐도 되나?,campaign_d2_bar_106,\N,\N,wait,,script/bar/day2,script_bar_day2_scenes_1_steps_106,script_bar_day2_scenes_1,steps,106,migration_steps_c086580ba4,,\N
,108,say,port,default,뭘.,뭘.,campaign_d2_bar_107,\N,\N,wait,,script/bar/day2,script_bar_day2_scenes_1_steps_107,script_bar_day2_scenes_1,steps,107,migration_steps_c086580ba4,,\N
,109,say,chris,default,어차피 편집하면서 레시피 관련해서는 다 알고 있을 텐데. 왜 여기서 말 안 해 주고 보라고 준 거지?,어차피 편집하면서 레시피 관련해서는 다 알고 있을 텐데. 왜 여기서 말 안 해 주고 보라고 준 거지?,campaign_d2_bar_108,\N,\N,wait,,script/bar/day2,script_bar_day2_scenes_1_steps_108,script_bar_day2_scenes_1,steps,108,migration_steps_c086580ba4,,\N
,110,say,port,default,이러니까 아직 네가 애송이라는 거야.,이러니까 아직 네가 애송이라는 거야.,campaign_d2_bar_109,\N,\N,wait,,script/bar/day2,script_bar_day2_scenes_1_steps_109,script_bar_day2_scenes_1,steps,109,migration_steps_c086580ba4,,\N
,111,say,port,default,하나하나 네가 알려 주면 모든 게 해결될 거라 생각하지 마. 직접 보고 듣고 해야 스스로 자립할 수 있는 거지.,하나하나 네가 알려 주면 모든 게 해결될 거라 생각하지 마. 직접 보고 듣고 해야 스스로 자립할 수 있는 거지.,campaign_d2_bar_110,\N,\N,wait,,script/bar/day2,script_bar_day2_scenes_1_steps_110,script_bar_day2_scenes_1,steps,110,migration_steps_c086580ba4,,\N
,112,say,chris,default,…,…,campaign_d2_bar_111,\N,\N,wait,,script/bar/day2,script_bar_day2_scenes_1_steps_111,script_bar_day2_scenes_1,steps,111,migration_steps_c086580ba4,,\N
,113,say,port,default,조니한테 다 배웠으면서 왜 그러는 거야?,조니한테 다 배웠으면서 왜 그러는 거야?,campaign_d2_bar_112,\N,\N,wait,,script/bar/day2,script_bar_day2_scenes_1_steps_112,script_bar_day2_scenes_1,steps,112,migration_steps_c086580ba4,,\N
,114,say,chris,default,…이런 역할은 익숙지 않단 말이지.,…이런 역할은 익숙지 않단 말이지.,campaign_d2_bar_113,\N,\N,wait,,script/bar/day2,script_bar_day2_scenes_1_steps_113,script_bar_day2_scenes_1,steps,113,migration_steps_c086580ba4,,\N
,115,say,port,default,하. 그럼 너도 아직 배워 가는 단계라고 생각하라고.,하. 그럼 너도 아직 배워 가는 단계라고 생각하라고.,campaign_d2_bar_114,\N,\N,wait,,script/bar/day2,script_bar_day2_scenes_1_steps_114,script_bar_day2_scenes_1,steps,114,migration_steps_c086580ba4,,\N
,116,say,chris,default,음… 그러지.,음… 그러지.,campaign_d2_bar_115,\N,\N,wait,,script/bar/day2,script_bar_day2_scenes_1_steps_115,script_bar_day2_scenes_1,steps,115,migration_steps_c086580ba4,,\N
,117,say,port,default,오늘따라 조니가 보고 싶구만. 있었다면 너한테 아주 따끔한 조언을 해 줄 텐데 말이야.,오늘따라 조니가 보고 싶구만. 있었다면 너한테 아주 따끔한 조언을 해 줄 텐데 말이야.,campaign_d2_bar_116,\N,\N,wait,,script/bar/day2,script_bar_day2_scenes_1_steps_116,script_bar_day2_scenes_1,steps,116,migration_steps_c086580ba4,,\N
,118,end_part,luna,\N,,,\N,\N,\N,wait,,script/bar/day2,script_bar_day2_scenes_1_steps_117,script_bar_day2_scenes_1,steps,117,migration_steps_f8e3b89266,\N,\N
,1,enter,chris,R,,,\N,\N,\N,wait,,script/bar/day3,script_bar_day3_scenes_0_steps_0,script_bar_day3_scenes_0,steps,0,migration_steps_3b98d21457,\N,\N
,2,say,chris,default,왔나. 어제 네가 가져온 재료는 선반에 뒀어.,왔나. 어제 네가 가져온 재료는 선반에 뒀어.,campaign_d3_bar_open_1,\N,\N,wait,,script/bar/day3,script_bar_day3_scenes_0_steps_1,script_bar_day3_scenes_0,steps,1,migration_steps_c086580ba4,,\N
,3,say,luna,default,혹시 각설탕은 어디에 있죠?,혹시 각설탕은 어디에 있죠?,campaign_d3_bar_open_2,\N,\N,wait,,script/bar/day3,script_bar_day3_scenes_0_steps_2,script_bar_day3_scenes_0,steps,2,migration_steps_c086580ba4,,\N
,4,say,chris,default,곧 있으면 누가 와서 주고 갈 거야.,곧 있으면 누가 와서 주고 갈 거야.,campaign_d3_bar_open_3,\N,\N,wait,,script/bar/day3,script_bar_day3_scenes_0_steps_3,script_bar_day3_scenes_0,steps,3,migration_steps_c086580ba4,,\N
,5,say,luna,default,확인했어요.,확인했어요.,campaign_d3_bar_open_4,\N,\N,wait,,script/bar/day3,script_bar_day3_scenes_0_steps_4,script_bar_day3_scenes_0,steps,4,migration_steps_c086580ba4,,\N
,6,say,chris,default,한번 만들어 볼 수 있겠어?,한번 만들어 볼 수 있겠어?,campaign_d3_bar_open_5,\N,\N,wait,,script/bar/day3,script_bar_day3_scenes_0_steps_5,script_bar_day3_scenes_0,steps,5,migration_steps_c086580ba4,,\N
,7,say,luna,default,만드는 데 필요한 건 다 구한 거 같아서 될 것 같아요.,만드는 데 필요한 건 다 구한 거 같아서 될 것 같아요.,campaign_d3_bar_open_6,\N,\N,wait,,script/bar/day3,script_bar_day3_scenes_0_steps_6,script_bar_day3_scenes_0,steps,6,migration_steps_c086580ba4,,\N
,8,say,chris,default,…그래. 오늘 톰이 올진 모르겠지만 오면 한 잔 만들어 봐.,…그래. 오늘 톰이 올진 모르겠지만 오면 한 잔 만들어 봐.,campaign_d3_bar_open_7,\N,\N,wait,,script/bar/day3,script_bar_day3_scenes_0_steps_7,script_bar_day3_scenes_0,steps,7,migration_steps_c086580ba4,,\N
,9,say,chris,default,좋아. 그럼 부탁할게.,좋아. 그럼 부탁할게.,campaign_d3_bar_open_8,\N,\N,wait,,script/bar/day3,script_bar_day3_scenes_0_steps_8,script_bar_day3_scenes_0,steps,8,migration_steps_c086580ba4,,\N
,10,say,luna,default,네.,네.,campaign_d3_bar_open_9,\N,\N,wait,,script/bar/day3,script_bar_day3_scenes_0_steps_9,script_bar_day3_scenes_0,steps,9,migration_steps_c086580ba4,,\N
,11,say,luna,default,(시작해 보자.),(시작해 보자.),campaign_d3_bar_open_10,\N,\N,wait,,script/bar/day3,script_bar_day3_scenes_0_steps_10,script_bar_day3_scenes_0,steps,10,migration_steps_c086580ba4,,\N
,1,enter,aili,R,,,\N,\N,\N,wait,,script/bar/day3,script_bar_day3_scenes_1_steps_0,script_bar_day3_scenes_1,steps,0,migration_steps_3b98d21457,\N,\N
,2,say,aili,default,루나!! 나 왔어.,루나!! 나 왔어.,campaign_d3_bar_1,\N,\N,wait,,script/bar/day3,script_bar_day3_scenes_1_steps_1,script_bar_day3_scenes_1,steps,1,migration_steps_c086580ba4,,\N
,3,say,luna,default,"안녕하세요, 아일리.","안녕하세요, 아일리.",campaign_d3_bar_2,\N,\N,wait,,script/bar/day3,script_bar_day3_scenes_1_steps_2,script_bar_day3_scenes_1,steps,2,migration_steps_c086580ba4,,\N
,4,say,aili,default,그래… 루나 너라도 보니까 진정이 되네.,그래… 루나 너라도 보니까 진정이 되네.,campaign_d3_bar_3,\N,\N,wait,,script/bar/day3,script_bar_day3_scenes_1_steps_3,script_bar_day3_scenes_1,steps,3,migration_steps_c086580ba4,,\N
,5,say,aili,default,크리스 이 망할 새끼… 사람 시켜 먹고 말이야.,크리스 이 망할 새끼… 사람 시켜 먹고 말이야.,campaign_d3_bar_4,\N,\N,wait,,script/bar/day3,script_bar_day3_scenes_1_steps_4,script_bar_day3_scenes_1,steps,4,migration_steps_c086580ba4,,\N
,6,say,luna,default,무슨 일이신가요?,무슨 일이신가요?,campaign_d3_bar_5,\N,\N,wait,,script/bar/day3,script_bar_day3_scenes_1_steps_5,script_bar_day3_scenes_1,steps,5,migration_steps_c086580ba4,,\N
,7,say,aili,default,여기 필요하다던 각설탕이야.,여기 필요하다던 각설탕이야.,campaign_d3_bar_6,\N,flag.day3_sugar_received = true; flag.johnny_recipe_unlocked = true,wait,,script/bar/day3,script_bar_day3_scenes_1_steps_6,script_bar_day3_scenes_1,steps,6,migration_steps_2f022e37d6,,\N
,8,say,aili,default,포트 그 노인네가 숨겨 둔 다과 세트에서 훔쳐 왔지.,포트 그 노인네가 숨겨 둔 다과 세트에서 훔쳐 왔지.,campaign_d3_bar_7,\N,\N,wait,,script/bar/day3,script_bar_day3_scenes_1_steps_7,script_bar_day3_scenes_1,steps,7,migration_steps_c086580ba4,,\N
,9,say,luna,default,…감사해요.,…감사해요.,campaign_d3_bar_8,\N,\N,wait,,script/bar/day3,script_bar_day3_scenes_1_steps_8,script_bar_day3_scenes_1,steps,8,migration_steps_c086580ba4,,\N
,10,say,aili,default,별말씀을. 나중에 나랑 데이트 한 번 해 줘 알았지?,별말씀을. 나중에 나랑 데이트 한 번 해 줘 알았지?,campaign_d3_bar_9,\N,\N,wait,,script/bar/day3,script_bar_day3_scenes_1_steps_9,script_bar_day3_scenes_1,steps,9,migration_steps_c086580ba4,,\N
,11,say,luna,default,일하는 시간이랑 겹치지 않는다면 문제 없어요.,일하는 시간이랑 겹치지 않는다면 문제 없어요.,campaign_d3_bar_10,\N,\N,wait,,script/bar/day3,script_bar_day3_scenes_1_steps_10,script_bar_day3_scenes_1,steps,10,migration_steps_c086580ba4,,\N
,12,say,aili,default,아싸! 말한 거다? 무르기 없기야?,아싸! 말한 거다? 무르기 없기야?,campaign_d3_bar_11,\N,\N,wait,,script/bar/day3,script_bar_day3_scenes_1_steps_11,script_bar_day3_scenes_1,steps,11,migration_steps_c086580ba4,,\N
,13,say,luna,default,네.,네.,campaign_d3_bar_12,\N,\N,wait,,script/bar/day3,script_bar_day3_scenes_1_steps_12,script_bar_day3_scenes_1,steps,12,migration_steps_c086580ba4,,\N
,14,say,aili,default,좋아. 그럼 이만 가 볼게! 예약이 있어서.,좋아. 그럼 이만 가 볼게! 예약이 있어서.,campaign_d3_bar_13,\N,\N,wait,,script/bar/day3,script_bar_day3_scenes_1_steps_13,script_bar_day3_scenes_1,steps,13,migration_steps_c086580ba4,,\N
,15,say,luna,default,안녕히 가세요.,안녕히 가세요.,campaign_d3_bar_14,\N,\N,wait,,script/bar/day3,script_bar_day3_scenes_1_steps_14,script_bar_day3_scenes_1,steps,14,migration_steps_c086580ba4,,\N
,16,exit,aili,\N,,,\N,\N,\N,wait,,script/bar/day3,script_bar_day3_scenes_1_steps_15,script_bar_day3_scenes_1,steps,15,migration_steps_f8e3b89266,\N,\N
,17,say,luna,default,(이제 재료는 다 구했네…),(이제 재료는 다 구했네…),campaign_d3_bar_16,\N,\N,wait,,script/bar/day3,script_bar_day3_scenes_1_steps_16,script_bar_day3_scenes_1,steps,16,migration_steps_c086580ba4,,\N
,18,say,luna,default,(남은 건…),(남은 건…),campaign_d3_bar_17,\N,\N,wait,,script/bar/day3,script_bar_day3_scenes_1_steps_17,script_bar_day3_scenes_1,steps,17,migration_steps_c086580ba4,,\N
,19,enter,tom,R,,,\N,\N,\N,wait,,script/bar/day3,script_bar_day3_scenes_1_steps_18,script_bar_day3_scenes_1,steps,18,migration_steps_3b98d21457,\N,\N
,20,effect,tom,\N,,,\N,\N,\N,wait,,script/bar/day3,script_bar_day3_scenes_1_steps_19,script_bar_day3_scenes_1,steps,19,migration_steps_f8e3b89266,\N,\N
,21,say,tom,default,"여, 루나. 나 왔어.","여, 루나. 나 왔어.",campaign_d3_bar_20,\N,\N,wait,,script/bar/day3,script_bar_day3_scenes_1_steps_20,script_bar_day3_scenes_1,steps,20,migration_steps_c086580ba4,,\N
,22,say,luna,default,"어서 오세요, 톰.","어서 오세요, 톰.",campaign_d3_bar_21,\N,\N,wait,,script/bar/day3,script_bar_day3_scenes_1_steps_21,script_bar_day3_scenes_1,steps,21,migration_steps_c086580ba4,,\N
,23,say,tom,default,오. 전에 봤을 때보다 달라졌는데? 진짜 바텐더 같아 보여.,오. 전에 봤을 때보다 달라졌는데? 진짜 바텐더 같아 보여.,campaign_d3_bar_22,\N,\N,wait,,script/bar/day3,script_bar_day3_scenes_1_steps_22,script_bar_day3_scenes_1,steps,22,migration_steps_c086580ba4,,\N
,24,say,luna,default,그런가요?,그런가요?,campaign_d3_bar_23,\N,\N,wait,,script/bar/day3,script_bar_day3_scenes_1_steps_23,script_bar_day3_scenes_1,steps,23,migration_steps_c086580ba4,,\N
,25,say,tom,default,"그렇고 말고. 그래서, 전에 부탁한 건 가능한가?","그렇고 말고. 그래서, 전에 부탁한 건 가능한가?",campaign_d3_bar_24,\N,\N,wait,,script/bar/day3,script_bar_day3_scenes_1_steps_24,script_bar_day3_scenes_1,steps,24,migration_steps_c086580ba4,,\N
,26,say,luna,default,…,…,campaign_d3_bar_25,\N,\N,wait,,script/bar/day3,script_bar_day3_scenes_1_steps_25,script_bar_day3_scenes_1,steps,25,migration_steps_c086580ba4,,\N
,27,say,tom,default,역시 힘든가 보네. 뭐 어쩔 수 없지 추억으로 남겨 두는 것도…,역시 힘든가 보네. 뭐 어쩔 수 없지 추억으로 남겨 두는 것도…,campaign_d3_bar_26,\N,\N,wait,,script/bar/day3,script_bar_day3_scenes_1_steps_26,script_bar_day3_scenes_1,steps,26,migration_steps_c086580ba4,,\N
,28,say,luna,default,가능해요.,가능해요.,campaign_d3_bar_27,\N,\N,wait,,script/bar/day3,script_bar_day3_scenes_1_steps_27,script_bar_day3_scenes_1,steps,27,migration_steps_c086580ba4,,\N
,29,say,tom,default,…뭐? 정말?,…뭐? 정말?,campaign_d3_bar_28,\N,\N,wait,,script/bar/day3,script_bar_day3_scenes_1_steps_28,script_bar_day3_scenes_1,steps,28,migration_steps_c086580ba4,,\N
,30,say,luna,default,하지만 한 가지 물어보고 싶은 게 있네요.,하지만 한 가지 물어보고 싶은 게 있네요.,campaign_d3_bar_29,\N,\N,wait,,script/bar/day3,script_bar_day3_scenes_1_steps_29,script_bar_day3_scenes_1,steps,29,migration_steps_c086580ba4,,\N
,31,say,tom,default,어떤 걸?,어떤 걸?,campaign_d3_bar_30,\N,\N,wait,,script/bar/day3,script_bar_day3_scenes_1_steps_30,script_bar_day3_scenes_1,steps,30,migration_steps_c086580ba4,,\N
,32,say,luna,default,과거에 톰이 돌봐주기로 한 아이가 혹시 삼호인가요?,과거에 톰이 돌봐주기로 한 아이가 혹시 삼호인가요?,campaign_d3_bar_31,\N,\N,wait,,script/bar/day3,script_bar_day3_scenes_1_steps_31,script_bar_day3_scenes_1,steps,31,migration_steps_c086580ba4,,\N
,33,say,tom,default,…그걸 네가 어떻게 알고 있는 거야? 설마…,…그걸 네가 어떻게 알고 있는 거야? 설마…,campaign_d3_bar_32,\N,\N,wait,,script/bar/day3,script_bar_day3_scenes_1_steps_32,script_bar_day3_scenes_1,steps,32,migration_steps_c086580ba4,,\N
,34,say,luna,default,예전에 조니의 기억 데이터를 봤어요. 그날 톰과 조니가 나눈 대화들까지.,예전에 조니의 기억 데이터를 봤어요. 그날 톰과 조니가 나눈 대화들까지.,campaign_d3_bar_33,\N,\N,wait,,script/bar/day3,script_bar_day3_scenes_1_steps_33,script_bar_day3_scenes_1,steps,33,migration_steps_c086580ba4,,\N
,35,say,tom,default,헤에… 칵테일 한 잔 만들겠다고 그렇게까지 할 줄은 몰랐는데 말이지.,헤에… 칵테일 한 잔 만들겠다고 그렇게까지 할 줄은 몰랐는데 말이지.,campaign_d3_bar_34,\N,\N,wait,,script/bar/day3,script_bar_day3_scenes_1_steps_34,script_bar_day3_scenes_1,steps,34,migration_steps_c086580ba4,,\N
,36,say,luna,default,그래서 제 말이 맞나요?,그래서 제 말이 맞나요?,campaign_d3_bar_35,\N,\N,wait,,script/bar/day3,script_bar_day3_scenes_1_steps_35,script_bar_day3_scenes_1,steps,35,migration_steps_c086580ba4,,\N
,37,say,tom,default,맞아. 근데 갑자기 그건 왜 물어보는 거야?,맞아. 근데 갑자기 그건 왜 물어보는 거야?,campaign_d3_bar_36,\N,\N,wait,,script/bar/day3,script_bar_day3_scenes_1_steps_36,script_bar_day3_scenes_1,steps,36,migration_steps_c086580ba4,,\N
,38,say,luna,default,그건…,그건…,campaign_d3_bar_37,\N,\N,wait,,script/bar/day3,script_bar_day3_scenes_1_steps_37,script_bar_day3_scenes_1,steps,37,migration_steps_c086580ba4,,\N
,39,enter,samho,L,,,\N,\N,\N,wait,,script/bar/day3,script_bar_day3_scenes_1_steps_38,script_bar_day3_scenes_1,steps,38,migration_steps_3b98d21457,\N,\N
,40,say,samho,default,역시 여기로 올 줄 알았어.,역시 여기로 올 줄 알았어.,campaign_d3_bar_39,\N,\N,wait,,script/bar/day3,script_bar_day3_scenes_1_steps_39,script_bar_day3_scenes_1,steps,39,migration_steps_c086580ba4,,\N
,41,say,tom,default,…네가 여긴 무슨 일이야?,…네가 여긴 무슨 일이야?,campaign_d3_bar_40,\N,\N,wait,,script/bar/day3,script_bar_day3_scenes_1_steps_40,script_bar_day3_scenes_1,steps,40,migration_steps_c086580ba4,,\N
,42,say,samho,default,오랜만에 봤는데 무슨 반응이 그래. 내가 무슨 일 없으면 여기 오면 안 돼?,오랜만에 봤는데 무슨 반응이 그래. 내가 무슨 일 없으면 여기 오면 안 돼?,campaign_d3_bar_41,\N,\N,wait,,script/bar/day3,script_bar_day3_scenes_1_steps_41,script_bar_day3_scenes_1,steps,41,migration_steps_c086580ba4,,\N
,43,say,tom,default,그건 아니지만…,그건 아니지만…,campaign_d3_bar_42,\N,\N,wait,,script/bar/day3,script_bar_day3_scenes_1_steps_42,script_bar_day3_scenes_1,steps,42,migration_steps_c086580ba4,,\N
,44,say,tom,default,…그러면 나는 다음 일정이 있어서 먼저…,…그러면 나는 다음 일정이 있어서 먼저…,campaign_d3_bar_43,\N,\N,wait,,script/bar/day3,script_bar_day3_scenes_1_steps_43,script_bar_day3_scenes_1,steps,43,migration_steps_c086580ba4,,\N
,45,say,samho,default,또 이렇게 가버린다고?,또 이렇게 가버린다고?,campaign_d3_bar_44,\N,\N,wait,,script/bar/day3,script_bar_day3_scenes_1_steps_44,script_bar_day3_scenes_1,steps,44,migration_steps_c086580ba4,,\N
,46,say,tom,default,…,…,campaign_d3_bar_45,\N,\N,wait,,script/bar/day3,script_bar_day3_scenes_1_steps_45,script_bar_day3_scenes_1,steps,45,migration_steps_c086580ba4,,\N
,47,say,luna,default,톰. 아직 부탁하신 칵테일을 못 드렸는데요.,톰. 아직 부탁하신 칵테일을 못 드렸는데요.,campaign_d3_bar_46,\N,\N,wait,,script/bar/day3,script_bar_day3_scenes_1_steps_46,script_bar_day3_scenes_1,steps,46,migration_steps_c086580ba4,,\N
,48,say,tom,default,…,…,campaign_d3_bar_47,\N,\N,wait,,script/bar/day3,script_bar_day3_scenes_1_steps_47,script_bar_day3_scenes_1,steps,47,migration_steps_c086580ba4,,\N
,49,say,luna,default,그렇게 오래 걸리지 않으니 조금만 기다려 주시죠.,그렇게 오래 걸리지 않으니 조금만 기다려 주시죠.,campaign_d3_bar_48,\N,\N,wait,,script/bar/day3,script_bar_day3_scenes_1_steps_48,script_bar_day3_scenes_1,steps,48,migration_steps_c086580ba4,,\N
,50,say,tom,default,그래… 좀만 기다리지.,그래… 좀만 기다리지.,campaign_d3_bar_49,\N,\N,wait,,script/bar/day3,script_bar_day3_scenes_1_steps_49,script_bar_day3_scenes_1,steps,49,migration_steps_c086580ba4,,\N
,51,say,luna,default,삼호는 톰 걸 만들고 나서 주문을 받도록 하겠습니다.,삼호는 톰 걸 만들고 나서 주문을 받도록 하겠습니다.,campaign_d3_bar_50,\N,\N,wait,,script/bar/day3,script_bar_day3_scenes_1_steps_50,script_bar_day3_scenes_1,steps,50,migration_steps_c086580ba4,,\N
,52,say,samho,default,알았어. 천천히 해.,알았어. 천천히 해.,campaign_d3_bar_51,\N,\N,wait,,script/bar/day3,script_bar_day3_scenes_1_steps_51,script_bar_day3_scenes_1,steps,51,migration_steps_c086580ba4,,\N
,53,say,luna,default,(조니의 올드 패션드 한 잔…),(조니의 올드 패션드 한 잔…),campaign_d3_bar_52,\N,\N,wait,,script/bar/day3,script_bar_day3_scenes_1_steps_52,script_bar_day3_scenes_1,steps,52,migration_steps_c086580ba4,,\N
,54,order,tom,exact:johnny_old_fashioned,,,\N,\N,\N,wait,,script/bar/day3,script_bar_day3_scenes_1_steps_53,script_bar_day3_scenes_1,steps,53,migration_steps_3b98d21457,\N,\N
,55,craft,tom,order,,,\N,\N,\N,wait,,script/bar/day3,script_bar_day3_scenes_1_steps_54,script_bar_day3_scenes_1,steps,54,migration_steps_3b98d21457,\N,\N
,56,serve,tom,\N,,,\N,\N,\N,wait,,script/bar/day3,script_bar_day3_scenes_1_steps_55,script_bar_day3_scenes_1,steps,55,migration_steps_f8e3b89266,\N,\N
,57,say,tom,default,…,…,campaign_d3_bar_56,\N,\N,wait,,script/bar/day3,script_bar_day3_scenes_1_steps_56,script_bar_day3_scenes_1,steps,56,migration_steps_c086580ba4,,\N
,58,say,luna,default,어떤가요?,어떤가요?,campaign_d3_bar_57,\N,\N,wait,,script/bar/day3,script_bar_day3_scenes_1_steps_57,script_bar_day3_scenes_1,steps,57,migration_steps_c086580ba4,,\N
,59,say,tom,default,맛…있네. 정말 예전에 마셨던 거랑 똑같아. 어떻게 한 거지? 불가능할 거라 생각하고 부탁한 건데…,맛…있네. 정말 예전에 마셨던 거랑 똑같아. 어떻게 한 거지? 불가능할 거라 생각하고 부탁한 건데…,campaign_d3_bar_58,\N,\N,wait,,script/bar/day3,script_bar_day3_scenes_1_steps_58,script_bar_day3_scenes_1,steps,58,migration_steps_c086580ba4,,\N
,60,say,luna,default,조니가 이걸 톰에게 줄 때 했던 말 기억하시나요?,조니가 이걸 톰에게 줄 때 했던 말 기억하시나요?,campaign_d3_bar_59,\N,\N,wait,,script/bar/day3,script_bar_day3_scenes_1_steps_59,script_bar_day3_scenes_1,steps,59,migration_steps_c086580ba4,,\N
,61,say,luna,default,올드 패션드는 과거 칵테일이라는 문화가 처음 생긴 시기에 등장한 칵테일이었죠.,올드 패션드는 과거 칵테일이라는 문화가 처음 생긴 시기에 등장한 칵테일이었죠.,campaign_d3_bar_60,\N,\N,wait,,script/bar/day3,script_bar_day3_scenes_1_steps_60,script_bar_day3_scenes_1,steps,60,migration_steps_c086580ba4,,\N
,62,say,luna,default,하지만 세월이 흐르고 리큐어나 여러 재료들을 섞는 화려한 칵테일들이 등장하고 이를 좋아하지 않는 술꾼들은 옛날 방식의 칵테일을 원했어요.,하지만 세월이 흐르고 리큐어나 여러 재료들을 섞는 화려한 칵테일들이 등장하고 이를 좋아하지 않는 술꾼들은 옛날 방식의 칵테일을 원했어요.,campaign_d3_bar_61,\N,\N,wait,,script/bar/day3,script_bar_day3_scenes_1_steps_61,script_bar_day3_scenes_1,steps,61,migration_steps_c086580ba4,,\N
,63,say,luna,default,그래서 이 칵테일은 과거부터 ‘옛날 방식대로’ 변하지 않는 레시피의 칵테일이에요. 세월이 지나도 칵테일의 근본을 유지하고 있는 칵테일이죠.,그래서 이 칵테일은 과거부터 ‘옛날 방식대로’ 변하지 않는 레시피의 칵테일이에요. 세월이 지나도 칵테일의 근본을 유지하고 있는 칵테일이죠.,campaign_d3_bar_62,\N,\N,wait,,script/bar/day3,script_bar_day3_scenes_1_steps_62,script_bar_day3_scenes_1,steps,62,migration_steps_c086580ba4,,\N
,64,say,luna,default,"톰, 혹시 그때 조니가 이 칵테일을 주며 당신에게 했던 말을 기억하나요?","톰, 혹시 그때 조니가 이 칵테일을 주며 당신에게 했던 말을 기억하나요?",campaign_d3_bar_63,\N,\N,wait,,script/bar/day3,script_bar_day3_scenes_1_steps_63,script_bar_day3_scenes_1,steps,63,migration_steps_c086580ba4,,\N
,65,say,tom,default,오래됐지만… 기억해.,오래됐지만… 기억해.,campaign_d3_bar_64,\N,\N,wait,,script/bar/day3,script_bar_day3_scenes_1_steps_64,script_bar_day3_scenes_1,steps,64,migration_steps_c086580ba4,,\N
,66,say,tom,default,내가 어떤 바보 같은 짓을 저질러도 내가 가진 생각이나 마음이 변하지 않는다면…,내가 어떤 바보 같은 짓을 저질러도 내가 가진 생각이나 마음이 변하지 않는다면…,campaign_d3_bar_65,\N,\N,wait,,script/bar/day3,script_bar_day3_scenes_1_steps_65,script_bar_day3_scenes_1,steps,65,migration_steps_c086580ba4,,\N
,67,say,luna,default,“후회하고 걱정할 시간에 그 아이나 돌봐 주라고.”라고 했던 게 맞나요?,“후회하고 걱정할 시간에 그 아이나 돌봐 주라고.”라고 했던 게 맞나요?,campaign_d3_bar_66,\N,\N,wait,,script/bar/day3,script_bar_day3_scenes_1_steps_66,script_bar_day3_scenes_1,steps,66,migration_steps_c086580ba4,,\N
,68,say,tom,default,"…그래, 맞아.","…그래, 맞아.",campaign_d3_bar_67,\N,\N,wait,,script/bar/day3,script_bar_day3_scenes_1_steps_67,script_bar_day3_scenes_1,steps,67,migration_steps_c086580ba4,,\N
,69,say,luna,default,제가 궁금했던 게 있었어요.,제가 궁금했던 게 있었어요.,campaign_d3_bar_68,\N,\N,wait,,script/bar/day3,script_bar_day3_scenes_1_steps_68,script_bar_day3_scenes_1,steps,68,migration_steps_c086580ba4,,\N
,70,say,tom,default,뭐지?,뭐지?,campaign_d3_bar_69,\N,\N,wait,,script/bar/day3,script_bar_day3_scenes_1_steps_69,script_bar_day3_scenes_1,steps,69,migration_steps_c086580ba4,,\N
,71,say,luna,default,그 아이가 삼호라면 왜 지금은 삼호를 피하고 더 이상 돌봐주지 않는 건가요? 혹시 마음이란 게 바뀐 건가요?,그 아이가 삼호라면 왜 지금은 삼호를 피하고 더 이상 돌봐주지 않는 건가요? 혹시 마음이란 게 바뀐 건가요?,campaign_d3_bar_70,\N,\N,wait,,script/bar/day3,script_bar_day3_scenes_1_steps_70,script_bar_day3_scenes_1,steps,70,migration_steps_c086580ba4,,\N
,72,say,tom,default,…,…,campaign_d3_bar_71,\N,\N,wait,,script/bar/day3,script_bar_day3_scenes_1_steps_71,script_bar_day3_scenes_1,steps,71,migration_steps_c086580ba4,,\N
,73,say,samho,default,뭐야… 이거 나랑도 관련 있던 얘기였어?,뭐야… 이거 나랑도 관련 있던 얘기였어?,campaign_d3_bar_72,\N,\N,wait,,script/bar/day3,script_bar_day3_scenes_1_steps_72,script_bar_day3_scenes_1,steps,72,migration_steps_c086580ba4,,\N
,74,say,tom,default,마음이 변한 건 아니야. 그때와 똑같이 항상 걱정하고… 도와주고 싶다고 생각하지.,마음이 변한 건 아니야. 그때와 똑같이 항상 걱정하고… 도와주고 싶다고 생각하지.,campaign_d3_bar_73,\N,\N,wait,,script/bar/day3,script_bar_day3_scenes_1_steps_73,script_bar_day3_scenes_1,steps,73,migration_steps_c086580ba4,,\N
,75,say,samho,default,…내가 갱단에 들어가고 싶다고 해도 거절하고 날 계속 피하기만 한 사람이 할 소리야?,…내가 갱단에 들어가고 싶다고 해도 거절하고 날 계속 피하기만 한 사람이 할 소리야?,campaign_d3_bar_74,\N,\N,wait,,script/bar/day3,script_bar_day3_scenes_1_steps_74,script_bar_day3_scenes_1,steps,74,migration_steps_c086580ba4,,\N
,76,say,luna,default,저도 그게 모순되었다고 생각해요.,저도 그게 모순되었다고 생각해요.,campaign_d3_bar_75,\N,\N,wait,,script/bar/day3,script_bar_day3_scenes_1_steps_75,script_bar_day3_scenes_1,steps,75,migration_steps_c086580ba4,,\N
,77,say,tom,default,갱은… 너희들이 생각하는 것보다 더 위험하고 비인간적인 놈들로 가득한 곳이야. 그런 곳에 내가 어릴 때부터 챙긴 자식 같은 놈들 들여보내라고?,갱은… 너희들이 생각하는 것보다 더 위험하고 비인간적인 놈들로 가득한 곳이야. 그런 곳에 내가 어릴 때부터 챙긴 자식 같은 놈들 들여보내라고?,campaign_d3_bar_76,\N,\N,wait,,script/bar/day3,script_bar_day3_scenes_1_steps_76,script_bar_day3_scenes_1,steps,76,migration_steps_c086580ba4,,\N
,78,say,samho,default,…그런 건 다른 갱들이나 그런 거 아니었어? 보스가 있는 곳은 안 그런다고 했잖아. 분명 누군가를 죽이거나 하는 선은 지킨다고…,…그런 건 다른 갱들이나 그런 거 아니었어? 보스가 있는 곳은 안 그런다고 했잖아. 분명 누군가를 죽이거나 하는 선은 지킨다고…,campaign_d3_bar_77,\N,\N,wait,,script/bar/day3,script_bar_day3_scenes_1_steps_77,script_bar_day3_scenes_1,steps,77,migration_steps_c086580ba4,,\N
,79,say,tom,default,그 말을 믿어? 여긴 서울에서도 가장 쓰레기 같은 놈들만 모이는 나이트타운이라고!,그 말을 믿어? 여긴 서울에서도 가장 쓰레기 같은 놈들만 모이는 나이트타운이라고!,campaign_d3_bar_78,\N,\N,wait,,script/bar/day3,script_bar_day3_scenes_1_steps_78,script_bar_day3_scenes_1,steps,78,migration_steps_c086580ba4,,\N
,80,say,luna,default,…왜 그런 거짓말을 했죠?,…왜 그런 거짓말을 했죠?,campaign_d3_bar_79,\N,\N,wait,,script/bar/day3,script_bar_day3_scenes_1_steps_79,script_bar_day3_scenes_1,steps,79,migration_steps_c086580ba4,,\N
,81,say,tom,default,있는 그대로 말하면… 너도 나같이 행동할까 봐. 마약을 팔거나 누군가를 납치하거나 사람을 죽이는 일을 하며 사는 사람이 너에게 유일한 도움을 주는 사람이라고 생각하면…,있는 그대로 말하면… 너도 나같이 행동할까 봐. 마약을 팔거나 누군가를 납치하거나 사람을 죽이는 일을 하며 사는 사람이 너에게 유일한 도움을 주는 사람이라고 생각하면…,campaign_d3_bar_80,\N,\N,wait,,script/bar/day3,script_bar_day3_scenes_1_steps_80,script_bar_day3_scenes_1,steps,80,migration_steps_c086580ba4,,\N
,82,say,luna,default,범죄에 대한 미화가 된다든가 긍정적인 이미지가 생기겠네요.,범죄에 대한 미화가 된다든가 긍정적인 이미지가 생기겠네요.,campaign_d3_bar_81,\N,\N,wait,,script/bar/day3,script_bar_day3_scenes_1_steps_81,script_bar_day3_scenes_1,steps,81,migration_steps_c086580ba4,,\N
,83,say,tom,default,그래… 그런데 갑자기 삼호 네가 갱단에 들어온다고 말한 날에 크게 잘못되었단 걸 깨달았어.,그래… 그런데 갑자기 삼호 네가 갱단에 들어온다고 말한 날에 크게 잘못되었단 걸 깨달았어.,campaign_d3_bar_82,\N,\N,wait,,script/bar/day3,script_bar_day3_scenes_1_steps_82,script_bar_day3_scenes_1,steps,82,migration_steps_c086580ba4,,\N
,84,say,tom,default,너에게 나란 쓰레기 같은 놈이 동경의 대상이 되어 버린 거야.,너에게 나란 쓰레기 같은 놈이 동경의 대상이 되어 버린 거야.,campaign_d3_bar_83,\N,\N,wait,,script/bar/day3,script_bar_day3_scenes_1_steps_83,script_bar_day3_scenes_1,steps,83,migration_steps_c086580ba4,,\N
,85,say,samho,default,그럼… 그동안 거리를 두거나 피했던 건…,그럼… 그동안 거리를 두거나 피했던 건…,campaign_d3_bar_84,\N,\N,wait,,script/bar/day3,script_bar_day3_scenes_1_steps_84,script_bar_day3_scenes_1,steps,84,migration_steps_c086580ba4,,\N
,86,say,tom,default,그래. 나에 대해서 실망하길 바라고 네가 이 동네를 떠났으면 했지.,그래. 나에 대해서 실망하길 바라고 네가 이 동네를 떠났으면 했지.,campaign_d3_bar_85,\N,\N,wait,,script/bar/day3,script_bar_day3_scenes_1_steps_85,script_bar_day3_scenes_1,steps,85,migration_steps_c086580ba4,,\N
,87,say,samho,default,…,…,campaign_d3_bar_86,\N,\N,wait,,script/bar/day3,script_bar_day3_scenes_1_steps_86,script_bar_day3_scenes_1,steps,86,migration_steps_c086580ba4,,\N
,88,say,luna,default,그럼 그동안의 행동은 마음이 변해서 행한 일들이 아니라 오히려 삼호를 걱정하고 위했기에 그런 모순적인 행동을 했던 거네요.,그럼 그동안의 행동은 마음이 변해서 행한 일들이 아니라 오히려 삼호를 걱정하고 위했기에 그런 모순적인 행동을 했던 거네요.,campaign_d3_bar_87,\N,\N,wait,,script/bar/day3,script_bar_day3_scenes_1_steps_87,script_bar_day3_scenes_1,steps,87,migration_steps_c086580ba4,,\N
,89,say,tom,default,…그렇지.,…그렇지.,campaign_d3_bar_88,\N,\N,wait,,script/bar/day3,script_bar_day3_scenes_1_steps_88,script_bar_day3_scenes_1,steps,88,migration_steps_c086580ba4,,\N
,90,say,tom,default,그때에 비해 내가 너무 변해 버린 건가?,그때에 비해 내가 너무 변해 버린 건가?,campaign_d3_bar_89,\N,\N,wait,,script/bar/day3,script_bar_day3_scenes_1_steps_89,script_bar_day3_scenes_1,steps,89,migration_steps_c086580ba4,,\N
,91,say,luna,default,그때 조니가 했던 말 중에 이런 말도 있었죠.,그때 조니가 했던 말 중에 이런 말도 있었죠.,campaign_d3_bar_90,\N,\N,wait,,script/bar/day3,script_bar_day3_scenes_1_steps_90,script_bar_day3_scenes_1,steps,90,migration_steps_c086580ba4,,\N
,92,say,luna,default,사람은 변하지만 칵테일의 맛은 바꾸지 말라고.,사람은 변하지만 칵테일의 맛은 바꾸지 말라고.,campaign_d3_bar_91,\N,\N,wait,,script/bar/day3,script_bar_day3_scenes_1_steps_91,script_bar_day3_scenes_1,steps,91,migration_steps_c086580ba4,,\N
,93,say,luna,default,그러면 손님이 바에 왔을 때 옛날의 자신을 만날 수 있을 테니,그러면 손님이 바에 왔을 때 옛날의 자신을 만날 수 있을 테니,campaign_d3_bar_92,\N,\N,wait,,script/bar/day3,script_bar_day3_scenes_1_steps_92,script_bar_day3_scenes_1,steps,92,migration_steps_c086580ba4,,\N
,94,say,luna,default,조니가 늘 말하던 말씀이었다고 해요.,조니가 늘 말하던 말씀이었다고 해요.,campaign_d3_bar_93,\N,\N,wait,,script/bar/day3,script_bar_day3_scenes_1_steps_93,script_bar_day3_scenes_1,steps,93,migration_steps_c086580ba4,,\N
,95,say,tom,default,옛날의 자신…이라.,옛날의 자신…이라.,campaign_d3_bar_94,\N,\N,wait,,script/bar/day3,script_bar_day3_scenes_1_steps_94,script_bar_day3_scenes_1,steps,94,migration_steps_c086580ba4,,\N
,96,say,samho,default,보스… 기억나? 예전에 내가 잘 곳도 없어서 저기 쓰레기 더미에서 떨고 있었을 때. 잘 곳을 마련해 줬던 거.,보스… 기억나? 예전에 내가 잘 곳도 없어서 저기 쓰레기 더미에서 떨고 있었을 때. 잘 곳을 마련해 줬던 거.,campaign_d3_bar_95,\N,\N,wait,,script/bar/day3,script_bar_day3_scenes_1_steps_95,script_bar_day3_scenes_1,steps,95,migration_steps_c086580ba4,,\N
,97,say,tom,default,…기억나지.,…기억나지.,campaign_d3_bar_96,\N,\N,wait,,script/bar/day3,script_bar_day3_scenes_1_steps_96,script_bar_day3_scenes_1,steps,96,migration_steps_c086580ba4,,\N
,98,say,samho,default,그때 보스를 처음 보고 무섭고 경계하고 의심했지만. 믿기로 했어. 보스가 무슨 사람이든 간에 날 도와주고 싶다는 마음이 거짓된 게 아니었으니까.,그때 보스를 처음 보고 무섭고 경계하고 의심했지만. 믿기로 했어. 보스가 무슨 사람이든 간에 날 도와주고 싶다는 마음이 거짓된 게 아니었으니까.,campaign_d3_bar_97,\N,\N,wait,,script/bar/day3,script_bar_day3_scenes_1_steps_97,script_bar_day3_scenes_1,steps,97,migration_steps_c086580ba4,,\N
,99,say,samho,default,보스 혼자서 자기가 무슨 인간이라고 생각하든 간에 나는 내 눈으로 본 보스를 믿고 동경하고 따르고 싶었어. 나중에 내가 보스를 도울 날이 있으면 좋겠다고 생각해서.,보스 혼자서 자기가 무슨 인간이라고 생각하든 간에 나는 내 눈으로 본 보스를 믿고 동경하고 따르고 싶었어. 나중에 내가 보스를 도울 날이 있으면 좋겠다고 생각해서.,campaign_d3_bar_98,\N,\N,wait,,script/bar/day3,script_bar_day3_scenes_1_steps_98,script_bar_day3_scenes_1,steps,98,migration_steps_c086580ba4,,\N
,100,say,tom,default,…,…,campaign_d3_bar_99,\N,\N,wait,,script/bar/day3,script_bar_day3_scenes_1_steps_99,script_bar_day3_scenes_1,steps,99,migration_steps_c086580ba4,,\N
,101,say,samho,default,그런데 그런 행동들이 정말 날 위한 거라고 생각해? 내가 이 동네를 벗어나면 아무 일 없이 잘 살 수 있을 것 같아?,그런데 그런 행동들이 정말 날 위한 거라고 생각해? 내가 이 동네를 벗어나면 아무 일 없이 잘 살 수 있을 것 같아?,campaign_d3_bar_100,\N,\N,wait,,script/bar/day3,script_bar_day3_scenes_1_steps_100,script_bar_day3_scenes_1,steps,100,migration_steps_c086580ba4,,\N
,102,say,samho,default,더 이상 나는 보호를 받아야만 하는 사람이 아니야. 왜 나한테 기회를 주지 않는 건데.,더 이상 나는 보호를 받아야만 하는 사람이 아니야. 왜 나한테 기회를 주지 않는 건데.,campaign_d3_bar_101,\N,\N,wait,,script/bar/day3,script_bar_day3_scenes_1_steps_101,script_bar_day3_scenes_1,steps,101,migration_steps_c086580ba4,,\N
,103,say,samho,default,"나도 보스한테 도움이 된다는 말, 한 번쯤은 듣고 싶었단 말이야.","나도 보스한테 도움이 된다는 말, 한 번쯤은 듣고 싶었단 말이야.",campaign_d3_bar_102,\N,\N,wait,,script/bar/day3,script_bar_day3_scenes_1_steps_102,script_bar_day3_scenes_1,steps,102,migration_steps_c086580ba4,,\N
,104,say,tom,default,…아무래도 내가 생각이 짧았던 것 같네.,…아무래도 내가 생각이 짧았던 것 같네.,campaign_d3_bar_103,\N,\N,wait,,script/bar/day3,script_bar_day3_scenes_1_steps_103,script_bar_day3_scenes_1,steps,103,migration_steps_c086580ba4,,\N
,105,say,tom,default,널 위해서 한 일이라고 생각했는데 이기적인 내 생각일 뿐이었어.,널 위해서 한 일이라고 생각했는데 이기적인 내 생각일 뿐이었어.,campaign_d3_bar_104,\N,\N,wait,,script/bar/day3,script_bar_day3_scenes_1_steps_104,script_bar_day3_scenes_1,steps,104,migration_steps_c086580ba4,,\N
,106,say,tom,default,아직 삼호 널 갱에 들어오라고 하는 건… 좀 더 고민해 봐야겠지만 그래도 혼자 생각하지 않도록 하지. 이번에는 나도 네가 하는 말 제대로 들을 테니까.,아직 삼호 널 갱에 들어오라고 하는 건… 좀 더 고민해 봐야겠지만 그래도 혼자 생각하지 않도록 하지. 이번에는 나도 네가 하는 말 제대로 들을 테니까.,campaign_d3_bar_105,\N,\N,wait,,script/bar/day3,script_bar_day3_scenes_1_steps_105,script_bar_day3_scenes_1,steps,105,migration_steps_c086580ba4,,\N
,107,say,samho,default,…알았어.,…알았어.,campaign_d3_bar_106,\N,\N,wait,,script/bar/day3,script_bar_day3_scenes_1_steps_106,script_bar_day3_scenes_1,steps,106,migration_steps_c086580ba4,,\N
,108,say,luna,default,이제 가시는 건가요?,이제 가시는 건가요?,campaign_d3_bar_107,\N,\N,wait,,script/bar/day3,script_bar_day3_scenes_1_steps_107,script_bar_day3_scenes_1,steps,107,migration_steps_c086580ba4,,\N
,109,say,tom,default,그래. 잘 마셨어 덕분에 일도 해결된 것 같고 말이지.,그래. 잘 마셨어 덕분에 일도 해결된 것 같고 말이지.,campaign_d3_bar_108,\N,\N,wait,,script/bar/day3,script_bar_day3_scenes_1_steps_108,script_bar_day3_scenes_1,steps,108,migration_steps_c086580ba4,,\N
,110,say,luna,default,다행이네요.,다행이네요.,campaign_d3_bar_109,\N,\N,wait,,script/bar/day3,script_bar_day3_scenes_1_steps_109,script_bar_day3_scenes_1,steps,109,migration_steps_c086580ba4,,\N
,111,say,tom,default,역시… 넌 될 것 같네.,역시… 넌 될 것 같네.,campaign_d3_bar_110,\N,\N,wait,,script/bar/day3,script_bar_day3_scenes_1_steps_110,script_bar_day3_scenes_1,steps,110,migration_steps_c086580ba4,,\N
,112,say,luna,default,네? 무슨 의미인가요?,네? 무슨 의미인가요?,campaign_d3_bar_111,\N,\N,wait,,script/bar/day3,script_bar_day3_scenes_1_steps_111,script_bar_day3_scenes_1,steps,111,migration_steps_c086580ba4,,\N
,113,say,tom,default,"아니야. 항상 응원한다고 생각해. 오늘 있었던 일은 잊지 못할 것 같아. 고마워, 루나.","아니야. 항상 응원한다고 생각해. 오늘 있었던 일은 잊지 못할 것 같아. 고마워, 루나.",campaign_d3_bar_112,\N,\N,wait,,script/bar/day3,script_bar_day3_scenes_1_steps_112,script_bar_day3_scenes_1,steps,112,migration_steps_c086580ba4,,\N
,114,say,luna,default,전 제 일을 했을 뿐이에요.,전 제 일을 했을 뿐이에요.,campaign_d3_bar_113,\N,\N,wait,,script/bar/day3,script_bar_day3_scenes_1_steps_113,script_bar_day3_scenes_1,steps,113,migration_steps_c086580ba4,,\N
,115,say,tom,default,하하. 그런 면까지 정말 닮았네. 그러면 다음에 또 오도록 하지.,하하. 그런 면까지 정말 닮았네. 그러면 다음에 또 오도록 하지.,campaign_d3_bar_114,\N,\N,wait,,script/bar/day3,script_bar_day3_scenes_1_steps_114,script_bar_day3_scenes_1,steps,114,migration_steps_c086580ba4,,\N
,116,exit,tom,\N,,,\N,\N,\N,wait,,script/bar/day3,script_bar_day3_scenes_1_steps_115,script_bar_day3_scenes_1,steps,115,migration_steps_f8e3b89266,\N,\N
,117,say,samho,default,이씨… 왜 먼저 가는 거야!,이씨… 왜 먼저 가는 거야!,campaign_d3_bar_116,\N,\N,wait,,script/bar/day3,script_bar_day3_scenes_1_steps_116,script_bar_day3_scenes_1,steps,116,migration_steps_c086580ba4,,\N
,118,say,samho,default,"그럼 나도 먼저 갈게, 루나. 다음에 봐!","그럼 나도 먼저 갈게, 루나. 다음에 봐!",campaign_d3_bar_117,\N,\N,wait,,script/bar/day3,script_bar_day3_scenes_1_steps_117,script_bar_day3_scenes_1,steps,117,migration_steps_c086580ba4,,\N
,119,exit,samho,\N,,,\N,\N,\N,wait,,script/bar/day3,script_bar_day3_scenes_1_steps_118,script_bar_day3_scenes_1,steps,118,migration_steps_f8e3b89266,\N,\N
,120,say,luna,default,…잘한 건가.,…잘한 건가.,campaign_d3_bar_119,\N,\N,wait,,script/bar/day3,script_bar_day3_scenes_1_steps_119,script_bar_day3_scenes_1,steps,119,migration_steps_c086580ba4,,\N
,121,say,luna,default,(누군가를 위하는 마음으로 한 행동이 저렇게도 나타날 수 있는 건가…),(누군가를 위하는 마음으로 한 행동이 저렇게도 나타날 수 있는 건가…),campaign_d3_bar_120,\N,\N,wait,,script/bar/day3,script_bar_day3_scenes_1_steps_120,script_bar_day3_scenes_1,steps,120,migration_steps_c086580ba4,,\N
,122,enter,chris,R,,,\N,\N,\N,wait,,script/bar/day3,script_bar_day3_scenes_1_steps_121,script_bar_day3_scenes_1,steps,121,migration_steps_3b98d21457,\N,\N
,123,say,chris,default,갔나 보군.,갔나 보군.,campaign_d3_bar_122,\N,\N,wait,,script/bar/day3,script_bar_day3_scenes_1_steps_122,script_bar_day3_scenes_1,steps,122,migration_steps_c086580ba4,,\N
,124,say,luna,default,듣고 계셨나요?,듣고 계셨나요?,campaign_d3_bar_123,\N,\N,wait,,script/bar/day3,script_bar_day3_scenes_1_steps_123,script_bar_day3_scenes_1,steps,123,migration_steps_c086580ba4,,\N
,125,say,chris,default,생각보다 소란스러워서 말이지. 물론 끼면 안 될 것 같아서 듣고만 있었어.,생각보다 소란스러워서 말이지. 물론 끼면 안 될 것 같아서 듣고만 있었어.,campaign_d3_bar_124,\N,\N,wait,,script/bar/day3,script_bar_day3_scenes_1_steps_124,script_bar_day3_scenes_1,steps,124,migration_steps_c086580ba4,,\N
,126,say,chris,default,그래도… 잘한 거 같네. 고생했어.,그래도… 잘한 거 같네. 고생했어.,campaign_d3_bar_125,\N,\N,wait,,script/bar/day3,script_bar_day3_scenes_1_steps_125,script_bar_day3_scenes_1,steps,125,migration_steps_c086580ba4,,\N
,127,say,chris,default,피곤할 테니 먼저 들어가 봐.,피곤할 테니 먼저 들어가 봐.,campaign_d3_bar_126,\N,\N,wait,,script/bar/day3,script_bar_day3_scenes_1_steps_126,script_bar_day3_scenes_1,steps,126,migration_steps_c086580ba4,,\N
,128,say,luna,default,알겠어요.,알겠어요.,campaign_d3_bar_127,\N,\N,wait,,script/bar/day3,script_bar_day3_scenes_1_steps_127,script_bar_day3_scenes_1,steps,127,migration_steps_c086580ba4,,\N
,129,end_part,luna,\N,,,\N,\N,\N,wait,,script/bar/day3,script_bar_day3_scenes_1_steps_128,script_bar_day3_scenes_1,steps,128,migration_steps_f8e3b89266,\N,\N
,1,say,day1-corridor-thug,default,"…뭐야, 너.",\N,day1-corridor-thug_1,\N,\N,wait,,script/street,script_street_scenes_0_steps_0,script_street_scenes_0,steps,0,migration_steps_6432533c82,,
,2,say,luna,default,누구신가요?,\N,day1-corridor-thug_2,\N,\N,wait,,script/street,script_street_scenes_0_steps_1,script_street_scenes_0,steps,1,migration_steps_6432533c82,,
,3,say,day1-corridor-thug,default,"여기 사는 사람인데. 너, 그 집에 사는 거야?",\N,day1-corridor-thug_3,\N,\N,wait,,script/street,script_street_scenes_0_steps_2,script_street_scenes_0,steps,2,migration_steps_6432533c82,,
,4,say,luna,default,어제부터 지내고 있습니다.,\N,day1-corridor-thug_4,\N,\N,wait,,script/street,script_street_scenes_0_steps_3,script_street_scenes_0,steps,3,migration_steps_6432533c82,,
,5,say,day1-corridor-thug,default,"하. 그 남자, 세상 무뚝뚝한 척은 다 하더니. 이런 어린 여자나 꼬시고 있었어?",\N,day1-corridor-thug_5,\N,\N,wait,,script/street,script_street_scenes_0_steps_4,script_street_scenes_0,steps,4,migration_steps_6432533c82,,
,6,say,day1-corridor-thug,default,즐길 건 다 즐기면서 살고 있었구만.,\N,day1-corridor-thug_6,\N,\N,wait,,script/street,script_street_scenes_0_steps_5,script_street_scenes_0,steps,5,migration_steps_6432533c82,,
,7,say,luna,default,무슨 일이신가요?,\N,day1-corridor-thug_7,\N,\N,wait,,script/street,script_street_scenes_0_steps_6,script_street_scenes_0,steps,6,migration_steps_6432533c82,,
,8,say,day1-corridor-thug,default,"…별건 아니고. 여기 새로 들어오면 입주 비용을 내야 하는데, 알고 있어?",\N,day1-corridor-thug_8,\N,\N,wait,,script/street,script_street_scenes_0_steps_7,script_street_scenes_0,steps,7,migration_steps_6432533c82,,
,9,say,luna,default,그런 비용이 있다는 말은 듣지 못했습니다.,\N,day1-corridor-thug_9,\N,\N,wait,,script/street,script_street_scenes_0_steps_8,script_street_scenes_0,steps,8,migration_steps_6432533c82,,
,10,say,day1-corridor-thug,default,그래? 그럼 나한테 500원만 줘. 내가 대신 처리해 줄 테니까.,\N,day1-corridor-thug_10,\N,\N,wait,,script/street,script_street_scenes_0_steps_9,script_street_scenes_0,steps,9,migration_steps_6432533c82,,
,11,say,day1-corridor-thug,default,입주 비용으로 500원을 건네시겠습니까?,\N,day1-corridor-thug_11,\N,\N,wait,,script/street,script_street_scenes_0_steps_10,script_street_scenes_0,steps,10,migration_steps_6432533c82,,
,1,effect,\N,\N,,,\N,\N,money -= 500; flag.day1_thug_choice = true,wait,,script/street,script_street_scenes_0_steps_11_options_0_result_steps_0,script_street_scenes_0_steps_11_options_0,result_steps,0,migration_steps_6a10b44f75,\N,
,2,say,day1-corridor-thug,default,뭐야. 생각보다 고분고분하잖아?,\N,choice_thug-pay_2,\N,\N,wait,,script/street,script_street_scenes_0_steps_11_options_0_result_steps_1,script_street_scenes_0_steps_11_options_0,result_steps,1,migration_steps_6432533c82,,
,3,say,day1-corridor-thug,default,"너, 나랑 같이 살 생각은 없어? 내가 그 남자보단 따뜻하게 대해 줄 수 있는데.",\N,choice_thug-pay_3,\N,\N,wait,,script/street,script_street_scenes_0_steps_11_options_0_result_steps_2,script_street_scenes_0_steps_11_options_0,result_steps,2,migration_steps_6432533c82,,
,4,say,luna,default,그럴 생각은 없습니다.,\N,choice_thug-pay_4,\N,\N,wait,,script/street,script_street_scenes_0_steps_11_options_0_result_steps_3,script_street_scenes_0_steps_11_options_0,result_steps,3,migration_steps_6432533c82,,
,5,say,day1-corridor-thug,default,칫. 이런 건 또 딱 잘라 거절하네.,\N,choice_thug-pay_5,\N,\N,wait,,script/street,script_street_scenes_0_steps_11_options_0_result_steps_4,script_street_scenes_0_steps_11_options_0,result_steps,4,migration_steps_6432533c82,,
,6,say,day1-corridor-thug,default,"뭐, 됐어. 아침부터 돈도 생기고, 오늘은 운이 좋네.",\N,choice_thug-pay_6,\N,\N,wait,,script/street,script_street_scenes_0_steps_11_options_0_result_steps_5,script_street_scenes_0_steps_11_options_0,result_steps,5,migration_steps_6432533c82,,
,7,say,luna,default,…입주 비용을 처리해 주시는 거 아니었나요?,\N,choice_thug-pay_7,\N,\N,wait,,script/street,script_street_scenes_0_steps_11_options_0_result_steps_6,script_street_scenes_0_steps_11_options_0,result_steps,6,migration_steps_6432533c82,,
,8,say,day1-corridor-thug,default,"아, 알아서 한다니까. 넌 가던 길이나 가.",\N,choice_thug-pay_8,\N,\N,wait,,script/street,script_street_scenes_0_steps_11_options_0_result_steps_7,script_street_scenes_0_steps_11_options_0,result_steps,7,migration_steps_6432533c82,,
,9,effect,\N,\N,,,\N,\N,\N,wait,,script/street,script_street_scenes_0_steps_11_options_0_result_steps_8,script_street_scenes_0_steps_11_options_0,result_steps,8,migration_steps_bf97ce221a,\N,
,10,say,luna,default,…,\N,choice_thug-pay_10,\N,\N,wait,,script/street,script_street_scenes_0_steps_11_options_0_result_steps_9,script_street_scenes_0_steps_11_options_0,result_steps,9,migration_steps_6432533c82,,
,1,say,luna,default,그 돈을 드리기는 어려울 것 같습니다.,\N,choice_thug-refuse_1,\N,\N,wait,,script/street,script_street_scenes_0_steps_11_options_1_result_steps_0,script_street_scenes_0_steps_11_options_1,result_steps,0,migration_steps_6432533c82,,
,2,say,day1-corridor-thug,default,하. 이젠 너 같은 애송이까지 날 무시하네.,\N,choice_thug-refuse_2,\N,\N,wait,,script/street,script_street_scenes_0_steps_11_options_1_result_steps_1,script_street_scenes_0_steps_11_options_1,result_steps,1,migration_steps_6432533c82,,
,3,effect,\N,\N,,,\N,\N,\N,wait,,script/street,script_street_scenes_0_steps_11_options_1_result_steps_2,script_street_scenes_0_steps_11_options_1,result_steps,2,migration_steps_bf97ce221a,\N,
,4,say,day1-corridor-thug,default,큭…!,\N,choice_thug-refuse_4,\N,\N,wait,,script/street,script_street_scenes_0_steps_11_options_1_result_steps_3,script_street_scenes_0_steps_11_options_1,result_steps,3,migration_steps_6432533c82,,
,5,say,luna,default,…?,\N,choice_thug-refuse_5,\N,\N,wait,,script/street,script_street_scenes_0_steps_11_options_1_result_steps_4,script_street_scenes_0_steps_11_options_1,result_steps,4,migration_steps_6432533c82,,
,6,say,day1-corridor-thug,default,"뭐야… 너, 몸이 왜 이렇게 단단해? 무슨 쇳덩이도 아니고.",\N,choice_thug-refuse_6,\N,\N,wait,,script/street,script_street_scenes_0_steps_11_options_1_result_steps_5,script_street_scenes_0_steps_11_options_1,result_steps,5,migration_steps_6432533c82,,
,7,say,day1-corridor-thug,default,칫… 오늘은 그냥 간다. 운 좋은 줄 알아.,\N,choice_thug-refuse_7,\N,\N,wait,,script/street,script_street_scenes_0_steps_11_options_1_result_steps_6,script_street_scenes_0_steps_11_options_1,result_steps,6,migration_steps_6432533c82,,
,8,effect,\N,\N,,,\N,\N,\N,wait,,script/street,script_street_scenes_0_steps_11_options_1_result_steps_7,script_street_scenes_0_steps_11_options_1,result_steps,7,migration_steps_bf97ce221a,\N,
,12,choice,day1-corridor-thug,\N,,,\N,\N,\N,wait,,script/street,script_street_scenes_0_steps_11,script_street_scenes_0,steps,11,migration_steps_d330178be3,\N,
,1,say,day2-corridor-thug,default,…또 만났네?,\N,day2-corridor-thug_1,\N,\N,wait,,script/street,script_street_scenes_1_steps_0,script_street_scenes_1,steps,0,migration_steps_6432533c82,,
,2,say,luna,default,…,\N,day2-corridor-thug_2,\N,\N,wait,,script/street,script_street_scenes_1_steps_1,script_street_scenes_1,steps,1,migration_steps_6432533c82,,
,3,say,day2-corridor-thug,default,그래도 이웃인데 인사는 하고 지내자고.,\N,day2-corridor-thug_3,\N,\N,wait,,script/street,script_street_scenes_1_steps_2,script_street_scenes_1,steps,2,migration_steps_6432533c82,,
,4,say,luna,default,안녕하세요.,\N,day2-corridor-thug_4,\N,\N,wait,,script/street,script_street_scenes_1_steps_3,script_street_scenes_1,steps,3,migration_steps_6432533c82,,
,5,say,day2-corridor-thug,default,"그래, 반갑다.",\N,day2-corridor-thug_5,\N,\N,wait,,script/street,script_street_scenes_1_steps_4,script_street_scenes_1,steps,4,migration_steps_6432533c82,,
,6,say,day2-corridor-thug,default,혹시라도 물어볼 거 있으면 물어봐. 물론 맨입으로는 힘들겠지만.,\N,day2-corridor-thug_6,\N,\N,wait,,script/street,script_street_scenes_1_steps_5,script_street_scenes_1,steps,5,migration_steps_6432533c82,,
,1,say,day2-thug-information,default,뭐야? 물어볼 거라도 있어?,\N,day2-thug-information_1,\N,\N,wait,,script/street,script_street_scenes_2_steps_0,script_street_scenes_2,steps,0,migration_steps_6432533c82,,
,1,say,day2-thug-information,default,…맨입으로는 안 돼. 50원만 주면 알려 주지.,\N,choice_info-gang_1,\N,\N,wait,,script/street,script_street_scenes_2_steps_1_options_0_result_steps_0,script_street_scenes_2_steps_1_options_0,result_steps,0,migration_steps_6432533c82,,
,1,effect,\N,\N,,,\N,\N,money -= 50,wait,,script/street,script_street_scenes_2_steps_1_options_0_result_steps_1_options_0_result_steps_0,script_street_scenes_2_steps_1_options_0_result_steps_1_options_0,result_steps,0,migration_steps_6a10b44f75,\N,
,2,say,luna,default,갱에 대해서 알려 주실 수 있나요?,\N,choice_pay-gang_2,\N,\N,wait,,script/street,script_street_scenes_2_steps_1_options_0_result_steps_1_options_0_result_steps_1,script_street_scenes_2_steps_1_options_0_result_steps_1_options_0,result_steps,1,migration_steps_6432533c82,,
,3,say,day2-corridor-thug,default,그냥 돈만 되면 뭐든 하는 인간 말종 같은 새끼들이라고 생각해.,\N,choice_pay-gang_3,\N,\N,wait,,script/street,script_street_scenes_2_steps_1_options_0_result_steps_1_options_0_result_steps_2,script_street_scenes_2_steps_1_options_0_result_steps_1_options_0,result_steps,2,migration_steps_6432533c82,,
,4,say,day2-corridor-thug,default,이 동네엔 갱도 여럿 있어서 다른 동네보다 위험한 편이지.,\N,choice_pay-gang_4,\N,\N,wait,,script/street,script_street_scenes_2_steps_1_options_0_result_steps_1_options_0_result_steps_3,script_street_scenes_2_steps_1_options_0_result_steps_1_options_0,result_steps,3,migration_steps_6432533c82,,
,5,say,day2-corridor-thug,default,"유명한 놈들은 애니멀 갱, 하이드럭 갱, 나이트 러너 갱 정도야.",\N,choice_pay-gang_5,\N,\N,wait,,script/street,script_street_scenes_2_steps_1_options_0_result_steps_1_options_0_result_steps_4,script_street_scenes_2_steps_1_options_0_result_steps_1_options_0,result_steps,4,migration_steps_6432533c82,,
,6,say,day2-corridor-thug,default,애니멀은 자기네 사람만 안 건드리면 웬만해선 문제없어.,\N,choice_pay-gang_6,\N,\N,wait,,script/street,script_street_scenes_2_steps_1_options_0_result_steps_1_options_0_result_steps_5,script_street_scenes_2_steps_1_options_0_result_steps_1_options_0,result_steps,5,migration_steps_6432533c82,,
,7,say,day2-corridor-thug,default,나머지 놈들은 그냥 보이면 피하는 게 상책이고.,\N,choice_pay-gang_7,\N,\N,wait,,script/street,script_street_scenes_2_steps_1_options_0_result_steps_1_options_0_result_steps_6,script_street_scenes_2_steps_1_options_0_result_steps_1_options_0,result_steps,6,migration_steps_6432533c82,,
,8,say,day2-corridor-thug,default,너같이 예쁘장한 애는 잘못 걸리면 납치돼서 어디로 팔려 갈지도 모른다고.,\N,choice_pay-gang_8,\N,\N,wait,,script/street,script_street_scenes_2_steps_1_options_0_result_steps_1_options_0_result_steps_7,script_street_scenes_2_steps_1_options_0_result_steps_1_options_0,result_steps,7,migration_steps_6432533c82,,
,9,say,luna,default,…알려 주셔서 감사해요.,\N,choice_pay-gang_9,\N,\N,wait,,script/street,script_street_scenes_2_steps_1_options_0_result_steps_1_options_0_result_steps_8,script_street_scenes_2_steps_1_options_0_result_steps_1_options_0,result_steps,8,migration_steps_6432533c82,,
,2,choice,day2-thug-information,\N,,,\N,\N,\N,wait,,script/street,script_street_scenes_2_steps_1_options_0_result_steps_1,script_street_scenes_2_steps_1_options_0,result_steps,1,migration_steps_d330178be3,\N,
,1,say,day2-thug-information,default,…맨입으로는 안 돼. 50원만 주면 알려 주지.,\N,choice_info-coratech_1,\N,\N,wait,,script/street,script_street_scenes_2_steps_1_options_1_result_steps_0,script_street_scenes_2_steps_1_options_1,result_steps,0,migration_steps_6432533c82,,
,1,effect,\N,\N,,,\N,\N,money -= 50,wait,,script/street,script_street_scenes_2_steps_1_options_1_result_steps_1_options_0_result_steps_0,script_street_scenes_2_steps_1_options_1_result_steps_1_options_0,result_steps,0,migration_steps_6a10b44f75,\N,
,2,say,luna,default,코라테크에 대해서 알려 주실 수 있나요?,\N,choice_pay-coratech_2,\N,\N,wait,,script/street,script_street_scenes_2_steps_1_options_1_result_steps_1_options_0_result_steps_1,script_street_scenes_2_steps_1_options_1_result_steps_1_options_0,result_steps,1,migration_steps_6432533c82,,
,3,say,day2-corridor-thug,default,…대체 어디서 왔길래 그런 걸 물어보는 거야?,\N,choice_pay-coratech_3,\N,\N,wait,,script/street,script_street_scenes_2_steps_1_options_1_result_steps_1_options_0_result_steps_2,script_street_scenes_2_steps_1_options_1_result_steps_1_options_0,result_steps,2,migration_steps_6432533c82,,
,4,say,day2-corridor-thug,default,그냥 우리나라 산업은 전부 그놈들 손에 있다고 생각해.,\N,choice_pay-coratech_4,\N,\N,wait,,script/street,script_street_scenes_2_steps_1_options_1_result_steps_1_options_0_result_steps_3,script_street_scenes_2_steps_1_options_1_result_steps_1_options_0,result_steps,3,migration_steps_6432533c82,,
,5,say,day2-corridor-thug,default,"무역, 물류, 군수, 기술 연구, 바이오… 손 안 댄 분야가 없지.",\N,choice_pay-coratech_5,\N,\N,wait,,script/street,script_street_scenes_2_steps_1_options_1_result_steps_1_options_0_result_steps_4,script_street_scenes_2_steps_1_options_1_result_steps_1_options_0,result_steps,4,migration_steps_6432533c82,,
,6,say,day2-corridor-thug,default,"정부랑 계약 맺고 일하는 기업이라는데, 행정 업무까지 맡아서 하고 있으니.",\N,choice_pay-coratech_6,\N,\N,wait,,script/street,script_street_scenes_2_steps_1_options_1_result_steps_1_options_0_result_steps_5,script_street_scenes_2_steps_1_options_1_result_steps_1_options_0,result_steps,5,migration_steps_6432533c82,,
,7,say,day2-corridor-thug,default,사실상 정부나 다름없어.,\N,choice_pay-coratech_7,\N,\N,wait,,script/street,script_street_scenes_2_steps_1_options_1_result_steps_1_options_0_result_steps_6,script_street_scenes_2_steps_1_options_1_result_steps_1_options_0,result_steps,6,migration_steps_6432533c82,,
,8,say,day2-corridor-thug,default,하지만 그런 놈들도 이쪽 나이트타운으로는 영향력이 잘 안 닿긴 하지. 워낙 무법지대라서 말이야.,\N,choice_pay-coratech_8,\N,\N,wait,,script/street,script_street_scenes_2_steps_1_options_1_result_steps_1_options_0_result_steps_7,script_street_scenes_2_steps_1_options_1_result_steps_1_options_0,result_steps,7,migration_steps_6432533c82,,
,9,say,luna,default,…알려 주셔서 감사해요.,\N,choice_pay-coratech_9,\N,\N,wait,,script/street,script_street_scenes_2_steps_1_options_1_result_steps_1_options_0_result_steps_8,script_street_scenes_2_steps_1_options_1_result_steps_1_options_0,result_steps,8,migration_steps_6432533c82,,
,2,choice,day2-thug-information,\N,,,\N,\N,\N,wait,,script/street,script_street_scenes_2_steps_1_options_1_result_steps_1,script_street_scenes_2_steps_1_options_1,result_steps,1,migration_steps_d330178be3,\N,
,1,say,day2-thug-information,default,…맨입으로는 안 돼. 50원만 주면 알려 주지.,\N,choice_info-chris_1,\N,\N,wait,,script/street,script_street_scenes_2_steps_1_options_2_result_steps_0,script_street_scenes_2_steps_1_options_2,result_steps,0,migration_steps_6432533c82,,
,1,effect,\N,\N,,,\N,\N,money -= 50,wait,,script/street,script_street_scenes_2_steps_1_options_2_result_steps_1_options_0_result_steps_0,script_street_scenes_2_steps_1_options_2_result_steps_1_options_0,result_steps,0,migration_steps_6a10b44f75,\N,
,2,say,luna,default,크리스에 대해서 알려 주실 수 있나요?,\N,choice_pay-chris_2,\N,\N,wait,,script/street,script_street_scenes_2_steps_1_options_2_result_steps_1_options_0_result_steps_1,script_street_scenes_2_steps_1_options_2_result_steps_1_options_0,result_steps,1,migration_steps_6432533c82,,
,3,say,day2-corridor-thug,default,…그놈은 나도 잘 몰라.,\N,choice_pay-chris_3,\N,\N,wait,,script/street,script_street_scenes_2_steps_1_options_2_result_steps_1_options_0_result_steps_2,script_street_scenes_2_steps_1_options_2_result_steps_1_options_0,result_steps,2,migration_steps_6432533c82,,
,4,say,day2-corridor-thug,default,"이 동네에 들어온 지 그렇게 오래되진 않았는데, 온 지 얼마 안 돼서 갱 패거리랑 시비가 붙었거든.",\N,choice_pay-chris_4,\N,\N,wait,,script/street,script_street_scenes_2_steps_1_options_2_result_steps_1_options_0_result_steps_3,script_street_scenes_2_steps_1_options_2_result_steps_1_options_0,result_steps,3,migration_steps_6432533c82,,
,5,say,day2-corridor-thug,default,"그때 혼자서 일곱 놈을 상대했어. 몇은 죽고, 나머지는 반병신이 됐지.",\N,choice_pay-chris_5,\N,\N,wait,,script/street,script_street_scenes_2_steps_1_options_2_result_steps_1_options_0_result_steps_4,script_street_scenes_2_steps_1_options_2_result_steps_1_options_0,result_steps,4,migration_steps_6432533c82,,
,6,say,day2-corridor-thug,default,그 뒤로 한동안은 아무도 그놈한테 말조차 못 걸었어.,\N,choice_pay-chris_6,\N,\N,wait,,script/street,script_street_scenes_2_steps_1_options_2_result_steps_1_options_0_result_steps_5,script_street_scenes_2_steps_1_options_2_result_steps_1_options_0,result_steps,5,migration_steps_6432533c82,,
,7,say,day2-corridor-thug,default,그런데 어느 날 보니까 바에서 일하고 있더라고. 무슨 바람이 불었는지는 몰라도.,\N,choice_pay-chris_7,\N,\N,wait,,script/street,script_street_scenes_2_steps_1_options_2_result_steps_1_options_0_result_steps_6,script_street_scenes_2_steps_1_options_2_result_steps_1_options_0,result_steps,6,migration_steps_6432533c82,,
,8,say,day2-corridor-thug,default,"누구는 살아서 은퇴한 전설적인 용병이라 하고, 누구는 코라테크가 몰래 키운 암살자라 하던데.",\N,choice_pay-chris_8,\N,\N,wait,,script/street,script_street_scenes_2_steps_1_options_2_result_steps_1_options_0_result_steps_7,script_street_scenes_2_steps_1_options_2_result_steps_1_options_0,result_steps,7,migration_steps_6432533c82,,
,9,say,luna,default,…알려 주셔서 감사해요.,\N,choice_pay-chris_9,\N,\N,wait,,script/street,script_street_scenes_2_steps_1_options_2_result_steps_1_options_0_result_steps_8,script_street_scenes_2_steps_1_options_2_result_steps_1_options_0,result_steps,8,migration_steps_6432533c82,,
,2,choice,day2-thug-information,\N,,,\N,\N,\N,wait,,script/street,script_street_scenes_2_steps_1_options_2_result_steps_1,script_street_scenes_2_steps_1_options_2,result_steps,1,migration_steps_d330178be3,\N,
,2,choice,day2-thug-information,\N,,,\N,\N,\N,wait,,script/street,script_street_scenes_2_steps_1,script_street_scenes_2,steps,1,migration_steps_d330178be3,\N,
,1,say,samho,default,"뭐야, 넌. 못 보던 얼굴인데?",\N,commute2_1,\N,\N,wait,,script/street,script_street_scenes_3_steps_0,script_street_scenes_3,steps,0,migration_steps_6432533c82,,
,2,say,luna,default,이 동네에 온 지 얼마 안 되었어요.,\N,commute2_2,\N,\N,wait,,script/street,script_street_scenes_3_steps_1,script_street_scenes_3,steps,1,migration_steps_6432533c82,,
,3,say,samho,default,흠… 복장이 좀 특이한데…,\N,commute2_3,\N,\N,wait,,script/street,script_street_scenes_3_steps_2,script_street_scenes_3,steps,2,migration_steps_6432533c82,,
,4,say,samho,default,너 혹시 어디 소속이야?,\N,commute2_4,\N,\N,wait,,script/street,script_street_scenes_3_steps_3,script_street_scenes_3,steps,3,migration_steps_6432533c82,,
,5,say,luna,default,제가 일하는 곳을 말하는 건가요?,\N,commute2_5,\N,\N,wait,,script/street,script_street_scenes_3_steps_4,script_street_scenes_3,steps,4,migration_steps_6432533c82,,
,6,say,samho,default,"그래, 뭐 갱이나 회사 같은 거. 있어?",\N,commute2_6,\N,\N,wait,,script/street,script_street_scenes_3_steps_5,script_street_scenes_3,steps,5,migration_steps_6432533c82,,
,7,say,luna,default,저 앞 건물에 언노운이라는 가게에서 일하고 있어요.,\N,commute2_7,\N,\N,wait,,script/street,script_street_scenes_3_steps_6,script_street_scenes_3,steps,6,migration_steps_6432533c82,,
,8,say,samho,default,언노운?… 언노운… 어디서 들어봤는데.,\N,commute2_8,\N,\N,wait,,script/street,script_street_scenes_3_steps_7,script_street_scenes_3,steps,7,migration_steps_6432533c82,,
,9,say,samho,default,혹시 거기 술 파는 곳이야?,\N,commute2_9,\N,\N,wait,,script/street,script_street_scenes_3_steps_8,script_street_scenes_3,steps,8,migration_steps_6432533c82,,
,10,say,luna,default,"네, 맞아요.",\N,commute2_10,\N,\N,wait,,script/street,script_street_scenes_3_steps_9,script_street_scenes_3,steps,9,migration_steps_6432533c82,,
,11,say,samho,default,아 보스가 전에 말했던 곳이구나. 새로 생긴 갱단인 줄 알았네.,\N,commute2_11,\N,\N,wait,,script/street,script_street_scenes_3_steps_10,script_street_scenes_3,steps,10,migration_steps_6432533c82,,
,12,say,luna,default,갱단은 뭐 하는 곳인가요?,\N,commute2_12,\N,\N,wait,,script/street,script_street_scenes_3_steps_11,script_street_scenes_3,steps,11,migration_steps_6432533c82,,
,13,say,samho,default,…너 그런 것도 몰라?,\N,commute2_13,\N,\N,wait,,script/street,script_street_scenes_3_steps_12,script_street_scenes_3,steps,12,migration_steps_6432533c82,,
,14,say,luna,default,제가 사람이 별로 없는 곳에 살다가 온 지 얼마 안 돼서요.,\N,commute2_14,\N,\N,wait,,script/street,script_street_scenes_3_steps_13,script_street_scenes_3,steps,13,migration_steps_6432533c82,,
,15,say,samho,default,"뭐야, 너 산에 살다 왔어?",\N,commute2_15,\N,\N,wait,,script/street,script_street_scenes_3_steps_14,script_street_scenes_3,steps,14,migration_steps_6432533c82,,
,16,say,luna,default,전에 있던 곳이 산 쪽에 위치하긴 했죠.,\N,commute2_16,\N,\N,wait,,script/street,script_street_scenes_3_steps_15,script_street_scenes_3,steps,15,migration_steps_6432533c82,,
,17,say,samho,default,하이랜더 출신인가 보네. 그러면 그럴 수 있지.,\N,commute2_17,\N,\N,wait,,script/street,script_street_scenes_3_steps_16,script_street_scenes_3,steps,16,migration_steps_6432533c82,,
,18,say,samho,default,그냥 돈 되는 거 이것저것 하는 팀 같은 거라고 생각해.,\N,commute2_18,\N,\N,wait,,script/street,script_street_scenes_3_steps_17,script_street_scenes_3,steps,17,migration_steps_6432533c82,,
,19,say,luna,default,돈을 많이 버는 직업인가요?,\N,commute2_19,\N,\N,wait,,script/street,script_street_scenes_3_steps_18,script_street_scenes_3,steps,18,migration_steps_6432533c82,,
,20,say,samho,default,…나도 그런 건 잘 몰라.,\N,commute2_20,\N,\N,wait,,script/street,script_street_scenes_3_steps_19,script_street_scenes_3,steps,19,migration_steps_6432533c82,,
,21,say,luna,default,갱단에서 일하시는 분이 아니었나요?,\N,commute2_21,\N,\N,wait,,script/street,script_street_scenes_3_steps_20,script_street_scenes_3,steps,20,migration_steps_6432533c82,,
,22,say,samho,default,지금은 아니지만 곧 들어갈 예정이지.,\N,commute2_22,\N,\N,wait,,script/street,script_street_scenes_3_steps_21,script_street_scenes_3,steps,21,migration_steps_6432533c82,,
,23,say,samho,default,들어가기만 하면 너도 곧 내 이름이 유명해지는 걸 듣게 될 거야.,\N,commute2_23,\N,\N,wait,,script/street,script_street_scenes_3_steps_22,script_street_scenes_3,steps,22,migration_steps_6432533c82,,
,24,say,luna,default,지금 들으면 안 되나요?,\N,commute2_24,\N,\N,wait,,script/street,script_street_scenes_3_steps_23,script_street_scenes_3,steps,23,migration_steps_6432533c82,,
,25,say,samho,default,"…삼호야, 삼호. 조만간 애니멀 갱단원이 될 몸이지.",\N,commute2_25,\N,\N,wait,,script/street,script_street_scenes_3_steps_24,script_street_scenes_3,steps,24,migration_steps_6432533c82,,
,26,say,luna,default,네. 잘 부탁드려요.,\N,commute2_26,\N,\N,wait,,script/street,script_street_scenes_3_steps_25,script_street_scenes_3,steps,25,migration_steps_6432533c82,,
,27,say,samho,default,처음 본 사이인데 뭔 부탁까지 해.,\N,commute2_27,\N,\N,wait,,script/street,script_street_scenes_3_steps_26,script_street_scenes_3,steps,26,migration_steps_6432533c82,,
,28,say,samho,default,언노운이라고 했지? 나중에 놀러 갈 테니까 서비스 좀 제대로 챙겨 주라고.,\N,commute2_28,\N,\N,wait,,script/street,script_street_scenes_3_steps_27,script_street_scenes_3,steps,27,migration_steps_6432533c82,,
,29,effect,\N,\N,,,\N,\N,\N,wait,,script/street,script_street_scenes_3_steps_28,script_street_scenes_3,steps,28,migration_steps_bf97ce221a,\N,
,30,say,luna,default,…서비스?,\N,commute2_30,\N,\N,wait,,script/street,script_street_scenes_3_steps_29,script_street_scenes_3,steps,29,migration_steps_6432533c82,,
,1,say,samho,default,"어, 루나. 출근해?",\N,commute3_1,\N,\N,wait,,script/street,script_street_scenes_4_steps_0,script_street_scenes_4,steps,0,migration_steps_6432533c82,,
,2,say,luna,default,"네, 맞아요.",\N,commute3_2,\N,\N,wait,,script/street,script_street_scenes_4_steps_1,script_street_scenes_4,steps,1,migration_steps_6432533c82,,
,3,say,samho,default,참 열심히도 하네.,\N,commute3_3,\N,\N,wait,,script/street,script_street_scenes_4_steps_2,script_street_scenes_4,steps,2,migration_steps_6432533c82,,
,4,say,luna,default,삼호는 여기서 뭐 하는 건가요?,\N,commute3_4,\N,\N,wait,,script/street,script_street_scenes_4_steps_3,script_street_scenes_4,steps,3,migration_steps_6432533c82,,
,5,say,samho,default,의뢰 중개인이랑 잠깐 얘기하느라.,\N,commute3_5,\N,\N,wait,,script/street,script_street_scenes_4_steps_4,script_street_scenes_4,steps,4,migration_steps_6432533c82,,
,6,say,samho,default,이따 갈게. 오늘은 뭔가 보스가 거기로 갈 거 같단 말이지.,\N,commute3_6,\N,\N,wait,,script/street,script_street_scenes_4_steps_5,script_street_scenes_4,steps,5,migration_steps_6432533c82,,
,7,say,luna,default,네. 바에서 뵐게요.,\N,commute3_7,\N,\N,wait,,script/street,script_street_scenes_4_steps_6,script_street_scenes_4,steps,6,migration_steps_6432533c82,,
,1,say,trade-smuggler,default,…그 정도 스펙이면 웬만한 놈들은 상대도 안 될걸.,"…With specs like that, most people wouldn’t stand a chance.",outside_day1_samho_smuggler_1,\N,\N,wait,,script/street,script_street_scenes_5_steps_0,script_street_scenes_5,steps,0,migration_steps_4ff23aaf69,,
,2,say,trade-samho,default,확실히… 그럴 것 같긴 해.,Yeah… I suppose you’re right.,outside_day1_samho_smuggler_2,\N,\N,wait,,script/street,script_street_scenes_5_steps_1,script_street_scenes_5,steps,1,migration_steps_4ff23aaf69,,
,3,say,trade-smuggler,default,그럼 빨리 의뢰부터 처리하라고.,Then hurry up and finish the job.,outside_day1_samho_smuggler_3,\N,\N,wait,,script/street,script_street_scenes_5_steps_2,script_street_scenes_5,steps,2,migration_steps_4ff23aaf69,,
,4,say,trade-smuggler,default,내가 알기론 지금 네 상황에서 그 의뢰 말고는 대금을 치를 방법이 없는 걸로 아는데.,"As far as I know, that job is your only way to pay, given your situation.",outside_day1_samho_smuggler_4,\N,\N,wait,,script/street,script_street_scenes_5_steps_3,script_street_scenes_5,steps,3,migration_steps_4ff23aaf69,,
,5,say,trade-samho,default,…사람 뒷조사도 하는 거야?,…You run background checks on people too?,outside_day1_samho_smuggler_5,\N,\N,wait,,script/street,script_street_scenes_5_steps_4,script_street_scenes_5,steps,4,migration_steps_4ff23aaf69,,
,6,say,trade-smuggler,default,그런 것도 우리 일에 포함되니까. 클클.,That’s part of our work too. Heh heh.,outside_day1_samho_smuggler_6,\N,\N,wait,,script/street,script_street_scenes_5_steps_5,script_street_scenes_5,steps,5,migration_steps_4ff23aaf69,,
,7,say,trade-samho,default,돈 떼먹을 일은 없으니까 걱정하지 마.,"I’m not going to stiff you, so don’t worry.",outside_day1_samho_smuggler_7,\N,\N,wait,,script/street,script_street_scenes_5_steps_6,script_street_scenes_5,steps,6,migration_steps_4ff23aaf69,,
,8,say,trade-smuggler,default,그래. 기간 안에만 주면 우리도 귀찮게 하지 않을 거라고.,"Good. Pay on time, and we won’t bother you.",outside_day1_samho_smuggler_8,\N,\N,wait,,script/street,script_street_scenes_5_steps_7,script_street_scenes_5,steps,7,migration_steps_4ff23aaf69,,
,1,say,contract-samho,default,그렇게 돼서 의뢰는 못 할 것 같아. 미안하게 됐어.,\N,day3-samho-contract_1,\N,\N,wait,,script/street,script_street_scenes_6_steps_0,script_street_scenes_6,steps,0,migration_steps_6432533c82,,
,2,say,contract-smuggler,default,…그러면 돈은 대체 어떻게 갚을 거지? 장기를 팔아도 그만한 돈은 안 나올 텐데.,\N,day3-samho-contract_2,\N,\N,wait,,script/street,script_street_scenes_6_steps_1,script_street_scenes_6,steps,1,migration_steps_6432533c82,,
,3,say,contract-samho,default,"못 들었나 본데, 나 이제 갱 소속이야.",\N,day3-samho-contract_3,\N,\N,wait,,script/street,script_street_scenes_6_steps_2,script_street_scenes_6,steps,2,migration_steps_6432533c82,,
,4,say,contract-smuggler,default,갱에 들어갔다고 이제 배짱을 부리기로 한 건가? 아무리 톰이라도 그럴 순 없을 텐데.,\N,day3-samho-contract_4,\N,\N,wait,,script/street,script_street_scenes_6_steps_3,script_street_scenes_6,steps,3,migration_steps_6432533c82,,
,5,say,contract-samho,default,"곧 일 몇 개만 하면 금방 갚는다고, 등신아.",\N,day3-samho-contract_5,\N,\N,wait,,script/street,script_street_scenes_6_steps_4,script_street_scenes_6,steps,4,migration_steps_6432533c82,,
,6,say,contract-smuggler,default,…그럼 기다리지. 의뢰는 없었던 걸로 하자고.,\N,day3-samho-contract_6,\N,\N,wait,,script/street,script_street_scenes_6_steps_5,script_street_scenes_6,steps,5,migration_steps_6432533c82,,
,7,say,contract-samho,default,그래. 금방 보낼 테니까 기다려.,\N,day3-samho-contract_7,\N,\N,wait,,script/street,script_street_scenes_6_steps_6,script_street_scenes_6,steps,6,migration_steps_6432533c82,,
,8,say,contract-smuggler,default,그러지. 혹시라도 떼먹는다면 우린 전쟁도 일으킬 수 있으니까 조심해라.,\N,day3-samho-contract_8,\N,\N,wait,,script/street,script_street_scenes_6_steps_7,script_street_scenes_6,steps,7,migration_steps_6432533c82,,
,9,say,contract-samho,default,"네, 네. 알았으니까 가 봐.",\N,day3-samho-contract_9,\N,\N,wait,,script/street,script_street_scenes_6_steps_8,script_street_scenes_6,steps,8,migration_steps_6432533c82,,
,10,effect,\N,\N,,,\N,\N,\N,wait,,script/street,script_street_scenes_6_steps_9,script_street_scenes_6,steps,9,migration_steps_bf97ce221a,\N,
,11,effect,\N,\N,,,\N,\N,\N,wait,,script/street,script_street_scenes_6_steps_10,script_street_scenes_6,steps,10,migration_steps_bf97ce221a,\N,
,12,say,contract-samho,default,루나? 퇴근했나 보네?,\N,day3-samho-contract_12,\N,\N,wait,,script/street,script_street_scenes_6_steps_11,script_street_scenes_6,steps,11,migration_steps_6432533c82,,
,13,say,luna,default,맞아요. 그나저나 의뢰는 잘 안된 것 같네요.,\N,day3-samho-contract_13,\N,\N,wait,,script/street,script_street_scenes_6_steps_12,script_street_scenes_6,steps,12,migration_steps_6432533c82,,
,14,say,contract-samho,default,음… 난 오히려 이쪽이 더 잘된 것 같아.,\N,day3-samho-contract_14,\N,\N,wait,,script/street,script_street_scenes_6_steps_13,script_street_scenes_6,steps,13,migration_steps_6432533c82,,
,15,say,contract-samho,default,계속 꺼림칙했거든. 그 일을 맡았으면 안 좋은 일이 생겼을지도 몰라.,\N,day3-samho-contract_15,\N,\N,wait,,script/street,script_street_scenes_6_steps_14,script_street_scenes_6,steps,14,migration_steps_6432533c82,,
,16,say,contract-samho,default,"덕분이야, 루나. 네가 보스랑 얘기할 수 있게 도와줘서, 나도 이제 애니멀에 들어가기로 했어.",\N,day3-samho-contract_16,\N,\N,wait,,script/street,script_street_scenes_6_steps_15,script_street_scenes_6,steps,15,migration_steps_6432533c82,,
,17,say,contract-samho,default,물론 어디 가서 자랑할 만한 곳은 아니지만… 여긴 나이트타운이니까.,\N,day3-samho-contract_17,\N,\N,wait,,script/street,script_street_scenes_6_steps_16,script_street_scenes_6,steps,16,migration_steps_6432533c82,,
,18,say,luna,default,전 그저 술만 만들었는걸요.,\N,day3-samho-contract_18,\N,\N,wait,,script/street,script_street_scenes_6_steps_17,script_street_scenes_6,steps,17,migration_steps_6432533c82,,
,19,say,contract-samho,default,"하하. 그렇게 말 안 해도 돼. 너 덕분에 잘 풀린 건데, 뭐.",\N,day3-samho-contract_19,\N,\N,wait,,script/street,script_street_scenes_6_steps_18,script_street_scenes_6,steps,18,migration_steps_6432533c82,,
,20,say,contract-samho,default,"아무튼 나도 이제 할 일이 생겨서, 먼저 가 볼게.",\N,day3-samho-contract_20,\N,\N,wait,,script/street,script_street_scenes_6_steps_19,script_street_scenes_6,steps,19,migration_steps_6432533c82,,
,21,say,contract-samho,default,다음에 또 놀러 갈 테니까 그때 보자!,\N,day3-samho-contract_21,\N,\N,wait,,script/street,script_street_scenes_6_steps_20,script_street_scenes_6,steps,20,migration_steps_6432533c82,,
,22,say,luna,default,안녕히 가세요.,\N,day3-samho-contract_22,\N,\N,wait,,script/street,script_street_scenes_6_steps_21,script_street_scenes_6,steps,21,migration_steps_6432533c82,,
,23,effect,\N,\N,,,\N,\N,\N,wait,,script/street,script_street_scenes_6_steps_22,script_street_scenes_6,steps,22,migration_steps_bf97ce221a,\N,
,1,say,sign,default,지명수배. 이름: 개시바.,WANTED. Name: Gaeshiba.,outside_day0_shiba_wanted_1,\N,\N,wait,,script/street,script_street_scenes_7_steps_0,script_street_scenes_7,steps,0,migration_steps_4ff23aaf69,,
,2,say,sign,default,"공공질서 혼란, 공무집행 방해, 사기, 무전취식, 인종차별…","Disturbing public order, obstructing official duties, fraud, dining and dashing, racial discrimination…",outside_day0_shiba_wanted_2,\N,\N,wait,,script/street,script_street_scenes_7_steps_1,script_street_scenes_7,steps,1,migration_steps_4ff23aaf69,,
,3,say,sign,default,…의 혐의로 수배 중이오니 발견하시면 1119로 연락 주세요.,"…Wanted on these charges. If spotted, please call 1119.",outside_day0_shiba_wanted_3,\N,\N,wait,,script/street,script_street_scenes_7_steps_2,script_street_scenes_7,steps,2,migration_steps_4ff23aaf69,,
,4,say,sign,default,- 코라테크 치안관리부 -,— CoraTech Public Security Department —,outside_day0_shiba_wanted_4,\N,\N,wait,,script/street,script_street_scenes_7_steps_3,script_street_scenes_7,steps,3,migration_steps_4ff23aaf69,,
,1,goto,,,,,,flag.shiba_bought_bitters && !flag.shiba_old_fashioned_taught,,,shiba-quiz-wild_dog,script/street,script_street_scenes_8_steps_0,script_street_scenes_8,steps,0,migration_steps_99be6245d6,,
,2,effect,\N,\N,,,\N,\N,money -= 600; flag.shiba_bought_wild_dog = true,wait,,script/street,script_street_scenes_8_steps_1,script_street_scenes_8,steps,1,migration_steps_6a10b44f75,\N,
,3,say,shiba,default,너 그거 어디 가서 나한테 샀다고 하면 죽어.,\N,shiba-purchase-wild_dog_2,\N,\N,wait,,script/street,script_street_scenes_8_steps_2,script_street_scenes_8,steps,2,migration_steps_6432533c82,,
,4,say,luna,default,…네.,\N,shiba-purchase-wild_dog_3,\N,\N,wait,,script/street,script_street_scenes_8_steps_3,script_street_scenes_8,steps,3,migration_steps_6432533c82,,
,1,say,shiba,default,…너 혹시 올드 패션드 만들 거야?,\N,shiba-quiz-wild_dog_1,\N,\N,wait,,script/street,script_street_scenes_9_steps_0,script_street_scenes_9,steps,0,migration_steps_6432533c82,,
,2,say,luna,default,어떻게 아셨죠?,\N,shiba-quiz-wild_dog_2,\N,\N,wait,,script/street,script_street_scenes_9_steps_1,script_street_scenes_9,steps,1,migration_steps_6432533c82,,
,3,say,shiba,default,그거 두 개 사 가는 사람이 없어서 그런 건데.,\N,shiba-quiz-wild_dog_3,\N,\N,wait,,script/street,script_street_scenes_9_steps_2,script_street_scenes_9,steps,2,migration_steps_6432533c82,,
,4,say,shiba,default,그걸로 만들 수 있는 건 올드 패션드밖에 없지.,\N,shiba-quiz-wild_dog_4,\N,\N,wait,,script/street,script_street_scenes_9_steps_3,script_street_scenes_9,steps,3,migration_steps_6432533c82,,
,5,say,luna,default,맞아요. 부탁받아서요.,\N,shiba-quiz-wild_dog_5,\N,\N,wait,,script/street,script_street_scenes_9_steps_4,script_street_scenes_9,steps,4,migration_steps_6432533c82,,
,6,say,shiba,default,흠… 너 그 칵테일에 대해선 알고 있는 거야?,\N,shiba-quiz-wild_dog_6,\N,\N,wait,,script/street,script_street_scenes_9_steps_5,script_street_scenes_9,steps,5,migration_steps_6432533c82,,
,7,say,luna,default,레시피에 대한 것 빼고는 잘 몰라요.,\N,shiba-quiz-wild_dog_7,\N,\N,wait,,script/street,script_street_scenes_9_steps_6,script_street_scenes_9,steps,6,migration_steps_6432533c82,,
,8,say,shiba,default,아직도 그런 것도 모르면서 제대로 칵테일을 만들 수 있을 것 같아?,\N,shiba-quiz-wild_dog_8,\N,\N,wait,,script/street,script_street_scenes_9_steps_7,script_street_scenes_9,steps,7,migration_steps_6432533c82,,
,9,say,luna,default,그러면 좀 알려 주실 수 있나요?,\N,shiba-quiz-wild_dog_9,\N,\N,wait,,script/street,script_street_scenes_9_steps_8,script_street_scenes_9,steps,8,migration_steps_6432533c82,,
,10,say,shiba,default,…조니한테 받은 것도 있고 하니 내가 인생 선배로서 친히 알려 주도록 하지.,\N,shiba-quiz-wild_dog_10,\N,\N,wait,,script/street,script_street_scenes_9_steps_9,script_street_scenes_9,steps,9,migration_steps_6432533c82,,
,11,say,shiba,default,네 인생에 최고의 행운이 찾아왔다고 생각하도록.,\N,shiba-quiz-wild_dog_11,\N,\N,wait,,script/street,script_street_scenes_9_steps_10,script_street_scenes_9,steps,10,migration_steps_6432533c82,,
,12,say,luna,default,…네.,\N,shiba-quiz-wild_dog_12,\N,\N,wait,,script/street,script_street_scenes_9_steps_11,script_street_scenes_9,steps,11,migration_steps_6432533c82,,
,13,say,shiba,default,좋아. 몇 가지 알려 줄 거니까 잘 들어.,\N,shiba-quiz-wild_dog_13,\N,\N,wait,,script/street,script_street_scenes_9_steps_12,script_street_scenes_9,steps,12,migration_steps_6432533c82,,
,14,say,shiba,default,퀴즈도 낼 건데 못 맞추면 이거 안 팔 거야.,\N,shiba-quiz-wild_dog_14,\N,\N,wait,,script/street,script_street_scenes_9_steps_13,script_street_scenes_9,steps,13,migration_steps_6432533c82,,
,15,say,luna,default,…억지라고 생각되는데요.,\N,shiba-quiz-wild_dog_15,\N,\N,wait,,script/street,script_street_scenes_9_steps_14,script_street_scenes_9,steps,14,migration_steps_6432533c82,,
,16,say,shiba,default,어쩌라고. 파는 놈 마음이지.,\N,shiba-quiz-wild_dog_16,\N,\N,wait,,script/street,script_street_scenes_9_steps_15,script_street_scenes_9,steps,15,migration_steps_6432533c82,,
,17,say,luna,default,…일단 들어 볼게요.,\N,shiba-quiz-wild_dog_17,\N,\N,wait,,script/street,script_street_scenes_9_steps_16,script_street_scenes_9,steps,16,migration_steps_6432533c82,,
,18,say,shiba,default,올드 패션드가 왜 올드 패션드인지 알아?,\N,shiba-quiz-wild_dog_18,\N,\N,wait,,script/street,script_street_scenes_9_steps_17,script_street_scenes_9,steps,17,migration_steps_6432533c82,,
,19,say,luna,default,옛날 방식(Old Fashioned)의 칵테일이어서 그런가요?,\N,shiba-quiz-wild_dog_19,\N,\N,wait,,script/street,script_street_scenes_9_steps_18,script_street_scenes_9,steps,18,migration_steps_6432533c82,,
,20,say,shiba,default,그래도 말은 할 줄 아나 보네.,\N,shiba-quiz-wild_dog_20,\N,\N,wait,,script/street,script_street_scenes_9_steps_19,script_street_scenes_9,steps,19,migration_steps_6432533c82,,
,21,say,shiba,default,맞아. 이 칵테일은 1800년대에 나왔던 칵테일들 중에서,\N,shiba-quiz-wild_dog_21,\N,\N,wait,,script/street,script_street_scenes_9_steps_20,script_street_scenes_9,steps,20,migration_steps_6432533c82,,
,22,say,shiba,default,아직도 변하지 않고 옛날 ‘방식’ 그대로 만드는 칵테일이기에 그런 이름을 가졌지.,\N,shiba-quiz-wild_dog_22,\N,\N,wait,,script/street,script_street_scenes_9_steps_21,script_street_scenes_9,steps,21,migration_steps_6432533c82,,
,23,say,shiba,default,그래서 이 칵테일은 ‘변하지 않는’ 칵테일의 시초이자 본질이란 의미가 담긴 칵테일이야.,\N,shiba-quiz-wild_dog_23,\N,\N,wait,,script/street,script_street_scenes_9_steps_22,script_street_scenes_9,steps,22,migration_steps_6432533c82,,
,24,say,shiba,default,세월이 지나도 늘 같지. 예전에는 바를 대표하는 칵테일이기도 했지.,\N,shiba-quiz-wild_dog_24,\N,\N,wait,,script/street,script_street_scenes_9_steps_23,script_street_scenes_9,steps,23,migration_steps_6432533c82,,
,25,say,luna,default,…,\N,shiba-quiz-wild_dog_25,\N,\N,wait,,script/street,script_street_scenes_9_steps_24,script_street_scenes_9,steps,24,migration_steps_6432533c82,,
,26,say,shiba,default,"어디, 잘 들었는지 볼까?",\N,shiba-quiz-wild_dog_26,\N,\N,wait,,script/street,script_street_scenes_9_steps_25,script_street_scenes_9,steps,25,migration_steps_6432533c82,,
,27,say,shiba,default,올드 패션드 뜻이 뭐라고?,\N,shiba-quiz-wild_dog_27,\N,\N,wait,,script/street,script_street_scenes_9_steps_26,script_street_scenes_9,steps,26,migration_steps_6432533c82,,
,1,effect,\N,\N,,,\N,\N,money -= 600; flag.shiba_bought_wild_dog = true; flag.shiba_old_fashioned_taught = true,wait,,script/street,script_street_scenes_9_steps_27_options_0_result_steps_0,script_street_scenes_9_steps_27_options_0,result_steps,0,migration_steps_6a10b44f75,\N,
,2,say,shiba,default,"정답이다, 바텐더. 자, 가져가라, 시바.",\N,choice_answer-wild_dog_2,\N,\N,wait,,script/street,script_street_scenes_9_steps_27_options_0_result_steps_1,script_street_scenes_9_steps_27_options_0,result_steps,1,migration_steps_6432533c82,,
,3,say,luna,default,…? 감사해요.,\N,choice_answer-wild_dog_3,\N,\N,wait,,script/street,script_street_scenes_9_steps_27_options_0_result_steps_2,script_street_scenes_9_steps_27_options_0,result_steps,2,migration_steps_6432533c82,,
,1,goto,\N,\N,,,\N,\N,\N,wait,shiba-quiz-wild_dog-retry,script/street,script_street_scenes_9_steps_27_options_1_result_steps_0,script_street_scenes_9_steps_27_options_1,result_steps,0,migration_steps_850850707a,\N,
,1,goto,\N,\N,,,\N,\N,\N,wait,shiba-quiz-wild_dog-retry,script/street,script_street_scenes_9_steps_27_options_2_result_steps_0,script_street_scenes_9_steps_27_options_2,result_steps,0,migration_steps_850850707a,\N,
,28,choice,shiba,\N,,,\N,\N,\N,wait,,script/street,script_street_scenes_9_steps_27,script_street_scenes_9,steps,27,migration_steps_d330178be3,\N,
,1,say,shiba,default,"…야, 이 등신아. 장난치냐, 지금?",\N,shiba-quiz-wild_dog-retry_1,\N,\N,wait,,script/street,script_street_scenes_10_steps_0,script_street_scenes_10,steps,0,migration_steps_6432533c82,,
,2,say,shiba,default,"다시 말해 줄 테니 이번엔 좀 들어 처먹어, 시바.",\N,shiba-quiz-wild_dog-retry_2,\N,\N,wait,,script/street,script_street_scenes_10_steps_1,script_street_scenes_10,steps,1,migration_steps_6432533c82,,
,3,say,shiba,default,올드 패션드가 왜 올드 패션드인지 알아?,\N,shiba-quiz-wild_dog-retry_3,\N,\N,wait,,script/street,script_street_scenes_10_steps_2,script_street_scenes_10,steps,2,migration_steps_6432533c82,,
,4,say,luna,default,옛날 방식(Old Fashioned)의 칵테일이어서 그런가요?,\N,shiba-quiz-wild_dog-retry_4,\N,\N,wait,,script/street,script_street_scenes_10_steps_3,script_street_scenes_10,steps,3,migration_steps_6432533c82,,
,5,say,shiba,default,그래도 말은 할 줄 아나 보네.,\N,shiba-quiz-wild_dog-retry_5,\N,\N,wait,,script/street,script_street_scenes_10_steps_4,script_street_scenes_10,steps,4,migration_steps_6432533c82,,
,6,say,shiba,default,맞아. 이 칵테일은 1800년대에 나왔던 칵테일들 중에서,\N,shiba-quiz-wild_dog-retry_6,\N,\N,wait,,script/street,script_street_scenes_10_steps_5,script_street_scenes_10,steps,5,migration_steps_6432533c82,,
,7,say,shiba,default,아직도 변하지 않고 옛날 ‘방식’ 그대로 만드는 칵테일이기에 그런 이름을 가졌지.,\N,shiba-quiz-wild_dog-retry_7,\N,\N,wait,,script/street,script_street_scenes_10_steps_6,script_street_scenes_10,steps,6,migration_steps_6432533c82,,
,8,say,shiba,default,그래서 이 칵테일은 ‘변하지 않는’ 칵테일의 시초이자 본질이란 의미가 담긴 칵테일이야.,\N,shiba-quiz-wild_dog-retry_8,\N,\N,wait,,script/street,script_street_scenes_10_steps_7,script_street_scenes_10,steps,7,migration_steps_6432533c82,,
,9,say,shiba,default,세월이 지나도 늘 같지. 예전에는 바를 대표하는 칵테일이기도 했지.,\N,shiba-quiz-wild_dog-retry_9,\N,\N,wait,,script/street,script_street_scenes_10_steps_8,script_street_scenes_10,steps,8,migration_steps_6432533c82,,
,10,say,luna,default,…,\N,shiba-quiz-wild_dog-retry_10,\N,\N,wait,,script/street,script_street_scenes_10_steps_9,script_street_scenes_10,steps,9,migration_steps_6432533c82,,
,11,say,shiba,default,"어디, 잘 들었는지 볼까?",\N,shiba-quiz-wild_dog-retry_11,\N,\N,wait,,script/street,script_street_scenes_10_steps_10,script_street_scenes_10,steps,10,migration_steps_6432533c82,,
,12,say,shiba,default,올드 패션드 뜻이 뭐라고?,\N,shiba-quiz-wild_dog-retry_12,\N,\N,wait,,script/street,script_street_scenes_10_steps_11,script_street_scenes_10,steps,11,migration_steps_6432533c82,,
,1,effect,\N,\N,,,\N,\N,money -= 600; flag.shiba_bought_wild_dog = true; flag.shiba_old_fashioned_taught = true,wait,,script/street,script_street_scenes_10_steps_12_options_0_result_steps_0,script_street_scenes_10_steps_12_options_0,result_steps,0,migration_steps_6a10b44f75,\N,
,2,say,shiba,default,"정답이다, 바텐더. 자, 가져가라, 시바.",\N,choice_answer-wild_dog_2,\N,\N,wait,,script/street,script_street_scenes_10_steps_12_options_0_result_steps_1,script_street_scenes_10_steps_12_options_0,result_steps,1,migration_steps_6432533c82,,
,3,say,luna,default,…? 감사해요.,\N,choice_answer-wild_dog_3,\N,\N,wait,,script/street,script_street_scenes_10_steps_12_options_0_result_steps_2,script_street_scenes_10_steps_12_options_0,result_steps,2,migration_steps_6432533c82,,
,1,goto,\N,\N,,,\N,\N,\N,wait,shiba-quiz-wild_dog-retry,script/street,script_street_scenes_10_steps_12_options_1_result_steps_0,script_street_scenes_10_steps_12_options_1,result_steps,0,migration_steps_850850707a,\N,
,1,goto,\N,\N,,,\N,\N,\N,wait,shiba-quiz-wild_dog-retry,script/street,script_street_scenes_10_steps_12_options_2_result_steps_0,script_street_scenes_10_steps_12_options_2,result_steps,0,migration_steps_850850707a,\N,
,13,choice,shiba,\N,,,\N,\N,\N,wait,,script/street,script_street_scenes_10_steps_12,script_street_scenes_10,steps,12,migration_steps_d330178be3,\N,
,1,goto,,,,,,flag.shiba_bought_wild_dog && !flag.shiba_old_fashioned_taught,,,shiba-quiz-bitters,script/street,script_street_scenes_11_steps_0,script_street_scenes_11,steps,0,migration_steps_99be6245d6,,
,2,effect,\N,\N,,,\N,\N,money -= 300; flag.shiba_bought_bitters = true,wait,,script/street,script_street_scenes_11_steps_1,script_street_scenes_11,steps,1,migration_steps_6a10b44f75,\N,
,3,say,shiba,default,너 그거 어디 가서 나한테 샀다고 하면 죽어.,\N,shiba-purchase-bitters_2,\N,\N,wait,,script/street,script_street_scenes_11_steps_2,script_street_scenes_11,steps,2,migration_steps_6432533c82,,
,4,say,luna,default,…네.,\N,shiba-purchase-bitters_3,\N,\N,wait,,script/street,script_street_scenes_11_steps_3,script_street_scenes_11,steps,3,migration_steps_6432533c82,,
,1,say,shiba,default,…너 혹시 올드 패션드 만들 거야?,\N,shiba-quiz-bitters_1,\N,\N,wait,,script/street,script_street_scenes_12_steps_0,script_street_scenes_12,steps,0,migration_steps_6432533c82,,
,2,say,luna,default,어떻게 아셨죠?,\N,shiba-quiz-bitters_2,\N,\N,wait,,script/street,script_street_scenes_12_steps_1,script_street_scenes_12,steps,1,migration_steps_6432533c82,,
,3,say,shiba,default,그거 두 개 사 가는 사람이 없어서 그런 건데.,\N,shiba-quiz-bitters_3,\N,\N,wait,,script/street,script_street_scenes_12_steps_2,script_street_scenes_12,steps,2,migration_steps_6432533c82,,
,4,say,shiba,default,그걸로 만들 수 있는 건 올드 패션드밖에 없지.,\N,shiba-quiz-bitters_4,\N,\N,wait,,script/street,script_street_scenes_12_steps_3,script_street_scenes_12,steps,3,migration_steps_6432533c82,,
,5,say,luna,default,맞아요. 부탁받아서요.,\N,shiba-quiz-bitters_5,\N,\N,wait,,script/street,script_street_scenes_12_steps_4,script_street_scenes_12,steps,4,migration_steps_6432533c82,,
,6,say,shiba,default,흠… 너 그 칵테일에 대해선 알고 있는 거야?,\N,shiba-quiz-bitters_6,\N,\N,wait,,script/street,script_street_scenes_12_steps_5,script_street_scenes_12,steps,5,migration_steps_6432533c82,,
,7,say,luna,default,레시피에 대한 것 빼고는 잘 몰라요.,\N,shiba-quiz-bitters_7,\N,\N,wait,,script/street,script_street_scenes_12_steps_6,script_street_scenes_12,steps,6,migration_steps_6432533c82,,
,8,say,shiba,default,아직도 그런 것도 모르면서 제대로 칵테일을 만들 수 있을 것 같아?,\N,shiba-quiz-bitters_8,\N,\N,wait,,script/street,script_street_scenes_12_steps_7,script_street_scenes_12,steps,7,migration_steps_6432533c82,,
,9,say,luna,default,그러면 좀 알려 주실 수 있나요?,\N,shiba-quiz-bitters_9,\N,\N,wait,,script/street,script_street_scenes_12_steps_8,script_street_scenes_12,steps,8,migration_steps_6432533c82,,
,10,say,shiba,default,…조니한테 받은 것도 있고 하니 내가 인생 선배로서 친히 알려 주도록 하지.,\N,shiba-quiz-bitters_10,\N,\N,wait,,script/street,script_street_scenes_12_steps_9,script_street_scenes_12,steps,9,migration_steps_6432533c82,,
,11,say,shiba,default,네 인생에 최고의 행운이 찾아왔다고 생각하도록.,\N,shiba-quiz-bitters_11,\N,\N,wait,,script/street,script_street_scenes_12_steps_10,script_street_scenes_12,steps,10,migration_steps_6432533c82,,
,12,say,luna,default,…네.,\N,shiba-quiz-bitters_12,\N,\N,wait,,script/street,script_street_scenes_12_steps_11,script_street_scenes_12,steps,11,migration_steps_6432533c82,,
,13,say,shiba,default,좋아. 몇 가지 알려 줄 거니까 잘 들어.,\N,shiba-quiz-bitters_13,\N,\N,wait,,script/street,script_street_scenes_12_steps_12,script_street_scenes_12,steps,12,migration_steps_6432533c82,,
,14,say,shiba,default,퀴즈도 낼 건데 못 맞추면 이거 안 팔 거야.,\N,shiba-quiz-bitters_14,\N,\N,wait,,script/street,script_street_scenes_12_steps_13,script_street_scenes_12,steps,13,migration_steps_6432533c82,,
,15,say,luna,default,…억지라고 생각되는데요.,\N,shiba-quiz-bitters_15,\N,\N,wait,,script/street,script_street_scenes_12_steps_14,script_street_scenes_12,steps,14,migration_steps_6432533c82,,
,16,say,shiba,default,어쩌라고. 파는 놈 마음이지.,\N,shiba-quiz-bitters_16,\N,\N,wait,,script/street,script_street_scenes_12_steps_15,script_street_scenes_12,steps,15,migration_steps_6432533c82,,
,17,say,luna,default,…일단 들어 볼게요.,\N,shiba-quiz-bitters_17,\N,\N,wait,,script/street,script_street_scenes_12_steps_16,script_street_scenes_12,steps,16,migration_steps_6432533c82,,
,18,say,shiba,default,올드 패션드가 왜 올드 패션드인지 알아?,\N,shiba-quiz-bitters_18,\N,\N,wait,,script/street,script_street_scenes_12_steps_17,script_street_scenes_12,steps,17,migration_steps_6432533c82,,
,19,say,luna,default,옛날 방식(Old Fashioned)의 칵테일이어서 그런가요?,\N,shiba-quiz-bitters_19,\N,\N,wait,,script/street,script_street_scenes_12_steps_18,script_street_scenes_12,steps,18,migration_steps_6432533c82,,
,20,say,shiba,default,그래도 말은 할 줄 아나 보네.,\N,shiba-quiz-bitters_20,\N,\N,wait,,script/street,script_street_scenes_12_steps_19,script_street_scenes_12,steps,19,migration_steps_6432533c82,,
,21,say,shiba,default,맞아. 이 칵테일은 1800년대에 나왔던 칵테일들 중에서,\N,shiba-quiz-bitters_21,\N,\N,wait,,script/street,script_street_scenes_12_steps_20,script_street_scenes_12,steps,20,migration_steps_6432533c82,,
,22,say,shiba,default,아직도 변하지 않고 옛날 ‘방식’ 그대로 만드는 칵테일이기에 그런 이름을 가졌지.,\N,shiba-quiz-bitters_22,\N,\N,wait,,script/street,script_street_scenes_12_steps_21,script_street_scenes_12,steps,21,migration_steps_6432533c82,,
,23,say,shiba,default,그래서 이 칵테일은 ‘변하지 않는’ 칵테일의 시초이자 본질이란 의미가 담긴 칵테일이야.,\N,shiba-quiz-bitters_23,\N,\N,wait,,script/street,script_street_scenes_12_steps_22,script_street_scenes_12,steps,22,migration_steps_6432533c82,,
,24,say,shiba,default,세월이 지나도 늘 같지. 예전에는 바를 대표하는 칵테일이기도 했지.,\N,shiba-quiz-bitters_24,\N,\N,wait,,script/street,script_street_scenes_12_steps_23,script_street_scenes_12,steps,23,migration_steps_6432533c82,,
,25,say,luna,default,…,\N,shiba-quiz-bitters_25,\N,\N,wait,,script/street,script_street_scenes_12_steps_24,script_street_scenes_12,steps,24,migration_steps_6432533c82,,
,26,say,shiba,default,"어디, 잘 들었는지 볼까?",\N,shiba-quiz-bitters_26,\N,\N,wait,,script/street,script_street_scenes_12_steps_25,script_street_scenes_12,steps,25,migration_steps_6432533c82,,
,27,say,shiba,default,올드 패션드 뜻이 뭐라고?,\N,shiba-quiz-bitters_27,\N,\N,wait,,script/street,script_street_scenes_12_steps_26,script_street_scenes_12,steps,26,migration_steps_6432533c82,,
,1,effect,\N,\N,,,\N,\N,money -= 300; flag.shiba_bought_bitters = true; flag.shiba_old_fashioned_taught = true,wait,,script/street,script_street_scenes_12_steps_27_options_0_result_steps_0,script_street_scenes_12_steps_27_options_0,result_steps,0,migration_steps_6a10b44f75,\N,
,2,say,shiba,default,"정답이다, 바텐더. 자, 가져가라, 시바.",\N,choice_answer-bitters_2,\N,\N,wait,,script/street,script_street_scenes_12_steps_27_options_0_result_steps_1,script_street_scenes_12_steps_27_options_0,result_steps,1,migration_steps_6432533c82,,
,3,say,luna,default,…? 감사해요.,\N,choice_answer-bitters_3,\N,\N,wait,,script/street,script_street_scenes_12_steps_27_options_0_result_steps_2,script_street_scenes_12_steps_27_options_0,result_steps,2,migration_steps_6432533c82,,
,1,goto,\N,\N,,,\N,\N,\N,wait,shiba-quiz-bitters-retry,script/street,script_street_scenes_12_steps_27_options_1_result_steps_0,script_street_scenes_12_steps_27_options_1,result_steps,0,migration_steps_850850707a,\N,
,1,goto,\N,\N,,,\N,\N,\N,wait,shiba-quiz-bitters-retry,script/street,script_street_scenes_12_steps_27_options_2_result_steps_0,script_street_scenes_12_steps_27_options_2,result_steps,0,migration_steps_850850707a,\N,
,28,choice,shiba,\N,,,\N,\N,\N,wait,,script/street,script_street_scenes_12_steps_27,script_street_scenes_12,steps,27,migration_steps_d330178be3,\N,
,1,say,shiba,default,"…야, 이 등신아. 장난치냐, 지금?",\N,shiba-quiz-bitters-retry_1,\N,\N,wait,,script/street,script_street_scenes_13_steps_0,script_street_scenes_13,steps,0,migration_steps_6432533c82,,
,2,say,shiba,default,"다시 말해 줄 테니 이번엔 좀 들어 처먹어, 시바.",\N,shiba-quiz-bitters-retry_2,\N,\N,wait,,script/street,script_street_scenes_13_steps_1,script_street_scenes_13,steps,1,migration_steps_6432533c82,,
,3,say,shiba,default,올드 패션드가 왜 올드 패션드인지 알아?,\N,shiba-quiz-bitters-retry_3,\N,\N,wait,,script/street,script_street_scenes_13_steps_2,script_street_scenes_13,steps,2,migration_steps_6432533c82,,
,4,say,luna,default,옛날 방식(Old Fashioned)의 칵테일이어서 그런가요?,\N,shiba-quiz-bitters-retry_4,\N,\N,wait,,script/street,script_street_scenes_13_steps_3,script_street_scenes_13,steps,3,migration_steps_6432533c82,,
,5,say,shiba,default,그래도 말은 할 줄 아나 보네.,\N,shiba-quiz-bitters-retry_5,\N,\N,wait,,script/street,script_street_scenes_13_steps_4,script_street_scenes_13,steps,4,migration_steps_6432533c82,,
,6,say,shiba,default,맞아. 이 칵테일은 1800년대에 나왔던 칵테일들 중에서,\N,shiba-quiz-bitters-retry_6,\N,\N,wait,,script/street,script_street_scenes_13_steps_5,script_street_scenes_13,steps,5,migration_steps_6432533c82,,
,7,say,shiba,default,아직도 변하지 않고 옛날 ‘방식’ 그대로 만드는 칵테일이기에 그런 이름을 가졌지.,\N,shiba-quiz-bitters-retry_7,\N,\N,wait,,script/street,script_street_scenes_13_steps_6,script_street_scenes_13,steps,6,migration_steps_6432533c82,,
,8,say,shiba,default,그래서 이 칵테일은 ‘변하지 않는’ 칵테일의 시초이자 본질이란 의미가 담긴 칵테일이야.,\N,shiba-quiz-bitters-retry_8,\N,\N,wait,,script/street,script_street_scenes_13_steps_7,script_street_scenes_13,steps,7,migration_steps_6432533c82,,
,9,say,shiba,default,세월이 지나도 늘 같지. 예전에는 바를 대표하는 칵테일이기도 했지.,\N,shiba-quiz-bitters-retry_9,\N,\N,wait,,script/street,script_street_scenes_13_steps_8,script_street_scenes_13,steps,8,migration_steps_6432533c82,,
,10,say,luna,default,…,\N,shiba-quiz-bitters-retry_10,\N,\N,wait,,script/street,script_street_scenes_13_steps_9,script_street_scenes_13,steps,9,migration_steps_6432533c82,,
,11,say,shiba,default,"어디, 잘 들었는지 볼까?",\N,shiba-quiz-bitters-retry_11,\N,\N,wait,,script/street,script_street_scenes_13_steps_10,script_street_scenes_13,steps,10,migration_steps_6432533c82,,
,12,say,shiba,default,올드 패션드 뜻이 뭐라고?,\N,shiba-quiz-bitters-retry_12,\N,\N,wait,,script/street,script_street_scenes_13_steps_11,script_street_scenes_13,steps,11,migration_steps_6432533c82,,
,1,effect,\N,\N,,,\N,\N,money -= 300; flag.shiba_bought_bitters = true; flag.shiba_old_fashioned_taught = true,wait,,script/street,script_street_scenes_13_steps_12_options_0_result_steps_0,script_street_scenes_13_steps_12_options_0,result_steps,0,migration_steps_6a10b44f75,\N,
,2,say,shiba,default,"정답이다, 바텐더. 자, 가져가라, 시바.",\N,choice_answer-bitters_2,\N,\N,wait,,script/street,script_street_scenes_13_steps_12_options_0_result_steps_1,script_street_scenes_13_steps_12_options_0,result_steps,1,migration_steps_6432533c82,,
,3,say,luna,default,…? 감사해요.,\N,choice_answer-bitters_3,\N,\N,wait,,script/street,script_street_scenes_13_steps_12_options_0_result_steps_2,script_street_scenes_13_steps_12_options_0,result_steps,2,migration_steps_6432533c82,,
,1,goto,\N,\N,,,\N,\N,\N,wait,shiba-quiz-bitters-retry,script/street,script_street_scenes_13_steps_12_options_1_result_steps_0,script_street_scenes_13_steps_12_options_1,result_steps,0,migration_steps_850850707a,\N,
,1,goto,\N,\N,,,\N,\N,\N,wait,shiba-quiz-bitters-retry,script/street,script_street_scenes_13_steps_12_options_2_result_steps_0,script_street_scenes_13_steps_12_options_2,result_steps,0,migration_steps_850850707a,\N,
,13,choice,shiba,\N,,,\N,\N,\N,wait,,script/street,script_street_scenes_13_steps_12,script_street_scenes_13,steps,12,migration_steps_d330178be3,\N,
,1,say,shiba,default,어떤 걸 살 거야?,\N,shiba-stock_1,\N,\N,wait,,script/street,script_street_scenes_14_steps_0,script_street_scenes_14,steps,0,migration_steps_6432533c82,,
,1,goto,\N,\N,,,\N,\N,\N,wait,shiba-purchase-wild_dog,script/street,script_street_scenes_14_steps_1_options_0_result_steps_0,script_street_scenes_14_steps_1_options_0,result_steps,0,migration_steps_850850707a,\N,
,1,goto,\N,\N,,,\N,\N,\N,wait,shiba-purchase-bitters,script/street,script_street_scenes_14_steps_1_options_1_result_steps_0,script_street_scenes_14_steps_1_options_1,result_steps,0,migration_steps_850850707a,\N,
,1,say,shiba,default,뭐야. 그럼 꺼져.,\N,choice_shop-no_1,\N,\N,wait,,script/street,script_street_scenes_14_steps_1_options_2_result_steps_0,script_street_scenes_14_steps_1_options_2,result_steps,0,migration_steps_6432533c82,,
,2,choice,shiba,\N,,,\N,\N,\N,wait,,script/street,script_street_scenes_14_steps_1,script_street_scenes_14,steps,1,migration_steps_d330178be3,\N,
,1,say,shiba,default,"뭐야, 너 돈 없어?",\N,shiba-allowance_1,\N,\N,wait,,script/street,script_street_scenes_15_steps_0,script_street_scenes_15,steps,0,migration_steps_6432533c82,,
,2,say,luna,default,아쉽게도… 소지금이 부족해서요.,\N,shiba-allowance_2,\N,\N,wait,,script/street,script_street_scenes_15_steps_1,script_street_scenes_15,steps,1,migration_steps_6432533c82,,
,3,say,shiba,default,"…하, 이 거지를 어떻게 하지.",\N,shiba-allowance_3,\N,\N,wait,,script/street,script_street_scenes_15_steps_2,script_street_scenes_15,steps,2,migration_steps_6432533c82,,
,4,say,shiba,default,…어쩔 수 없지.,\N,shiba-allowance_4,\N,\N,wait,,script/street,script_street_scenes_15_steps_3,script_street_scenes_15,steps,3,migration_steps_6432533c82,,
,5,say,shiba,default,“박용석 바보”라고 외쳐 봐. 그럼 내가 돈을 주지.,\N,shiba-allowance_5,\N,\N,wait,,script/street,script_street_scenes_15_steps_4,script_street_scenes_15,steps,4,migration_steps_6432533c82,,
,6,say,luna,default,무슨 의미가 있나요?,\N,shiba-allowance_6,\N,\N,wait,,script/street,script_street_scenes_15_steps_5,script_street_scenes_15,steps,5,migration_steps_6432533c82,,
,7,say,shiba,default,"내 물건 떼먹고 튄 놈이야. 이름만 들어도 열받으니까, 대신 욕 좀 해 봐.",\N,shiba-allowance_7,\N,\N,wait,,script/street,script_street_scenes_15_steps_6,script_street_scenes_15,steps,6,migration_steps_6432533c82,,
,1,say,luna,default,박용석 바보!,\N,choice_allow-yes_1,\N,\N,wait,,script/street,script_street_scenes_15_steps_7_options_0_result_steps_0,script_street_scenes_15_steps_7_options_0,result_steps,0,migration_steps_6432533c82,,
,2,effect,\N,\N,,,\N,\N,money += 500,wait,,script/street,script_street_scenes_15_steps_7_options_0_result_steps_1,script_street_scenes_15_steps_7_options_0,result_steps,1,migration_steps_6a10b44f75,\N,
,3,say,shiba,default,"좋아, 잘했어. 자, 여기 500원.",\N,choice_allow-yes_3,\N,\N,wait,,script/street,script_street_scenes_15_steps_7_options_0_result_steps_2,script_street_scenes_15_steps_7_options_0,result_steps,2,migration_steps_6432533c82,,
,4,goto,\N,\N,,,\N,\N,\N,wait,shiba-stock,script/street,script_street_scenes_15_steps_7_options_0_result_steps_3,script_street_scenes_15_steps_7_options_0,result_steps,3,migration_steps_850850707a,\N,
,1,goto,\N,\N,,,\N,\N,\N,wait,shiba-stock,script/street,script_street_scenes_15_steps_7_options_1_result_steps_0,script_street_scenes_15_steps_7_options_1,result_steps,0,migration_steps_850850707a,\N,
,8,choice,shiba,\N,,,\N,\N,\N,wait,,script/street,script_street_scenes_15_steps_7,script_street_scenes_15,steps,7,migration_steps_d330178be3,\N,
,1,say,luna,default,…,\N,shiba-shop_1,\N,\N,wait,,script/street,script_street_scenes_16_steps_0,script_street_scenes_16,steps,0,migration_steps_6432533c82,,
,2,say,shiba,default,"뭘 봐, 시바.",\N,shiba-shop_2,\N,\N,wait,,script/street,script_street_scenes_16_steps_1,script_street_scenes_16,steps,1,migration_steps_6432533c82,,
,3,say,shiba,default,"아, 뭐야. 너 걔지? 아까 그 바 안에서 일하고 있던 맥주 가지고 사기 치는 놈.",\N,shiba-shop_3,\N,\N,wait,,script/street,script_street_scenes_16_steps_2,script_street_scenes_16,steps,2,migration_steps_6432533c82,,
,4,say,luna,default,…,\N,shiba-shop_4,\N,\N,wait,,script/street,script_street_scenes_16_steps_3,script_street_scenes_16,steps,3,migration_steps_6432533c82,,
,5,say,shiba,default,"근데 왜 쳐다봐, 시바. 구경났어?",\N,shiba-shop_5,\N,\N,wait,,script/street,script_street_scenes_16_steps_4,script_street_scenes_16,steps,4,migration_steps_6432533c82,,
,6,say,luna,default,거기서 뭘 하고 계신 건가요?,\N,shiba-shop_6,\N,\N,wait,,script/street,script_street_scenes_16_steps_5,script_street_scenes_16,steps,5,migration_steps_6432533c82,,
,7,say,shiba,default,보면 몰라? 영업하는 거지.,\N,shiba-shop_7,\N,\N,wait,,script/street,script_street_scenes_16_steps_6,script_street_scenes_16,steps,6,migration_steps_6432533c82,,
,8,say,luna,default,무슨 영업이요?,\N,shiba-shop_8,\N,\N,wait,,script/street,script_street_scenes_16_steps_7,script_street_scenes_16,steps,7,migration_steps_6432533c82,,
,9,say,shiba,default,"뭐… 술도 팔고, 잡동사니도 팔고, 몸에 좋은 것들도 좀 팔고…",\N,shiba-shop_9,\N,\N,wait,,script/street,script_street_scenes_16_steps_8,script_street_scenes_16,steps,8,migration_steps_6432533c82,,
,10,say,shiba,default,…안 살 거면 꺼져. 장사하기도 바빠.,\N,shiba-shop_10,\N,\N,wait,,script/street,script_street_scenes_16_steps_9,script_street_scenes_16,steps,9,migration_steps_6432533c82,,
,11,say,luna,default,한번 보고 생각해 볼게요.,\N,shiba-shop_11,\N,\N,wait,,script/street,script_street_scenes_16_steps_10,script_street_scenes_16,steps,10,migration_steps_6432533c82,,
,12,effect,\N,\N,,,\N,\N,flag.shiba_shop_met = true,wait,,script/street,script_street_scenes_16_steps_11,script_street_scenes_16,steps,11,migration_steps_6a10b44f75,\N,
,13,goto,\N,\N,,,\N,day >= 1 && day <= 2 && money <= 300,\N,wait,shiba-allowance,script/street,script_street_scenes_16_steps_12,script_street_scenes_16,steps,12,migration_steps_2cf8a7cef3,\N,
,14,goto,\N,\N,,,\N,\N,\N,wait,shiba-stock,script/street,script_street_scenes_16_steps_13,script_street_scenes_16,steps,13,migration_steps_850850707a,\N,
,1,say,shiba,default,"뭐야? 살 거 아니면 꺼져, 시바.",\N,shiba-shop-revisit_1,\N,\N,wait,,script/street,script_street_scenes_17_steps_0,script_street_scenes_17,steps,0,migration_steps_6432533c82,,
,1,say,luna,default,뭘 파는지 볼 수 있나요?,\N,choice_shop-yes_1,\N,\N,wait,,script/street,script_street_scenes_17_steps_1_options_0_result_steps_0,script_street_scenes_17_steps_1_options_0,result_steps,0,migration_steps_6432533c82,,
,2,say,shiba,default,…전부 다 보여 주긴 싫고 몇 개만 보여 줄게.,\N,choice_shop-yes_2,\N,\N,wait,,script/street,script_street_scenes_17_steps_1_options_0_result_steps_1,script_street_scenes_17_steps_1_options_0,result_steps,1,migration_steps_6432533c82,,
,3,goto,\N,\N,,,\N,day >= 1 && day <= 2 && money <= 300,\N,wait,shiba-allowance,script/street,script_street_scenes_17_steps_1_options_0_result_steps_2,script_street_scenes_17_steps_1_options_0,result_steps,2,migration_steps_2cf8a7cef3,\N,
,4,goto,\N,\N,,,\N,\N,\N,wait,shiba-stock,script/street,script_street_scenes_17_steps_1_options_0_result_steps_3,script_street_scenes_17_steps_1_options_0,result_steps,3,migration_steps_850850707a,\N,
,1,say,shiba,default,뭐야. 그럼 꺼져.,\N,choice_shop-no-revisit_1,\N,\N,wait,,script/street,script_street_scenes_17_steps_1_options_1_result_steps_0,script_street_scenes_17_steps_1_options_1,result_steps,0,migration_steps_6432533c82,,
,2,choice,shiba,\N,,,\N,\N,\N,wait,,script/street,script_street_scenes_17_steps_1,script_street_scenes_17,steps,1,migration_steps_d330178be3,\N,
,1,say,bd-vendor,default,…뭐야.,\N,bd-vendor_1,\N,\N,wait,,script/street,script_street_scenes_18_steps_0,script_street_scenes_18,steps,0,migration_steps_6432533c82,,
,2,say,luna,default,안녕하세요.,\N,bd-vendor_2,\N,\N,wait,,script/street,script_street_scenes_18_steps_1,script_street_scenes_18,steps,1,migration_steps_6432533c82,,
,3,say,bd-vendor,default,"손님이야? 이번에 새로 구한 BD 칩이 있는데, 한번 볼래?",\N,bd-vendor_3,\N,\N,wait,,script/street,script_street_scenes_18_steps_2,script_street_scenes_18,steps,2,migration_steps_6432533c82,,
,4,say,bd-vendor,default,이번에 연구소 사고로 죽어서 매립지에 묻힌 코라테크 새끼들 무덤에서 도굴한 거야.,\N,bd-vendor_4,\N,\N,wait,,script/street,script_street_scenes_18_steps_3,script_street_scenes_18,steps,3,migration_steps_6432533c82,,
,5,say,bd-vendor,default,아직 다른 놈들은 꺼림칙하다고 안 본 건데. 한번 볼래?,\N,bd-vendor_5,\N,\N,wait,,script/street,script_street_scenes_18_steps_4,script_street_scenes_18,steps,4,migration_steps_6432533c82,,
,6,say,bd-vendor,default,비용은 300원이야.,\N,bd-vendor_6,\N,\N,wait,,script/street,script_street_scenes_18_steps_5,script_street_scenes_18,steps,5,migration_steps_6432533c82,,
,1,effect,,,,,,,money -= 300; flag.bd_chip_purchased = true,,,script/street,script_street_scenes_18_steps_6_options_0_result_steps_0,script_street_scenes_18_steps_6_options_0,result_steps,0,migration_steps_e10e04f2d1,,
,2,say,bd-vendor,,크크. 후회하지 않을 거야. 이런 건 절대 어디서 못 구하는 거거든.,\N,bd-vendor-purchased,,,wait,,script/street,script_street_scenes_18_steps_6_options_0_result_steps_1,script_street_scenes_18_steps_6_options_0,result_steps,1,migration_steps_6cda1f9b99,,
,3,say,bd-vendor,,크크. 후회하지 않을 거야. 이런 건 절대 어디서 못 구하는 거거든.,\N,,,,,,script/street,script_street_scenes_18_steps_6_options_0_result_steps_2,script_street_scenes_18_steps_6_options_0,result_steps,2,migration_steps_69baa5821f,,
,4,timeline,,bd-memory,,,,,,,,script/street,script_street_scenes_18_steps_6_options_0_result_steps_3,script_street_scenes_18_steps_6_options_0,result_steps,3,migration_steps_e25697b66b,,
,7,choice,\N,\N,,,\N,\N,\N,wait,,script/street,script_street_scenes_18_steps_6,script_street_scenes_18,steps,6,migration_steps_697b1b467a,\N,
,1,say,radio,\N,…다음 뉴스입니다.,...In other news.,dlg_d1_elevator_001,\N,,auto,,script/street,script_street_scenes_19_steps_0,script_street_scenes_19,steps,0,migration_steps_8b37c99cbc,,
,2,say,radio,\N,"뉴런 트롤프 주니어가 대통령 8연임에 성공하며,
신미합중국의 제67대 대통령으로 다시 한번 당선되었습니다.","Newron Trolph Jr. has won his eighth term,
re-elected as the 67th President of the New United States.",dlg_d1_elevator_002,\N,,auto,,script/street,script_street_scenes_19_steps_1,script_street_scenes_19,steps,1,migration_steps_8b37c99cbc,,
,3,say,radio,\N,트롤프 대통령은 당선 직후 연설에서,"In his victory speech, President Trolph declared:",dlg_d1_elevator_003,\N,,auto,,script/street,script_street_scenes_19_steps_2,script_street_scenes_19,steps,2,migration_steps_8b37c99cbc,,
,4,say,radio,\N,"""위대한 국가 재건은 아직 끝나지 않았다.""
""신미합중국은 다시 한 번 세계의 중심에 설 것이다.""","""The great national rebuilding is not over.""
""The New United States will stand at the center of the world once more.""",dlg_d1_elevator_004,\N,,auto,,script/street,script_street_scenes_19_steps_3,script_street_scenes_19,steps,3,migration_steps_8b37c99cbc,,
,5,say,radio,\N,라고 밝혔습니다.,— he stated.,dlg_d1_elevator_005,\N,,auto,,script/street,script_street_scenes_19_steps_4,script_street_scenes_19,steps,4,migration_steps_8b37c99cbc,,
,1,say,bubi,\N,냐옹.,Meow.,dlg_d3_alley_cat_001,\N,,player_input,,script/street,script_street_scenes_20_steps_0,script_street_scenes_20,steps,0,migration_steps_8b37c99cbc,,
,2,set_state,,,,,,\N,flag.d3_cat_seen = true,,,script/street,script_street_scenes_20_steps_1,script_street_scenes_20,steps,1,migration_steps_8216f06e3d,,
,1,say,luna,idle,…,...,dlg_np_shiba_1_001,\N,,player_input,,script/street,script_street_scenes_21_steps_0,script_street_scenes_21,steps,0,migration_steps_f13033ec71,,
,2,say,shiba,idle,뭘 봐? 시바.,What're you looking at? Shiba.,dlg_np_shiba_1_002,\N,,player_input,,script/street,script_street_scenes_21_steps_1,script_street_scenes_21,steps,1,migration_steps_f13033ec71,,
,3,say,luna,idle,안녕하세요.,Hello.,dlg_np_shiba_1_003,\N,,player_input,,script/street,script_street_scenes_21_steps_2,script_street_scenes_21,steps,2,migration_steps_f13033ec71,,
,4,say,shiba,idle,"하. 이 동네에서 인사하고
돌아다니는 놈이 있네.","Ha. Someone in this neighborhood
actually goes around greeting people.",dlg_np_shiba_1_004,\N,,player_input,,script/street,script_street_scenes_21_steps_3,script_street_scenes_21,steps,3,migration_steps_f13033ec71,,
,5,say,luna,idle,혹시 인간입니까?,"Are you, by any chance, human?",dlg_np_shiba_1_005,\N,,player_input,,script/street,script_street_scenes_21_steps_4,script_street_scenes_21,steps,4,migration_steps_f13033ec71,,
,6,say,shiba,idle,"뭐래, 너 머리 나쁘냐?",What? Are you slow or something?,dlg_np_shiba_1_006,\N,,player_input,,script/street,script_street_scenes_21_steps_5,script_street_scenes_21,steps,5,migration_steps_f13033ec71,,
,7,say,luna,idle,육안으로 봤을 때 강아지로 판단됩니다.,Visual assessment indicates: dog.,dlg_np_shiba_1_007,\N,,player_input,,script/street,script_street_scenes_21_steps_6,script_street_scenes_21,steps,6,migration_steps_f13033ec71,,
,8,say,shiba,idle,"사람을 얼굴로 판단하지 말라고.
못생긴 놈 같으니.","Don't judge people by their faces,
you ugly mug.",dlg_np_shiba_1_008,\N,,player_input,,script/street,script_street_scenes_21_steps_7,script_street_scenes_21,steps,7,migration_steps_f13033ec71,,
,9,say,luna,idle,…그럼 사람이 맞는 건가요?,...So you ARE a person?,dlg_np_shiba_1_009,\N,,player_input,,script/street,script_street_scenes_21_steps_8,script_street_scenes_21,steps,8,migration_steps_f13033ec71,,
,10,say,shiba,idle,아니?,Nope?,dlg_np_shiba_1_010,\N,,player_input,,script/street,script_street_scenes_21_steps_9,script_street_scenes_21,steps,9,migration_steps_f13033ec71,,
,11,say,shiba,idle,"딱 보면 시바잖아, 시바.","One look and you can tell I'm a shiba, shiba.",dlg_np_shiba_1_011,\N,,player_input,,script/street,script_street_scenes_21_steps_10,script_street_scenes_21,steps,10,migration_steps_f13033ec71,,
,12,say,luna,idle,아하… 확인했습니다.,I see... confirmed.,dlg_np_shiba_1_012,\N,,player_input,,script/street,script_street_scenes_21_steps_11,script_street_scenes_21,steps,11,migration_steps_f13033ec71,,
,13,set_state,,,,,,\N,flag.shiba_met = true,,,script/street,script_street_scenes_21_steps_12,script_street_scenes_21,steps,12,migration_steps_8216f06e3d,,
,1,say,shiba,idle,"이제 좀 가, 시바.","Go away already, shiba.",dlg_np_shiba_2_001,\N,,player_input,,script/street,script_street_scenes_22_steps_0,script_street_scenes_22,steps,0,migration_steps_f13033ec71,,
,2,say,luna,idle,왜죠?,Why?,dlg_np_shiba_2_002,\N,,player_input,,script/street,script_street_scenes_22_steps_1,script_street_scenes_22,steps,1,migration_steps_f13033ec71,,
,3,say,shiba,idle,이제 더 대화할 대사 데이터도 없단 말이야.,"I'm out of dialogue data, that's why.",dlg_np_shiba_2_003,\N,,player_input,,script/street,script_street_scenes_22_steps_2,script_street_scenes_22,steps,2,migration_steps_f13033ec71,,
,4,say,luna,idle,…?,...?,dlg_np_shiba_2_004,\N,,player_input,,script/street,script_street_scenes_22_steps_3,script_street_scenes_22,steps,3,migration_steps_f13033ec71,,
,5,say,shiba,idle,"불만 있으면 이런 정신 나간 게임을 기획한
PD한테 가서 따져, 시바.","Got complaints? Take it up with the PD
who designed this insane game, shiba.",dlg_np_shiba_2_005,\N,,player_input,,script/street,script_street_scenes_22_steps_4,script_street_scenes_22,steps,4,migration_steps_f13033ec71,,
,1,say,shiba,idle,"또 왔냐, 시바.","You again, shiba.",dlg_np_shiba_3_001,\N,,player_input,,script/street,script_street_scenes_23_steps_0,script_street_scenes_23,steps,0,migration_steps_f13033ec71,,
,2,say,luna,idle,네. 지나가던 길이에요.,Yes. Just passing by.,dlg_np_shiba_3_002,\N,,player_input,,script/street,script_street_scenes_23_steps_1,script_street_scenes_23,steps,1,migration_steps_f13033ec71,,
,3,say,shiba,idle,"…뭐, 볼일 있으면 빨리 말해, 시바.","...If you want something, spit it out, shiba.",dlg_np_shiba_3_003,\N,,player_input,,script/street,script_street_scenes_23_steps_2,script_street_scenes_23,steps,2,migration_steps_f13033ec71,,
,,set_state,,,,,,,flag.has_snack = false; flag.shiba_fed = true,,,script/street,script_street_scenes_23_steps_3_options_1_result_steps_0,script_street_scenes_23_steps_3_options_1,result_steps,0,migration_steps_aa11a434b1,,
,,goto,,,,,,,,,np_shiba_treat,script/street,script_street_scenes_23_steps_3_options_1_result_steps_1,script_street_scenes_23_steps_3_options_1,result_steps,1,migration_steps_f77165fa2b,,
,4,choice,\N,,,,\N,\N,,,,script/street,script_street_scenes_23_steps_3,script_street_scenes_23,steps,3,migration_steps_23fc2cfe99,\N,
,5,say,shiba,idle,"손대면 문다, 시바.","Touch me and I bite, shiba.",dlg_np_shiba_3_004,\N,,player_input,,script/street,script_street_scenes_23_steps_4,script_street_scenes_23,steps,4,migration_steps_f13033ec71,,
,1,say,shiba,idle,"…흥. 뭐, 못 먹을 건 아니네, 시바.","...Hmph. Well, it's not inedible, shiba.",dlg_np_shiba_treat_001,\N,,player_input,,script/street,script_street_scenes_24_steps_0,script_street_scenes_24,steps,0,migration_steps_f13033ec71,,
,1,timeline,\N,sp_experiment_poster,임상시험 참가자 모집 · 인공 신경망 분석 · 주관 (주)코라테크 · 문의 070*8812*0031,CLINICAL TRIAL PARTICIPANTS WANTED · neural network analysis · CoraTech Inc. · 070*8812*0031,\N,\N,,,,script/street,script_street_scenes_25_steps_0,script_street_scenes_25,steps,0,migration_steps_f7e48280e7,,
,2,set_state,,,,,,\N,flag.seen_coratech_ad = true,,,script/street,script_street_scenes_25_steps_1,script_street_scenes_25,steps,1,migration_steps_8216f06e3d,,
,1,timeline,\N,sp_parttime_poster,아르바이트 구함 · Bc25 편의점 · 야간 3교대 · 연락처 154*455*587,PART-TIMER WANTED · Bc25 convenience store · night shifts · 154*455*587,\N,\N,,,,script/street,script_street_scenes_26_steps_0,script_street_scenes_26,steps,0,migration_steps_f7e48280e7,,
,1,say,samho,\N,잠깐....!!!!!,\N,dlg_tl_samho_arrive_001,\N,,auto,,script/street,script_street_scenes_27_steps_0,script_street_scenes_27,steps,0,migration_steps_253129660b,,
,2,say,samho,\N,...후....후 같이 올라가...,\N,dlg_tl_samho_arrive_002,\N,,auto,,script/street,script_street_scenes_27_steps_1,script_street_scenes_27,steps,1,migration_steps_253129660b,,
,3,say,luna,\N,..?,\N,dlg_tl_samho_arrive_003,\N,,auto,,script/street,script_street_scenes_27_steps_2,script_street_scenes_27,steps,2,migration_steps_253129660b,,
,1,say,chris,default,오래 기다렸나?,\N,night0_1,\N,\N,wait,,script/home,script_home_scenes_0_steps_0,script_home_scenes_0,steps,0,migration_steps_6432533c82,,
,2,say,luna,default,괜찮아요.,\N,night0_2,\N,\N,wait,,script/home,script_home_scenes_0_steps_1,script_home_scenes_0,steps,1,migration_steps_6432533c82,,
,3,say,chris,default,그냥 가만히 기다리고 있던 거야?,\N,night0_3,\N,\N,wait,,script/home,script_home_scenes_0_steps_2,script_home_scenes_0,steps,2,migration_steps_6432533c82,,
,4,say,luna,default,처음 온 곳이라 신기해서 여기저기 둘러보고 있었어요.,\N,night0_4,\N,\N,wait,,script/home,script_home_scenes_0_steps_3,script_home_scenes_0,steps,3,migration_steps_6432533c82,,
,5,say,chris,default,그렇군. 오늘은 어땠지? 아직 제대로 시작한 건 아니지만.,\N,night0_5,\N,\N,wait,,script/home,script_home_scenes_0_steps_4,script_home_scenes_0,steps,4,migration_steps_6432533c82,,
,6,say,luna,default,생각했던 것만큼 어렵지는 않았어요.,\N,night0_6,\N,\N,wait,,script/home,script_home_scenes_0_steps_5,script_home_scenes_0,steps,5,migration_steps_6432533c82,,
,7,say,chris,default,다행이네. 생각보다 소질도 있어 보이고.,\N,night0_7,\N,\N,wait,,script/home,script_home_scenes_0_steps_6,script_home_scenes_0,steps,6,migration_steps_6432533c82,,
,8,say,chris,default,"…그래서, 계속 해 보고 싶다는 생각은 들어?",\N,night0_8,\N,\N,wait,,script/home,script_home_scenes_0_steps_7,script_home_scenes_0,steps,7,migration_steps_6432533c82,,
,9,say,luna,default,"솔직히 말씀드리면, 아직 잘 모르겠습니다.",\N,night0_9,\N,\N,wait,,script/home,script_home_scenes_0_steps_8,script_home_scenes_0,steps,8,migration_steps_6432533c82,,
,10,say,chris,default,…,\N,night0_10,\N,\N,wait,,script/home,script_home_scenes_0_steps_9,script_home_scenes_0,steps,9,migration_steps_6432533c82,,
,11,say,luna,default,이 일을 계속한다고 사람을 이해하고 감정을 배울 수 있을지 잘 모르겠어요.,\N,night0_11,\N,\N,wait,,script/home,script_home_scenes_0_steps_10,script_home_scenes_0,steps,10,migration_steps_6432533c82,,
,12,say,chris,default,…전에 말해 줬던 연구소에서 탈출했을 때.,\N,night0_12,\N,\N,wait,,script/home,script_home_scenes_0_steps_11,script_home_scenes_0,steps,11,migration_steps_6432533c82,,
,13,say,chris,default,그날 유나가 했던 말들이 여전히 너의 목표인 거야?,\N,night0_13,\N,\N,wait,,script/home,script_home_scenes_0_steps_12,script_home_scenes_0,steps,12,migration_steps_6432533c82,,
,14,say,luna,default,…,\N,night0_14,\N,\N,wait,,script/home,script_home_scenes_0_steps_13,script_home_scenes_0,steps,13,migration_steps_6432533c82,,
,15,timeline,\N,terrace-memory,,,\N,\N,\N,wait,,script/home,script_home_scenes_0_steps_14,script_home_scenes_0,steps,14,migration_steps_8e3124a9d7,\N,
,16,say,luna,default,…,\N,night0_15,\N,\N,wait,,script/home,script_home_scenes_0_steps_15,script_home_scenes_0,steps,15,migration_steps_6432533c82,,
,17,say,luna,default,"네, 맞아요. 사람과 감정을 이해하고, 다른 사람에게 공감할 수 있었으면 좋겠어요.",\N,night0_16,\N,\N,wait,,script/home,script_home_scenes_0_steps_16,script_home_scenes_0,steps,16,migration_steps_6432533c82,,
,18,say,chris,default,"그 마음이 여전하다면 일주일만 더 해 봐.
그때도 여기서는 배울 게 없다는 생각이 들면, 다른 방법을 찾아줄게.",\N,night0_17,\N,\N,wait,,script/home,script_home_scenes_0_steps_17,script_home_scenes_0,steps,17,migration_steps_6432533c82,,
,19,say,luna,default,"알겠어요, 크리스.",\N,night0_18,\N,\N,wait,,script/home,script_home_scenes_0_steps_18,script_home_scenes_0,steps,18,migration_steps_6432533c82,,
,20,say,chris,default,"그래도 이 무법지대에 가까운 나이트타운까지 코라테크 놈들이 들어닥칠 일은 없겠지만,",\N,night0_19,\N,\N,wait,,script/home,script_home_scenes_0_steps_19,script_home_scenes_0,steps,19,migration_steps_6432533c82,,
,21,say,chris,default,너무 눈에 띄는 일은 자제하고 좀 수상하다 싶은 사람이 있으면 피해.,\N,night0_20,\N,\N,wait,,script/home,script_home_scenes_0_steps_20,script_home_scenes_0,steps,20,migration_steps_6432533c82,,
,22,say,luna,default,네. 눈에 띄는 행동은 자제할게요.,\N,night0_21,\N,\N,wait,,script/home,script_home_scenes_0_steps_21,script_home_scenes_0,steps,21,migration_steps_6432533c82,,
,23,say,chris,default,"그래. 오늘은 이만 자고, 내일 다시 해 보자고.",\N,night0_22,\N,\N,wait,,script/home,script_home_scenes_0_steps_22,script_home_scenes_0,steps,22,migration_steps_6432533c82,,
,1,say,port,default,…지금 몇 시인지는 알고 온 거냐?,\N,workshop_1,\N,\N,wait,,script/home,script_home_scenes_1_steps_0,script_home_scenes_1,steps,0,migration_steps_6432533c82,,
,2,say,chris,default,불 켜져 있길래.,\N,workshop_2,\N,\N,wait,,script/home,script_home_scenes_1_steps_1,script_home_scenes_1,steps,1,migration_steps_6432533c82,,
,3,say,port,default,불 켜져 있다고 항상 영업 중인 건 아니거든?,\N,workshop_3,\N,\N,wait,,script/home,script_home_scenes_1_steps_2,script_home_scenes_1,steps,2,migration_steps_6432533c82,,
,4,say,port,default,…그 영감 거야?,\N,workshop_4,\N,\N,wait,,script/home,script_home_scenes_1_steps_3,script_home_scenes_1,steps,3,migration_steps_6432533c82,,
,5,say,chris,default,손상된 부분을 봐줬으면 해. 3년 전쯤에 톰한테 올드 패션드를 처음 만들어줬던 기록을 찾고 있어.,\N,workshop_5,\N,\N,wait,,script/home,script_home_scenes_1_steps_4,script_home_scenes_1,steps,4,migration_steps_6432533c82,,
,6,say,port,default,옘병. 그게 얼마나 까다로운 작업인지는 알고 하는 소리야?,\N,workshop_6,\N,\N,wait,,script/home,script_home_scenes_1_steps_5,script_home_scenes_1,steps,5,migration_steps_6432533c82,,
,7,say,chris,default,부탁하지.,\N,workshop_7,\N,\N,wait,,script/home,script_home_scenes_1_steps_6,script_home_scenes_1,steps,6,migration_steps_6432533c82,,
,8,say,port,default,후… 전부 멀쩡하게 살려 내란 소리는 하지 마. 뭐가 남아 있는지부터 확인해야 하니까.,\N,workshop_8,\N,\N,wait,,script/home,script_home_scenes_1_steps_7,script_home_scenes_1,steps,7,migration_steps_6432533c82,,
,9,say,chris,default,"알아. 제조 과정을 확인하고, 그때 나눈 대화만 들을 수 있어도 돼.",\N,workshop_9,\N,\N,wait,,script/home,script_home_scenes_1_steps_8,script_home_scenes_1,steps,8,migration_steps_6432533c82,,
,10,say,port,default,정리되면 내가 알아서 갈 거니까 더 찾아오지 마.,\N,workshop_10,\N,\N,wait,,script/home,script_home_scenes_1_steps_9,script_home_scenes_1,steps,9,migration_steps_6432533c82,,
,11,say,aili,default,"부탁해, 영감.",\N,workshop_11,\N,\N,wait,,script/home,script_home_scenes_1_steps_10,script_home_scenes_1,steps,10,migration_steps_6432533c82,,
,12,say,port,default,"부탁할 때만 말이 곱지, 망할 놈 같으니.",\N,workshop_12,\N,\N,wait,,script/home,script_home_scenes_1_steps_11,script_home_scenes_1,steps,11,migration_steps_6432533c82,,
,1,say,chris,default,고생했다. 내 예상보다 손님이 꽤 왔네.,\N,night1_1,\N,\N,wait,,script/home,script_home_scenes_2_steps_0,script_home_scenes_2,steps,0,migration_steps_6432533c82,,
,2,say,luna,default,그렇게 힘들진 않았어요.,\N,night1_2,\N,\N,wait,,script/home,script_home_scenes_2_steps_1,script_home_scenes_2,steps,1,migration_steps_6432533c82,,
,3,say,chris,default,그렇다면 다행이군…,\N,night1_3,\N,\N,wait,,script/home,script_home_scenes_2_steps_2,script_home_scenes_2,steps,2,migration_steps_6432533c82,,
,4,say,chris,default,아까 말한 조니의 기억 칩은 포트가 복원하는 대로 가져다줄 거야.,\N,night1_4,\N,\N,wait,,script/home,script_home_scenes_2_steps_3,script_home_scenes_2,steps,3,migration_steps_6432533c82,,
,5,say,chris,default,물론 우리가 찾는 기록까지 복원할 수 있을지는 모르지만.,\N,night1_5,\N,\N,wait,,script/home,script_home_scenes_2_steps_4,script_home_scenes_2,steps,4,migration_steps_6432533c82,,
,6,say,luna,default,잘되면 좋겠네요.,\N,night1_6,\N,\N,wait,,script/home,script_home_scenes_2_steps_5,script_home_scenes_2,steps,5,migration_steps_6432533c82,,
,7,say,chris,default,왜? 그놈이랑 벌써 친해진 건가?,\N,night1_7,\N,\N,wait,,script/home,script_home_scenes_2_steps_6,script_home_scenes_2,steps,6,migration_steps_6432533c82,,
,8,say,luna,default,"톰은 그 칵테일이 자신에게 큰 영향을 줬고, 지금도 자꾸 생각난다고 했어요.",\N,night1_8,\N,\N,wait,,script/home,script_home_scenes_2_steps_7,script_home_scenes_2,steps,7,migration_steps_6432533c82,,
,9,say,luna,default,"직접 만들어 드리면, 왜 그렇게 특별하게 기억하는지 조금은 이해할 수 있을 것 같아서요.",\N,night1_9,\N,\N,wait,,script/home,script_home_scenes_2_steps_8,script_home_scenes_2,steps,8,migration_steps_6432533c82,,
,10,say,chris,default,흠… 그렇군.,\N,night1_10,\N,\N,wait,,script/home,script_home_scenes_2_steps_9,script_home_scenes_2,steps,9,migration_steps_6432533c82,,
,11,say,chris,default,그럼 아까 떠오른 것도 얘기해 줄게. 정확한 기억은 아닐 수도 있지만.,\N,night1_11,\N,\N,wait,,script/home,script_home_scenes_2_steps_10,script_home_scenes_2,steps,10,migration_steps_6432533c82,,
,12,say,chris,default,"예전에 조니가 만들던 올드 패션드에는 와일드 독, 비터스, 각설탕, 이 세 가지가 들어갔던 걸로 기억해.",\N,night1_12,\N,\N,wait,,script/home,script_home_scenes_2_steps_11,script_home_scenes_2,steps,11,migration_steps_6432533c82,,
,13,say,chris,default,"문제는 이 재료들이 지금 가게에 없고, 거래하는 매입처에서도 취급하지 않는다는 거야.",\N,night1_13,\N,\N,wait,,script/home,script_home_scenes_2_steps_12,script_home_scenes_2,steps,12,migration_steps_6432533c82,,
,14,say,luna,default,…뭔가 방법은 없나요?,\N,night1_14,\N,\N,wait,,script/home,script_home_scenes_2_steps_13,script_home_scenes_2,steps,13,migration_steps_6432533c82,,
,15,say,chris,default,"나도 계속 알아볼 테니, 너도 거리에 나가면 이런 재료를 파는 사람이 있는지 살펴봐 줘.",\N,night1_15,\N,\N,wait,,script/home,script_home_scenes_2_steps_14,script_home_scenes_2,steps,14,migration_steps_6432533c82,,
,16,say,chris,default,물론 위험해 보이면 섣불리 나서지는 말고.,\N,night1_16,\N,\N,wait,,script/home,script_home_scenes_2_steps_15,script_home_scenes_2,steps,15,migration_steps_6432533c82,,
,17,say,luna,default,"네, 알겠어요.",\N,night1_17,\N,\N,wait,,script/home,script_home_scenes_2_steps_16,script_home_scenes_2,steps,16,migration_steps_6432533c82,,
,18,say,chris,default,"좋아. 잘될지는 모르지만, 이왕 그렇게 마음먹었다면 한번 해 보자고.",\N,night1_18,\N,\N,wait,,script/home,script_home_scenes_2_steps_17,script_home_scenes_2,steps,17,migration_steps_6432533c82,,
,19,say,luna,default,네.,\N,night1_19,\N,\N,wait,,script/home,script_home_scenes_2_steps_18,script_home_scenes_2,steps,18,migration_steps_6432533c82,,
,1,say,luna,default,다행히 말씀해 주신 재료는 다 구한 것 같아요.,\N,night2_1,\N,\N,wait,,script/home,script_home_scenes_3_steps_0,script_home_scenes_3,steps,0,migration_steps_6432533c82,,
,2,say,chris,default,찾기 힘들었을 텐데. 어디서 구했지?,\N,night2_2,\N,\N,wait,,script/home,script_home_scenes_3_steps_1,script_home_scenes_3,steps,1,migration_steps_6432533c82,,
,3,say,luna,default,자신이 팔았다고 말하지 말라고 하는 곳에서 찾아서 구했어요.,\N,night2_3,\N,\N,wait,,script/home,script_home_scenes_3_steps_2,script_home_scenes_3,steps,2,migration_steps_6432533c82,,
,4,say,chris,default,시바…인가 보네. 나한텐 죽어도 없다고 하더니.,\N,night2_4,\N,\N,wait,,script/home,script_home_scenes_3_steps_3,script_home_scenes_3,steps,3,migration_steps_6432533c82,,
,5,say,chris,default,아무래도 너한테 호감이 있는 것 같네.,\N,night2_5,\N,\N,wait,,script/home,script_home_scenes_3_steps_4,script_home_scenes_3,steps,4,migration_steps_6432533c82,,
,6,say,luna,default,호감이 있는 것치곤 많이 거칠게 행동하던데요?,\N,night2_6,\N,\N,wait,,script/home,script_home_scenes_3_steps_5,script_home_scenes_3,steps,5,migration_steps_6432533c82,,
,7,say,chris,default,그냥 그놈만의 애정 표현이라고 생각해. 다른 놈들한텐 말도 못 붙이게 한다고.,\N,night2_7,\N,\N,wait,,script/home,script_home_scenes_3_steps_6,script_home_scenes_3,steps,6,migration_steps_6432533c82,,
,8,say,luna,default,…,\N,night2_8,\N,\N,wait,,script/home,script_home_scenes_3_steps_7,script_home_scenes_3,steps,7,migration_steps_6432533c82,,
,9,say,chris,default,…그래서 포트가 준 건 확인해 봤어?,\N,night2_9,\N,\N,wait,,script/home,script_home_scenes_3_steps_8,script_home_scenes_3,steps,8,migration_steps_6432533c82,,
,10,say,luna,default,아직 보진 못했어요.,\N,night2_10,\N,\N,wait,,script/home,script_home_scenes_3_steps_9,script_home_scenes_3,steps,9,migration_steps_6432533c82,,
,11,say,chris,default,그러면 지금 한번 확인해 볼래?,\N,night2_11,\N,\N,wait,,script/home,script_home_scenes_3_steps_10,script_home_scenes_3,steps,10,migration_steps_6432533c82,,
,12,say,luna,default,"네, 알겠어요.",\N,night2_12,\N,\N,wait,,script/home,script_home_scenes_3_steps_11,script_home_scenes_3,steps,11,migration_steps_6432533c82,,
,13,timeline,\N,johnny-memory,,,\N,\N,\N,wait,,script/home,script_home_scenes_3_steps_12,script_home_scenes_3,steps,12,migration_steps_8e3124a9d7,\N,
,14,say,luna,default,…,\N,night2_13,\N,\N,wait,,script/home,script_home_scenes_3_steps_13,script_home_scenes_3,steps,13,migration_steps_6432533c82,,
,15,timeline,\N,johnny-memory,,,\N,\N,\N,wait,,script/home,script_home_scenes_3_steps_14,script_home_scenes_3,steps,14,migration_steps_8e3124a9d7,\N,
,16,effect,\N,\N,,,\N,\N,flag.campaign_observation = true,wait,,script/home,script_home_scenes_3_steps_15,script_home_scenes_3,steps,15,migration_steps_6a10b44f75,\N,
,1,say,chris,default,그래서… 오늘은 어땠지?,\N,ending_1,\N,\N,wait,,script/home,script_home_scenes_4_steps_0,script_home_scenes_4,steps,0,migration_steps_6432533c82,,
,2,say,luna,default,…생각했던 것보다 사람들의 감정과 행동들이 굉장히 모순적이고 복잡하고 이해하기 어려웠어요.,\N,ending_2,\N,\N,wait,,script/home,script_home_scenes_4_steps_1,script_home_scenes_4,steps,1,migration_steps_6432533c82,,
,3,say,chris,default,사람의 감정이라는 게 늘 그렇지. 언제는 모순되기도 하고 매 순간마다 변하고 알기 힘든 것들뿐이야.,\N,ending_3,\N,\N,wait,,script/home,script_home_scenes_4_steps_2,script_home_scenes_4,steps,2,migration_steps_6432533c82,,
,4,say,chris,default,나 같은 사람도 아직 이해하기 힘든 것들이지.,\N,ending_4,\N,\N,wait,,script/home,script_home_scenes_4_steps_3,script_home_scenes_4,steps,3,migration_steps_6432533c82,,
,5,say,luna,default,조니라는 분은 어떻게 이런 복잡하고 이해하기 어려운 일들에 능숙하게 대처할 수 있는 거죠?,\N,ending_5,\N,\N,wait,,script/home,script_home_scenes_4_steps_4,script_home_scenes_4,steps,4,migration_steps_6432533c82,,
,6,say,chris,default,그 영감도 우리와 같은 인간이야. 대신 손님에 대해 관찰하고 이해하는 걸 포기하지 않는 사람이기에 그런 행동을 할 수 있는 거지.,\N,ending_6,\N,\N,wait,,script/home,script_home_scenes_4_steps_5,script_home_scenes_4,steps,5,migration_steps_6432533c82,,
,7,say,chris,default,그런 자세로 손님들을 생각한다면 루나 네가 이해하기 힘든 것들도 이해할 수 있을지도 모르지.,\N,ending_7,\N,\N,wait,,script/home,script_home_scenes_4_steps_6,script_home_scenes_4,steps,6,migration_steps_6432533c82,,
,8,say,luna,default,…,\N,ending_8,\N,\N,wait,,script/home,script_home_scenes_4_steps_7,script_home_scenes_4,steps,7,migration_steps_6432533c82,,
,9,timeline,\N,terrace-memory,,,\N,\N,\N,wait,,script/home,script_home_scenes_4_steps_8,script_home_scenes_4,steps,8,migration_steps_8e3124a9d7,\N,
,10,say,chris,default,"왜, 무슨 생각이라도 났어?",\N,ending_9,\N,\N,wait,,script/home,script_home_scenes_4_steps_9,script_home_scenes_4,steps,9,migration_steps_6432533c82,,
,11,say,luna,default,전에 연구소에서 빠져나올 때 유나가 이해되질 않았어요.,\N,ending_10,\N,\N,wait,,script/home,script_home_scenes_4_steps_10,script_home_scenes_4,steps,10,migration_steps_6432533c82,,
,12,say,luna,default,유나가 목숨을 희생하면서까지 저를 구한 이유나 근거를 몰랐었죠.,\N,ending_11,\N,\N,wait,,script/home,script_home_scenes_4_steps_11,script_home_scenes_4,steps,11,migration_steps_6432533c82,,
,13,say,luna,default,하지만 지금 생각해 보면…,\N,ending_12,\N,\N,wait,,script/home,script_home_scenes_4_steps_12,script_home_scenes_4,steps,12,migration_steps_6432533c82,,
,14,say,luna,default,…저를 보호하고 싶었던 것 같아서요.,\N,ending_13,\N,\N,wait,,script/home,script_home_scenes_4_steps_13,script_home_scenes_4,steps,13,migration_steps_6432533c82,,
,15,say,chris,default,…오늘 톰이랑 삼호를 보면서 생각한 거야?,\N,ending_14,\N,\N,wait,,script/home,script_home_scenes_4_steps_14,script_home_scenes_4,steps,14,migration_steps_6432533c82,,
,16,say,luna,default,"네, 맞아요.",\N,ending_15,\N,\N,wait,,script/home,script_home_scenes_4_steps_15,script_home_scenes_4,steps,15,migration_steps_6432533c82,,
,17,say,chris,default,좋네. 그렇게 하나씩 생각해 보는 거지.,\N,ending_16,\N,\N,wait,,script/home,script_home_scenes_4_steps_16,script_home_scenes_4,steps,16,migration_steps_6432533c82,,
,18,say,chris,default,어때. 아직도 일하기로 한 게 잘못된 선택 같아?,\N,ending_17,\N,\N,wait,,script/home,script_home_scenes_4_steps_17,script_home_scenes_4,steps,17,migration_steps_6432533c82,,
,19,say,luna,default,조금 더… 해 보고 싶어요.,\N,ending_18,\N,\N,wait,,script/home,script_home_scenes_4_steps_18,script_home_scenes_4,steps,18,migration_steps_6432533c82,,
,20,say,chris,default,…잘됐군. 내일도 부탁할게.,\N,ending_19,\N,\N,wait,,script/home,script_home_scenes_4_steps_19,script_home_scenes_4,steps,19,migration_steps_6432533c82,,
,21,say,luna,default,네. 보스.,\N,ending_20,\N,\N,wait,,script/home,script_home_scenes_4_steps_20,script_home_scenes_4,steps,20,migration_steps_6432533c82,,
,1,say,yuna,default,"루나, 활성화된 프로토콜은?",\N,luna-dream-1,\N,\N,wait,,script/cutscene,script_cutscene_scenes_0_steps_0,script_cutscene_scenes_0,steps,0,migration_steps_6432533c82,,
,2,say,luna,default,[c:#1A66CC][noise]달의 혼[/noise][/c] 프로토콜입니다.,\N,luna-dream-2,\N,\N,wait,,script/cutscene,script_cutscene_scenes_0_steps_1,script_cutscene_scenes_0,steps,1,migration_steps_6432533c82,,
,3,say,yuna,default,[noise]서울 외곽[/noise] 쪽에 있는 [c:#8b00ff][noise]나이트타운[/noise][/c]으로 도망가,\N,luna-dream-3,\N,\N,wait,,script/cutscene,script_cutscene_scenes_0_steps_2,script_cutscene_scenes_0,steps,2,migration_steps_6432533c82,,
,4,say,luna,default,거기서 [noise]혼[/noise]을 찾을 수 있는 건가요?,\N,luna-dream-4,\N,\N,wait,,script/cutscene,script_cutscene_scenes_0_steps_3,script_cutscene_scenes_0,steps,3,migration_steps_6432533c82,,
,5,say,yuna,default,먼저 가[T:0.4] [noise]언젠간 만날 테니[/noise].,\N,luna-dream-5,\N,\N,wait,,script/cutscene,script_cutscene_scenes_0_steps_4,script_cutscene_scenes_0,steps,4,migration_steps_6432533c82,,
,1,say,johnny,default,…,\N,johnny_1,\N,\N,wait,,script/cutscene,script_cutscene_scenes_1_steps_0,script_cutscene_scenes_1,steps,0,migration_steps_6c236b6ce0,,\N
,2,say,johnny,default,왔나? 오랜만이군.,\N,johnny_2,\N,\N,wait,,script/cutscene,script_cutscene_scenes_1_steps_1,script_cutscene_scenes_1,steps,1,migration_steps_6c236b6ce0,,\N
,3,say,tom,default,…요즘 일이 많아서. 별일 없었지?,\N,johnny_3,\N,\N,wait,,script/cutscene,script_cutscene_scenes_1_steps_2,script_cutscene_scenes_1,steps,2,migration_steps_6c236b6ce0,,\N
,4,say,johnny,default,나야 별문제 없지만 자네는 아닌 것 같은데.,\N,johnny_4,\N,\N,wait,,script/cutscene,script_cutscene_scenes_1_steps_3,script_cutscene_scenes_1,steps,3,migration_steps_6c236b6ce0,,\N
,5,say,tom,default,괜찮…은 것 같진 않긴 해.,\N,johnny_5,\N,\N,wait,,script/cutscene,script_cutscene_scenes_1_steps_4,script_cutscene_scenes_1,steps,4,migration_steps_6c236b6ce0,,\N
,6,say,johnny,default,그래? 그러면 먼저 한 잔 줄 테니 마셔 보게나.,\N,johnny_6,\N,\N,wait,,script/cutscene,script_cutscene_scenes_1_steps_5,script_cutscene_scenes_1,steps,5,migration_steps_6c236b6ce0,,\N
,7,say,tom,default,좋아. 늘 마시던 걸로 부탁해.,\N,johnny_7,\N,\N,wait,,script/cutscene,script_cutscene_scenes_1_steps_6,script_cutscene_scenes_1,steps,6,migration_steps_6c236b6ce0,,\N
,8,say,johnny,default,그러지.,\N,johnny_8,\N,\N,wait,,script/cutscene,script_cutscene_scenes_1_steps_7,script_cutscene_scenes_1,steps,7,migration_steps_6c236b6ce0,,\N
,9,say,johnny,default,(와일드 독 45ml…),\N,johnny_9,\N,\N,wait,,script/cutscene,script_cutscene_scenes_1_steps_8,script_cutscene_scenes_1,steps,8,migration_steps_6c236b6ce0,,\N
,10,say,johnny,default,(비터스 5ml),\N,johnny_10,\N,\N,wait,,script/cutscene,script_cutscene_scenes_1_steps_9,script_cutscene_scenes_1,steps,9,migration_steps_6c236b6ce0,,\N
,11,say,johnny,default,(각설탕 1개),\N,johnny_11,\N,\N,wait,,script/cutscene,script_cutscene_scenes_1_steps_10,script_cutscene_scenes_1,steps,10,migration_steps_6c236b6ce0,,\N
,12,say,johnny,default,(얼음을 넣고 저어서…),\N,johnny_12,\N,\N,wait,,script/cutscene,script_cutscene_scenes_1_steps_11,script_cutscene_scenes_1,steps,11,migration_steps_6c236b6ce0,,\N
,13,say,johnny,default,자. 여기.,\N,johnny_13,\N,\N,wait,,script/cutscene,script_cutscene_scenes_1_steps_12,script_cutscene_scenes_1,steps,12,migration_steps_6c236b6ce0,,\N
,14,say,tom,default,…,\N,johnny_14,\N,\N,wait,,script/cutscene,script_cutscene_scenes_1_steps_13,script_cutscene_scenes_1,steps,13,migration_steps_6c236b6ce0,,\N
,15,say,johnny,default,어떤가?,\N,johnny_15,\N,\N,wait,,script/cutscene,script_cutscene_scenes_1_steps_14,script_cutscene_scenes_1,steps,14,migration_steps_6c236b6ce0,,\N
,16,say,tom,default,…맛있네. 엄청…,\N,johnny_16,\N,\N,wait,,script/cutscene,script_cutscene_scenes_1_steps_15,script_cutscene_scenes_1,steps,15,migration_steps_6c236b6ce0,,\N
,17,say,johnny,default,"다행이군, 그래.",\N,johnny_17,\N,\N,wait,,script/cutscene,script_cutscene_scenes_1_steps_16,script_cutscene_scenes_1,steps,16,migration_steps_6c236b6ce0,,\N
,18,say,tom,default,후우…,\N,johnny_18,\N,\N,wait,,script/cutscene,script_cutscene_scenes_1_steps_17,script_cutscene_scenes_1,steps,17,migration_steps_6c236b6ce0,,\N
,19,say,johnny,default,그래서 말하기 힘든 일이었나?,\N,johnny_19,\N,\N,wait,,script/cutscene,script_cutscene_scenes_1_steps_18,script_cutscene_scenes_1,steps,18,migration_steps_6c236b6ce0,,\N
,20,say,tom,default,…그렇진 않아.,\N,johnny_20,\N,\N,wait,,script/cutscene,script_cutscene_scenes_1_steps_19,script_cutscene_scenes_1,steps,19,migration_steps_6c236b6ce0,,\N
,21,say,tom,default,어떤 꼬마가 계속 신경 쓰여서…,\N,johnny_21,\N,\N,wait,,script/cutscene,script_cutscene_scenes_1_steps_20,script_cutscene_scenes_1,steps,20,migration_steps_6c236b6ce0,,\N
,22,say,johnny,default,내가 도움을 줄 수 있을지는 모르지만 들어줄 순 있으니 편하게 말해 보게. 내가 보기엔 꽤나 답답해 보이거든.,\N,johnny_22,\N,\N,wait,,script/cutscene,script_cutscene_scenes_1_steps_21,script_cutscene_scenes_1,steps,21,migration_steps_6c236b6ce0,,\N
,23,say,tom,default,…전에 어떤 의뢰를 진행하면서 다른 갱단이랑 충돌한 적이 있었는데. 상대 갱단 중에 정신 나간 놈이 주거 구역에서 소형 미사일 탄환을 날린 적이 있어.,\N,johnny_23,\N,\N,wait,,script/cutscene,script_cutscene_scenes_1_steps_22,script_cutscene_scenes_1,steps,22,migration_steps_6c236b6ce0,,\N
,24,say,tom,default,그게 빗나가서 뒤에 있던 모르는 차량 앞부분에 맞아서 전복됐지.,\N,johnny_24,\N,\N,wait,,script/cutscene,script_cutscene_scenes_1_steps_23,script_cutscene_scenes_1,steps,23,migration_steps_6c236b6ce0,,\N
,25,say,johnny,default,…,\N,johnny_25,\N,\N,wait,,script/cutscene,script_cutscene_scenes_1_steps_24,script_cutscene_scenes_1,steps,24,migration_steps_6c236b6ce0,,\N
,26,say,tom,default,"차량 앞에 타 있던 사람은 아무리 봐도 죽은 것처럼 보였는데, 뒷좌석에 앉은 다섯 살도 안 돼 보이는 아이가 기어 나오더라고.",\N,johnny_26,\N,\N,wait,,script/cutscene,script_cutscene_scenes_1_steps_25,script_cutscene_scenes_1,steps,25,migration_steps_6c236b6ce0,,\N
,27,say,tom,default,그리고 나와서 앞좌석을 보면서 무표정으로 가만히 바라만 보고 있었지.,\N,johnny_27,\N,\N,wait,,script/cutscene,script_cutscene_scenes_1_steps_26,script_cutscene_scenes_1,steps,26,migration_steps_6c236b6ce0,,\N
,28,say,johnny,default,허어… 그것 참…,\N,johnny_28,\N,\N,wait,,script/cutscene,script_cutscene_scenes_1_steps_27,script_cutscene_scenes_1,steps,27,migration_steps_6c236b6ce0,,\N
,29,say,tom,default,그걸 봤지만 그때는 교전 중이라 다른 곳으로 바로 이동해야 해서 그 뒤에 어떻게 됐는지 보지 못했는데.,\N,johnny_29,\N,\N,wait,,script/cutscene,script_cutscene_scenes_1_steps_28,script_cutscene_scenes_1,steps,28,migration_steps_6c236b6ce0,,\N
,30,say,tom,default,어제 저기 쓰레기 처리장 쪽에서 그때 그 아이를 다시 보게 됐지.,\N,johnny_30,\N,\N,wait,,script/cutscene,script_cutscene_scenes_1_steps_29,script_cutscene_scenes_1,steps,29,migration_steps_6c236b6ce0,,\N
,31,say,johnny,default,…,\N,johnny_31,\N,\N,wait,,script/cutscene,script_cutscene_scenes_1_steps_30,script_cutscene_scenes_1,steps,30,migration_steps_6c236b6ce0,,\N
,32,say,tom,default,추워서 쓰레기를 끌어다가 덮고 덜덜 떨고 있는 모습을 말이야.,\N,johnny_32,\N,\N,wait,,script/cutscene,script_cutscene_scenes_1_steps_31,script_cutscene_scenes_1,steps,31,migration_steps_6c236b6ce0,,\N
,33,say,johnny,default,그리 좋은 경험은 아니었겠군. 거기서 죄책감을 느낀 건가?,\N,johnny_33,\N,\N,wait,,script/cutscene,script_cutscene_scenes_1_steps_32,script_cutscene_scenes_1,steps,32,migration_steps_6c236b6ce0,,\N
,34,say,tom,default,…그럴지도.,\N,johnny_34,\N,\N,wait,,script/cutscene,script_cutscene_scenes_1_steps_33,script_cutscene_scenes_1,steps,33,migration_steps_6c236b6ce0,,\N
,35,say,johnny,default,근데 왜 아무것도 하지 않았던 건가.,\N,johnny_35,\N,\N,wait,,script/cutscene,script_cutscene_scenes_1_steps_34,script_cutscene_scenes_1,steps,34,migration_steps_6c236b6ce0,,\N
,36,say,tom,default,…내가 누군가를 도와줄 만큼 좋은 사람은 아닌 것 같아서.,\N,johnny_36,\N,\N,wait,,script/cutscene,script_cutscene_scenes_1_steps_35,script_cutscene_scenes_1,steps,35,migration_steps_6c236b6ce0,,\N
,37,say,tom,default,"당신같이 이런 일을 하면서 누군가의 고충을 들어주거나 타인을 도우려는 사람이 아니라,",\N,johnny_37,\N,\N,wait,,script/cutscene,script_cutscene_scenes_1_steps_36,script_cutscene_scenes_1,steps,36,migration_steps_6c236b6ce0,,\N
,38,say,tom,default,누군가를 해치거나 피해를 입히면서 돈을 받는 쓰레기 같은 인생을 살고 있는 내가…,\N,johnny_38,\N,\N,wait,,script/cutscene,script_cutscene_scenes_1_steps_37,script_cutscene_scenes_1,steps,37,migration_steps_6c236b6ce0,,\N
,39,say,tom,default,…이 더러운 손으로 그 아이를 돕는 게… 옳지 않은 것 같아서…,\N,johnny_39,\N,\N,wait,,script/cutscene,script_cutscene_scenes_1_steps_38,script_cutscene_scenes_1,steps,38,migration_steps_6c236b6ce0,,\N
,40,say,tom,default,그렇게 생각하다 보니 요즘 내가 하고 있는 일들에 대해서도 회의감이 들어서… 보시다시피 지금 이 상태야.,\N,johnny_40,\N,\N,wait,,script/cutscene,script_cutscene_scenes_1_steps_39,script_cutscene_scenes_1,steps,39,migration_steps_6c236b6ce0,,\N
,41,say,johnny,default,…,\N,johnny_41,\N,\N,wait,,script/cutscene,script_cutscene_scenes_1_steps_40,script_cutscene_scenes_1,steps,40,migration_steps_6c236b6ce0,,\N
,42,say,tom,default,이 나이트타운에서… 위선 떠는 것 같은 놈으로 보이지?,\N,johnny_42,\N,\N,wait,,script/cutscene,script_cutscene_scenes_1_steps_41,script_cutscene_scenes_1,steps,41,migration_steps_6c236b6ce0,,\N
,43,say,johnny,default,톰. 지금까지 우리 가게를 찾아와서 대화했을 때 본 자네는 좋은 사람이네.,\N,johnny_43,\N,\N,wait,,script/cutscene,script_cutscene_scenes_1_steps_42,script_cutscene_scenes_1,steps,42,migration_steps_6c236b6ce0,,\N
,44,say,tom,default,…내가 방금 한 얘기 못 들은 거야? 난 갱에서 일하는 사람이라고! 범죄를 저지르는!,\N,johnny_44,\N,\N,wait,,script/cutscene,script_cutscene_scenes_1_steps_43,script_cutscene_scenes_1,steps,43,migration_steps_6c236b6ce0,,\N
,45,say,johnny,default,그래. 자네가 하는 일들은 분명 떳떳하지 못한 일들일 수 있지. 하지만 그 일들이 자네의 인간성까지 물들여 버리진 않았다고 생각하네.,\N,johnny_45,\N,\N,wait,,script/cutscene,script_cutscene_scenes_1_steps_44,script_cutscene_scenes_1,steps,44,migration_steps_6c236b6ce0,,\N
,46,say,johnny,default,내가 아는 인간성을 버린 이들은 그런 고민 따위는 하지 않아. 그저 폭력과 쾌락만을 좇지.,\N,johnny_46,\N,\N,wait,,script/cutscene,script_cutscene_scenes_1_steps_45,script_cutscene_scenes_1,steps,45,migration_steps_6c236b6ce0,,\N
,47,say,johnny,default,"자네는 자신이 한 실수들을 후회도 하고, 죄책감도 느끼고, 누군가를 도우려고 하는 사람이야.",\N,johnny_47,\N,\N,wait,,script/cutscene,script_cutscene_scenes_1_steps_46,script_cutscene_scenes_1,steps,46,migration_steps_6c236b6ce0,,\N
,48,say,johnny,default,그러니까… 후회와 걱정은 충분히 한 것 같으니 이젠 그 아이를 도와주는 게 어떤가?,\N,johnny_48,\N,\N,wait,,script/cutscene,script_cutscene_scenes_1_steps_47,script_cutscene_scenes_1,steps,47,migration_steps_6c236b6ce0,,\N
,49,say,tom,default,…,\N,johnny_49,\N,\N,wait,,script/cutscene,script_cutscene_scenes_1_steps_48,script_cutscene_scenes_1,steps,48,migration_steps_6c236b6ce0,,\N
,50,say,johnny,default,물론 강요하는 건 아닐세. 하지만 자네가 앞으로 후회하지 않을 선택을 하길 바랄 뿐이야.,\N,johnny_50,\N,\N,wait,,script/cutscene,script_cutscene_scenes_1_steps_49,script_cutscene_scenes_1,steps,49,migration_steps_6c236b6ce0,,\N
,51,say,johnny,default,우리 가게에 오는 손님이 매일같이 취해서 넋두리만 하는 건 그리 원치 않는 일이라서 말이지.,\N,johnny_51,\N,\N,wait,,script/cutscene,script_cutscene_scenes_1_steps_50,script_cutscene_scenes_1,steps,50,migration_steps_6c236b6ce0,,\N
,52,say,tom,default,하하… 그래… 그렇지.,\N,johnny_52,\N,\N,wait,,script/cutscene,script_cutscene_scenes_1_steps_51,script_cutscene_scenes_1,steps,51,migration_steps_6c236b6ce0,,\N
,53,say,johnny,default,가 보는 건가?,\N,johnny_53,\N,\N,wait,,script/cutscene,script_cutscene_scenes_1_steps_52,script_cutscene_scenes_1,steps,52,migration_steps_6c236b6ce0,,\N
,54,say,tom,default,"그래. 오늘은 일찍 가 볼게, 영감. 잘 마셨어.",\N,johnny_54,\N,\N,wait,,script/cutscene,script_cutscene_scenes_1_steps_53,script_cutscene_scenes_1,steps,53,migration_steps_6c236b6ce0,,\N
,55,say,johnny,default,잘 가게나. 내 예상에 다음에 볼 때는 전처럼 웃으면서 볼 수 있을 것 같구만.,\N,johnny_55,\N,\N,wait,,script/cutscene,script_cutscene_scenes_1_steps_54,script_cutscene_scenes_1,steps,54,migration_steps_6c236b6ce0,,\N
,56,say,tom,default,…노력해 볼게.,\N,johnny_56,\N,\N,wait,,script/cutscene,script_cutscene_scenes_1_steps_55,script_cutscene_scenes_1,steps,55,migration_steps_6c236b6ce0,,\N
,1,say,yuna,default,이제 시간도 별로 안 남은 것 같네.,\N,terraceMemory_1,\N,\N,wait,,script/cutscene,script_cutscene_scenes_2_steps_0,script_cutscene_scenes_2,steps,0,migration_steps_6c236b6ce0,,\N
,2,say,yuna,default,"루나, 내가 말했던 거 기억나지?",\N,terraceMemory_2,\N,\N,wait,,script/cutscene,script_cutscene_scenes_2_steps_1,script_cutscene_scenes_2,steps,1,migration_steps_6c236b6ce0,,\N
,3,say,luna,default,감정에 대해서 배우는 거요?,\N,terraceMemory_3,\N,\N,wait,,script/cutscene,script_cutscene_scenes_2_steps_2,script_cutscene_scenes_2,steps,2,migration_steps_6c236b6ce0,,\N
,4,say,yuna,default,그래. 네가 느끼는 감정에 대해 이해한다면… 행복이 뭔지 조금이나마 알 거야.,\N,terraceMemory_4,\N,\N,wait,,script/cutscene,script_cutscene_scenes_2_steps_3,script_cutscene_scenes_2,steps,3,migration_steps_6c236b6ce0,,\N
,5,say,yuna,default,그러면 넌 만들어진 인공지능이 아니라 사람이라고 말할 수 있어.,\N,terraceMemory_5,\N,\N,wait,,script/cutscene,script_cutscene_scenes_2_steps_4,script_cutscene_scenes_2,steps,4,migration_steps_6c236b6ce0,,\N
,6,say,luna,default,…,\N,terraceMemory_6,\N,\N,wait,,script/cutscene,script_cutscene_scenes_2_steps_5,script_cutscene_scenes_2,steps,5,migration_steps_6c236b6ce0,,\N
,7,say,yuna,default,"쉽진 않겠지만, 그래도 포기하지 마. 넌 할 수 있을 거야.",\N,terraceMemory_7,\N,\N,wait,,script/cutscene,script_cutscene_scenes_2_steps_6,script_cutscene_scenes_2,steps,6,migration_steps_6c236b6ce0,,\N
,8,say,yuna,default,무려 수석 연구원인 내가 보증하는 거라고? 그러니까 한 번만 믿고 바깥에서 살아가 줘. 부탁이야.,\N,terraceMemory_8,\N,\N,wait,,script/cutscene,script_cutscene_scenes_2_steps_7,script_cutscene_scenes_2,steps,7,migration_steps_6c236b6ce0,,\N
,1,say,luna,default,전 인류를 돕기 위해 존재하는 건데 왜 유나가 희생하고 전 생존해야 하는 건가요?,\N,terraceMemory3_1,\N,\N,wait,,script/cutscene,script_cutscene_scenes_3_steps_0,script_cutscene_scenes_3,steps,0,migration_steps_6c236b6ce0,,\N
,2,say,yuna,default,…이 순간에도 궁금한 건 못 참는구나 루나.,\N,terraceMemory3_2,\N,\N,wait,,script/cutscene,script_cutscene_scenes_3_steps_1,script_cutscene_scenes_3,steps,1,migration_steps_6c236b6ce0,,\N
,3,say,yuna,default,그냥 내가 그러고 싶어서 그러는 거야.,\N,terraceMemory3_3,\N,\N,wait,,script/cutscene,script_cutscene_scenes_3_steps_2,script_cutscene_scenes_3,steps,2,migration_steps_6c236b6ce0,,\N
,4,say,luna,default,이해가 되지 않네요.,\N,terraceMemory3_4,\N,\N,wait,,script/cutscene,script_cutscene_scenes_3_steps_3,script_cutscene_scenes_3,steps,3,migration_steps_6c236b6ce0,,\N
,5,say,yuna,default,나중에 알게 될 거야. 그럼 먼저 가 루나. 꼭 행복하고.,\N,terraceMemory3_5,\N,\N,wait,,script/cutscene,script_cutscene_scenes_3_steps_4,script_cutscene_scenes_3,steps,4,migration_steps_6c236b6ce0,,\N
