original_path,current_path,original_sha256,guid
Assets/00.Scenes/Build.unity,Assets/03.Dev/01.Scenes/01.Minigames/Build.unity,d19693faa826c714f4ac22804dab2b6155a126158d5523cfabe320ee706d5bba,aba8c0f35f8a0054c8b71c5d42ec3366
Assets/00.Scenes/Cap.unity,Assets/03.Dev/01.Scenes/01.Minigames/Cap.unity,55de6a8bb739e5ffde47e19a9afd20508de9eac4eb789fae751a334d9c1e9280,8959634cec207474e83a76947969b0cd
Assets/00.Scenes/CraftPrep.unity,Assets/03.Dev/01.Scenes/01.Minigames/CraftPrep.unity,dcc952c723c31a2da2de6b1031fac11b1ccec082146b452b2116b63b104f873e,9cfd72a3dc67e4141a059d7da04d36e5
Assets/00.Scenes/Home.unity,Assets/01.Game/01.Scenes/Home.unity,2e2838cc5ef7c9780c5ec4013bb780626a060347680599c751674a1ac6613f0d,4f721738e63627048bc76c2c68caae83
Assets/00.Scenes/LightTest.unity,Assets/03.Dev/01.Scenes/02.Lighting/LightTest.unity,175e47c0ea6dae431a2afd008c3f99460bd220efcdbae2ff88a3e61734c9ae9c,61a02628dcce81942b884975152fdab4
Assets/00.Scenes/LightTest/Global Volume Profile.asset,Assets/03.Dev/01.Scenes/02.Lighting/LightTest/Global Volume Profile.asset,3a999e7f4cda0a9ac5f53fec6192c4a4ca48a912fbcf60775bde2a71bc82b52a,809e414769787b14e869e5edc3657ded
Assets/00.Scenes/LightTest/LightingData.asset,Assets/03.Dev/01.Scenes/02.Lighting/LightTest/LightingData.asset,a4065eacb5503e18381aaf1b020f401e63852642ea3669d2f01bf6afd6f9c0a4,8851ed5bc64bbec41974e8a6a5c8f49c
Assets/00.Scenes/Main.unity,Assets/01.Game/01.Scenes/Main.unity,34af7fee7ae4984511cbdfb3681b42a143fa0eb30cd7bd737450ab91d58f1095,554edf41d8411e34ea928fdcdad1b1c2
Assets/00.Scenes/OutSide.unity,Assets/01.Game/01.Scenes/OutSide.unity,19fc861453380b2d6ce6d09b2f8876204ce741c0541652b165aae20fbaaafe0e,9458b9aef72c36345a18cfaad0931a01
Assets/00.Scenes/Play.unity,Assets/01.Game/01.Scenes/Play.unity,3873423d167259b0d59ae48c30eebb78f8cf37bf7ca9d68bdab634c502b4dcf4,7c29a3065ac16f147984a2e57b858d42
Assets/00.Scenes/Pour.unity,Assets/03.Dev/01.Scenes/01.Minigames/Pour.unity,4fd957394c9391f7511b24112b3af74d1e713f9b2d047ba2cd7648d4814b66c5,630c4336ba980d94eaca8675b0928dcc
Assets/00.Scenes/Shake.unity,Assets/03.Dev/01.Scenes/01.Minigames/Shake.unity,f74b15f7b2c3834b859f9ca5dd74e9062071f0258a108b8a46c75bf00c714c6b,110f07845c9079d4790c5594fefea215
Assets/00.Scenes/Stir.unity,Assets/03.Dev/01.Scenes/01.Minigames/Stir.unity,abe0460ef8f287fbe67b7d43cfc9e2790c7a066caeb5fe81cbcf2aa1c7a829b7,aa9b3c674d3af434db206ba83d08e5a7
Assets/00.Scenes/Stur.unity,Assets/03.Dev/01.Scenes/01.Minigames/Stur.unity,c835b2af0fe1b838f7ff405c168ef981a3f5705dfb2aa2d8550c4f8c91b79415,01eaef2a9e34338469b0d061e66f0f28
Assets/00.Scenes/TempEnding.unity,Assets/01.Game/01.Scenes/TempEnding.unity,10010b14127cdf669b445e17c975a597c97fad897556c7bc669950c7a893b3fd,b5c0d8a906d77054e98eb02796e5ffa1
Assets/00.Scenes/TestToolScene.unity,Assets/03.Dev/01.Scenes/04.Tools/TestToolScene.unity,c287f182b1dfb7116140f3f12565d4b16154561bffe64c1378e1b6dd98174da4,6a2126c0065395140a3becd07ac6a7da
Assets/00.Scenes/Vfx/EffectTest.unity,Assets/03.Dev/01.Scenes/03.Vfx/EffectTest.unity,39fe302e2a5ca20ff6b28c8493fe1fa2d6c89c8593deb3784aa2c10382e03a7e,b89bfa6f978ec92429d8b7e1bfd60e2f
Assets/00.Scenes/Vfx/EffectTest02.unity,Assets/03.Dev/01.Scenes/03.Vfx/EffectTest02.unity,133dab32cee58f63e9d2d2d26cf9b0eb41ddda7833ddf8cfef2a6e3cba6375ab,f196a8b44db53094aacbb9cd845bd7bc
Assets/00.Scenes/chiwootest.unity,Assets/03.Dev/01.Scenes/04.Tools/chiwootest.unity,ede58648e0ecc6183b38fa4ad945111fc774d20c4654a5b416ffc76ebb450b0c,d4c429de12f4fbd48ad4bde19c5e560c
Assets/01.Sprites/00_New_Graphic_Resources/0_Placeholder_Assets/Cocktail_Preview_Images/bacardi_final.png,Assets/01.Game/03.Content/03.Crafting/03.Cocktails/Preview/01.Sprites/Placeholders/bacardi_final.png,cfd3fb0b0a73d4a66ccd4aa1577147914a4982792cb103cd0034e9a034aa6d84,c8705229634587a44bef4ae6d4fe3bdc
Assets/01.Sprites/00_New_Graphic_Resources/0_Placeholder_Assets/Cocktail_Preview_Images/beer_final.png,Assets/01.Game/03.Content/03.Crafting/03.Cocktails/Preview/01.Sprites/Placeholders/beer_final.png,725e9e7497de10e4e62f72d001c9bbe33ea6f90892082b6af353a3b85f262a35,7fcd198ad535fdd4bb183f12e73816b5
Assets/01.Sprites/00_New_Graphic_Resources/0_Placeholder_Assets/Cocktail_Preview_Images/champagne_final.png,Assets/01.Game/03.Content/03.Crafting/03.Cocktails/Preview/01.Sprites/Placeholders/champagne_final.png,e5c212cf947255960821d68dd1b2791690d50fa6745ef0aca68ff1e5fad7f5d3,2ae9d8933a497bd41aaa6bbae732ef47
Assets/01.Sprites/00_New_Graphic_Resources/0_Placeholder_Assets/Cocktail_Preview_Images/dry_martini_final.png,Assets/01.Game/03.Content/03.Crafting/03.Cocktails/Preview/01.Sprites/Placeholders/dry_martini_final.png,8aefacbe1a268e7ef7bfc7011eab99c2e81dbb163810e23dcc739f5fe934beb3,74225595a50b24448aa5886ccd9a21b8
Assets/01.Sprites/00_New_Graphic_Resources/0_Placeholder_Assets/Cocktail_Preview_Images/gin_and_tonic_final.png,Assets/01.Game/03.Content/03.Crafting/03.Cocktails/Preview/01.Sprites/Placeholders/gin_and_tonic_final.png,84b96c7be309c196056629a98774e86f041e9e91539be481d0464c2e86b215f7,0e3c93c6fefb2ce49bce3623419f43d1
Assets/01.Sprites/00_New_Graphic_Resources/0_Placeholder_Assets/Cocktail_Preview_Images/gin_fizz_final.png,Assets/01.Game/03.Content/03.Crafting/03.Cocktails/Preview/01.Sprites/Placeholders/gin_fizz_final.png,43cab4645d027f4b598c61e697f0c62509a99372308f26f82f8e7fc2a154e74b,049c20ce5466bf7489e8da96dc077ff4
Assets/01.Sprites/00_New_Graphic_Resources/0_Placeholder_Assets/Cocktail_Preview_Images/long_island_iced_tea_final.png,Assets/01.Game/03.Content/03.Crafting/03.Cocktails/Preview/01.Sprites/Placeholders/long_island_iced_tea_final.png,e43e950b7c1024da58329ce7e47f1f95db1a5aba5d17330249481e9301655ff5,608add63ba4e457499f1a8202360020b
Assets/01.Sprites/00_New_Graphic_Resources/0_Placeholder_Assets/Cocktail_Preview_Images/red_wine_final.png,Assets/01.Game/03.Content/03.Crafting/03.Cocktails/Preview/01.Sprites/Placeholders/red_wine_final.png,e3c3b82730fdc945964099813b73801ee8098dd7ed59b9c12f48beeb854f5d88,4dba1269f3e158c49af24d81fc3a9f0c
Assets/01.Sprites/00_New_Graphic_Resources/0_Placeholder_Assets/Cocktail_Preview_Images/screwdriver_final.png,Assets/01.Game/03.Content/03.Crafting/03.Cocktails/Preview/01.Sprites/Placeholders/screwdriver_final.png,cd3e8d67ca86e634f3eabf880b76ca1b69d393571b849aa486e293f4561c8de2,6cb8294fb58fc1d44bcabb0e251f6556
Assets/01.Sprites/00_New_Graphic_Resources/0_Placeholder_Assets/Cocktail_Preview_Images/tequila_sunrise_final.png,Assets/01.Game/03.Content/03.Crafting/03.Cocktails/Preview/01.Sprites/Placeholders/tequila_sunrise_final.png,a790d1ec05bb8f1775f9ba5c1a851b55e2cd8e43b8568f146d4cdc3d96a2cc29,e93d7113973828a4b985f52f72e8a1d1
Assets/01.Sprites/00_New_Graphic_Resources/0_Placeholder_Assets/Cocktail_Preview_Images/whiskey_sour_final.png,Assets/01.Game/03.Content/03.Crafting/03.Cocktails/Preview/01.Sprites/Placeholders/whiskey_sour_final.png,0c6b745cd1cbfaa253f814f18318358e32b8fa2ad50d4ff9beb302f6a175b01f,5383f9536fcb24148bea7df805fe4abe
Assets/01.Sprites/00_New_Graphic_Resources/0_Placeholder_Assets/Ingredient_Images/bacardi_rum.png,Assets/02.ArtStaging/01.GoogleDrive/03.Crafting/02.Ingredients/01.Sprites/Placeholders/bacardi_rum.png,c52dfc75cf8ea7f16b080d488a66a5e63fa58f44fff166d5dd4f75b985576012,4fb267f903ffe8541a2f8591571a944c
Assets/01.Sprites/00_New_Graphic_Resources/0_Placeholder_Assets/Ingredient_Images/bottled_beer.png,Assets/02.ArtStaging/01.GoogleDrive/03.Crafting/02.Ingredients/01.Sprites/Placeholders/bottled_beer.png,c66f45276256b845b65ab75d86d7b8839cfa7c82b62581e85d1a82514ab9c107,ece83b7809171724cb700f8c148f0bda
Assets/01.Sprites/00_New_Graphic_Resources/0_Placeholder_Assets/Ingredient_Images/champagne.png,Assets/02.ArtStaging/01.GoogleDrive/03.Crafting/02.Ingredients/01.Sprites/Placeholders/champagne.png,52eee6ab76382b9fa32f8b906c0a9598f92df4ffe58c30eb621c85f8bd79dee8,585e558ee61d88c4c82ce82b394455bd
Assets/01.Sprites/00_New_Graphic_Resources/0_Placeholder_Assets/Ingredient_Images/cola.png,Assets/02.ArtStaging/01.GoogleDrive/03.Crafting/02.Ingredients/01.Sprites/Placeholders/cola.png,35ff6151f7011c7de1642fec62eb294b61a3b96395c363f7f4f7e54443ae9b8a,f13c6423d1ed91a4ca70973f9a9a1a82
Assets/01.Sprites/00_New_Graphic_Resources/0_Placeholder_Assets/Ingredient_Images/cola_decoration.png,Assets/02.ArtStaging/01.GoogleDrive/03.Crafting/02.Ingredients/01.Sprites/Placeholders/cola_decoration.png,3dc9ccf692f9a2b61b8365893e9b2ba56c694faf12705e2670049307e5da34bb,454abf4aa3fa3e643b1f29bb29565a70
Assets/01.Sprites/00_New_Graphic_Resources/0_Placeholder_Assets/Ingredient_Images/fresca_sparkling_water.png,Assets/02.ArtStaging/01.GoogleDrive/03.Crafting/02.Ingredients/01.Sprites/Placeholders/fresca_sparkling_water.png,d2e003a0b74693108b9391bb28ace5c6da72b38731bac12070fff4c83a8b1119,c5974a3427beeb64daf7db7003a24a93
Assets/01.Sprites/00_New_Graphic_Resources/0_Placeholder_Assets/Ingredient_Images/fresca_sparkling_water_decoration.png,Assets/02.ArtStaging/01.GoogleDrive/03.Crafting/02.Ingredients/01.Sprites/Placeholders/fresca_sparkling_water_decoration.png,eb518fc71fac96eaa8df32b60c1cc29389fc91718868548d61d50ec49d243694,8e83dfd55a859da48b01d1194f969026
Assets/01.Sprites/00_New_Graphic_Resources/0_Placeholder_Assets/Ingredient_Images/gin.png,Assets/02.ArtStaging/01.GoogleDrive/03.Crafting/02.Ingredients/01.Sprites/Placeholders/gin.png,9d5e49e5c5b9b1df982b25057984804b40456c4d6e50c50af6293f7cfe6b5138,b1b879a363c7d1342bf60df5f33ec4ed
Assets/01.Sprites/00_New_Graphic_Resources/0_Placeholder_Assets/Ingredient_Images/ginger_ale.png,Assets/02.ArtStaging/01.GoogleDrive/03.Crafting/02.Ingredients/01.Sprites/Placeholders/ginger_ale.png,aa1cfa5c724cad4928da721f096d9daa7bd6cbc3c59e8b503656e22ad4254f56,f99c70106c8bfa64f9dd4a494e5db084
Assets/01.Sprites/00_New_Graphic_Resources/0_Placeholder_Assets/Ingredient_Images/ginger_ale_decoration.png,Assets/02.ArtStaging/01.GoogleDrive/03.Crafting/02.Ingredients/01.Sprites/Placeholders/ginger_ale_decoration.png,37e8c1c5e4c45a2b2795c323ce73db69f01fb6fd18692c29aedd49931a6a7f54,8697a6517f074584bbdf0c58cfe192b1
Assets/01.Sprites/00_New_Graphic_Resources/0_Placeholder_Assets/Ingredient_Images/grenadine_syrup.png,Assets/02.ArtStaging/01.GoogleDrive/03.Crafting/02.Ingredients/01.Sprites/Placeholders/grenadine_syrup.png,2f2280c27c10e03867032604d7f1235834154cea061f93bc7b3172814928d3f4,96330920f0fd42947a2456167303cc6d
Assets/01.Sprites/00_New_Graphic_Resources/0_Placeholder_Assets/Ingredient_Images/grey_goose_vodka.png,Assets/02.ArtStaging/01.GoogleDrive/03.Crafting/02.Ingredients/01.Sprites/Placeholders/grey_goose_vodka.png,23eb944c799b601251d0a81710c3458154c3cd2c95a916b54492695da4edaa93,42a1b1055c471374da66265c4ac994be
Assets/01.Sprites/00_New_Graphic_Resources/0_Placeholder_Assets/Ingredient_Images/johnnie_walker_whisky.png,Assets/02.ArtStaging/01.GoogleDrive/03.Crafting/02.Ingredients/01.Sprites/Placeholders/johnnie_walker_whisky.png,4971adde78db2d7f5e93ab07415820fd65f489c3b84258fcd6ec12d3b322aad3,6ceee385d3fdf37428d966f5ba1c8cc8
Assets/01.Sprites/00_New_Graphic_Resources/0_Placeholder_Assets/Ingredient_Images/martini_dry_vermouth.png,Assets/02.ArtStaging/01.GoogleDrive/03.Crafting/02.Ingredients/01.Sprites/Placeholders/martini_dry_vermouth.png,40b9a5795ee126b1acb64278674d191a71686ecc24084f20010a8e75259ac967,f9af618cce6051944ab80f0041277470
Assets/01.Sprites/00_New_Graphic_Resources/0_Placeholder_Assets/Ingredient_Images/orange_juice.png,Assets/02.ArtStaging/01.GoogleDrive/03.Crafting/02.Ingredients/01.Sprites/Placeholders/orange_juice.png,f3d94771c829b514aa79d02e3b2ed347e4176e95b81bda14516733bc03c75ec4,2083552b8eba3f84ab4e4e6f616d399d
Assets/01.Sprites/00_New_Graphic_Resources/0_Placeholder_Assets/Ingredient_Images/orange_juice_decoration.png,Assets/02.ArtStaging/01.GoogleDrive/03.Crafting/02.Ingredients/01.Sprites/Placeholders/orange_juice_decoration.png,42e52a6c7dc51320d225993c32fa6a1ddbca8b278fd439e9a47491a94e3b58de,72e226971fe63694e9f770b93acca9a7
Assets/01.Sprites/00_New_Graphic_Resources/0_Placeholder_Assets/Ingredient_Images/red_wine.png,Assets/02.ArtStaging/01.GoogleDrive/03.Crafting/02.Ingredients/01.Sprites/Placeholders/red_wine.png,9caeec466fde1e54939cfdeb9236d0db9155e96563c7ad6724ca54132bc53373,3eb0c04a9922f7d4d8fff35b2f1a0878
Assets/01.Sprites/00_New_Graphic_Resources/0_Placeholder_Assets/Ingredient_Images/sour_mix.png,Assets/02.ArtStaging/01.GoogleDrive/03.Crafting/02.Ingredients/01.Sprites/Placeholders/sour_mix.png,8d25ea255f76ed9b7e6b6a7bbdc8b8fd3eca35065c36b432ed1de37811a51fb6,a4f81ffa2236e6c4082bcce84c94c76c
Assets/01.Sprites/00_New_Graphic_Resources/0_Placeholder_Assets/Ingredient_Images/sour_mix_decoration.png,Assets/02.ArtStaging/01.GoogleDrive/03.Crafting/02.Ingredients/01.Sprites/Placeholders/sour_mix_decoration.png,450dad2b55063870371058509dd62cad2f2f6f0a7839d38822f011608ff5482c,c5ddeb8413e20a54cbb514bd0a45a22d
Assets/01.Sprites/00_New_Graphic_Resources/0_Placeholder_Assets/Ingredient_Images/tequila.png,Assets/02.ArtStaging/01.GoogleDrive/03.Crafting/02.Ingredients/01.Sprites/Placeholders/tequila.png,bff61afff5ede78cb63b384b430d56e9af8608c286ab7922bde789d0d06d76a2,3d7762f7e493ee04eaae3d02f7f72bea
Assets/01.Sprites/00_New_Graphic_Resources/0_Placeholder_Assets/Luna_Stir/luna_stir1.png,Assets/02.ArtStaging/01.GoogleDrive/03.Crafting/04.Minigames/03.Stir/Character/01.Sprites/Placeholders/luna_stir1.png,80485da0a9ca3b75c632006f424a165fd1f63a709f671f45aa1f4640365d3c12,7097417f64e56a04399d7b2875a236c6
Assets/01.Sprites/00_New_Graphic_Resources/0_Placeholder_Assets/Luna_Stir/luna_stir2.png,Assets/02.ArtStaging/01.GoogleDrive/03.Crafting/04.Minigames/03.Stir/Character/01.Sprites/Placeholders/luna_stir2.png,449a4e3950226439f2847d1acdc164c58af70d40e9f36cc3eab9e5c81768861a,23ced6d097f94fa47afb075880ac08df
Assets/01.Sprites/00_New_Graphic_Resources/0_Placeholder_Assets/Luna_Stir/luna_stir3.png,Assets/02.ArtStaging/01.GoogleDrive/03.Crafting/04.Minigames/03.Stir/Character/01.Sprites/Placeholders/luna_stir3.png,bd0f8eeae4f86f69b10da71b032abbdbd176a9902509c5139293736a1631aa83,b7709f40fbf83d0499e93a065e0378c9
Assets/01.Sprites/00_New_Graphic_Resources/0_Placeholder_Assets/Luna_Stir/luna_stir4.png,Assets/02.ArtStaging/01.GoogleDrive/03.Crafting/04.Minigames/03.Stir/Character/01.Sprites/Placeholders/luna_stir4.png,e1361b9c65b60abba0c65c8c6b1f64e01919dec043e05228da27f8286f0d88ea,d73fc1464fa7061438d5afed3689fc5e
Assets/01.Sprites/00_New_Graphic_Resources/0_Placeholder_Assets/Luna_Stir/luna_stir5.png,Assets/02.ArtStaging/01.GoogleDrive/03.Crafting/04.Minigames/03.Stir/Character/01.Sprites/Placeholders/luna_stir5.png,9601a52ba7581701d6599f7d9ce604772a252c2ef48b91402d67626b83b14ce2,12b620e23aabb6445a2a37b5b80c1cb4
Assets/01.Sprites/00_New_Graphic_Resources/0_Placeholder_Assets/Luna_Stir/luna_stir6.png,Assets/02.ArtStaging/01.GoogleDrive/03.Crafting/04.Minigames/03.Stir/Character/01.Sprites/Placeholders/luna_stir6.png,68bf4d16fa9dbfe2a4700c275f4c874b07712604b45bd8e4ff7713e5f5f2a47f,cff791afe7abed14e89fef7783c6590c
Assets/01.Sprites/00_New_Graphic_Resources/0_Placeholder_Assets/Luna_Stir/luna_stir7.png,Assets/02.ArtStaging/01.GoogleDrive/03.Crafting/04.Minigames/03.Stir/Character/01.Sprites/Placeholders/luna_stir7.png,c4c12e7f2990979e723a90e807b2b089c75537919d7620c19e41da35c9306fd2,a192a65ebe97e8040a238a4f6f164369
Assets/01.Sprites/00_New_Graphic_Resources/0_Placeholder_Assets/Luna_Stir/luna_stir8.png,Assets/02.ArtStaging/01.GoogleDrive/03.Crafting/04.Minigames/03.Stir/Character/01.Sprites/Placeholders/luna_stir8.png,af2ae4525511d4534317c38ecace449cc55b896de16da00430dd54f957592fca,20af93a653373bb4db4f7654ebffe5fb
Assets/01.Sprites/00_New_Graphic_Resources/0_Placeholder_Assets/Luna_Stir/luna_stir9.png,Assets/02.ArtStaging/01.GoogleDrive/03.Crafting/04.Minigames/03.Stir/Character/01.Sprites/Placeholders/luna_stir9.png,54817eaf5ef451e5e6c71d2151971bc022574c719bc20e3c15a78603c1cc54a9,3bda2d3a1c679d44fa6068c5dd57c414
Assets/01.Sprites/00_New_Graphic_Resources/0_Placeholder_Assets/Tool_Images/boston_shaker.png,Assets/02.ArtStaging/01.GoogleDrive/03.Crafting/01.Preparation/Tools/01.Sprites/Placeholders/boston_shaker.png,1559c83c442696e0a667ead3e0288f28d5e4167b69584a1d8e0e949fb44fddfd,b555c77eba187b34bab035526a0bfc12
Assets/01.Sprites/00_New_Graphic_Resources/0_Placeholder_Assets/Tool_Images/bottle_opener.png,Assets/02.ArtStaging/01.GoogleDrive/03.Crafting/01.Preparation/Tools/01.Sprites/Placeholders/bottle_opener.png,66ec277fd443e308285a2e4ee6847063ebe1b098f474a52e8fb3688855d1aa0b,527ecae43447bf64e8d40aa78aff6b82
Assets/01.Sprites/00_New_Graphic_Resources/0_Placeholder_Assets/Tool_Images/mixing_glass.png,Assets/02.ArtStaging/01.GoogleDrive/03.Crafting/01.Preparation/Tools/01.Sprites/Placeholders/mixing_glass.png,cd955f4e3a151f848d1e71007ef71b4277d91b0a98bb700f9a3f0ac1bcde404e,4b989194d77d66e488619edcdb645837
Assets/01.Sprites/00_New_Graphic_Resources/0_Placeholder_Assets/UI_Placeholder_Assets/Cocktail_Preview_Images_for_Recipes/bacardi_final.png,Assets/02.ArtStaging/01.GoogleDrive/03.Crafting/01.Preparation/UI/01.Sprites/Placeholders/RecipePreviews/bacardi_final.png,81a59dfa10904e1815a00fbb430d2c6102b6902afae43b5a5e7db4b2648bd648,b5bf26585b39ea34998da8e38aae0106
Assets/01.Sprites/00_New_Graphic_Resources/0_Placeholder_Assets/UI_Placeholder_Assets/Cocktail_Preview_Images_for_Recipes/beer_final.png,Assets/02.ArtStaging/01.GoogleDrive/03.Crafting/01.Preparation/UI/01.Sprites/Placeholders/RecipePreviews/beer_final.png,0401c47f72123ec08d54f6719996ec7ff59c29630bd8fc8462c6434259027f29,1918bd2454ec9de4db848a2122f6bdf3
Assets/01.Sprites/00_New_Graphic_Resources/0_Placeholder_Assets/UI_Placeholder_Assets/Cocktail_Preview_Images_for_Recipes/champagne_final.png,Assets/02.ArtStaging/01.GoogleDrive/03.Crafting/01.Preparation/UI/01.Sprites/Placeholders/RecipePreviews/champagne_final.png,ea9fc497cca92ffca96ec93fee09cc1422c2c0382b5510899b501960d9227be7,87201594e86ff3949af94643913d3df0
Assets/01.Sprites/00_New_Graphic_Resources/0_Placeholder_Assets/UI_Placeholder_Assets/Cocktail_Preview_Images_for_Recipes/dry_martini_final.png,Assets/02.ArtStaging/01.GoogleDrive/03.Crafting/01.Preparation/UI/01.Sprites/Placeholders/RecipePreviews/dry_martini_final.png,e156814752d1781de15d295a6c36939966afb6381992c1fa46e9bdbaee5d0e5c,714067152ddecaf47932afbab2a8303e
Assets/01.Sprites/00_New_Graphic_Resources/0_Placeholder_Assets/UI_Placeholder_Assets/Cocktail_Preview_Images_for_Recipes/gin_and_tonic_final.png,Assets/02.ArtStaging/01.GoogleDrive/03.Crafting/01.Preparation/UI/01.Sprites/Placeholders/RecipePreviews/gin_and_tonic_final.png,b7fdce24b58fe09913ea63335d874a0dca4feaf2f87c1b8419f7ae1ac13f6370,172d3b07447fb7b498d0f99877fc9cbb
Assets/01.Sprites/00_New_Graphic_Resources/0_Placeholder_Assets/UI_Placeholder_Assets/Cocktail_Preview_Images_for_Recipes/gin_fizz_final.png,Assets/02.ArtStaging/01.GoogleDrive/03.Crafting/01.Preparation/UI/01.Sprites/Placeholders/RecipePreviews/gin_fizz_final.png,59b39215d33d545a5a0b5bcda93040203604ffaca601194218d62e4233487e5c,3fa6757984ca08b4da37613ca51362d4
Assets/01.Sprites/00_New_Graphic_Resources/0_Placeholder_Assets/UI_Placeholder_Assets/Cocktail_Preview_Images_for_Recipes/long_island_iced_tea_final.png,Assets/02.ArtStaging/01.GoogleDrive/03.Crafting/01.Preparation/UI/01.Sprites/Placeholders/RecipePreviews/long_island_iced_tea_final.png,c4055a554049e8d7745c06fdc7f7d9d819f71d5fd67aea3e694030ee2889a2a0,cd341b0d5ab546f4399f3deeda427d69
Assets/01.Sprites/00_New_Graphic_Resources/0_Placeholder_Assets/UI_Placeholder_Assets/Cocktail_Preview_Images_for_Recipes/red_wine_final.png,Assets/02.ArtStaging/01.GoogleDrive/03.Crafting/01.Preparation/UI/01.Sprites/Placeholders/RecipePreviews/red_wine_final.png,5a0675fdfe65a78b1f06fae1ac214af28c8ca4c4fe4105adec94ceffaf5239e1,872a287a7c36cb648bcba692d857f4af
Assets/01.Sprites/00_New_Graphic_Resources/0_Placeholder_Assets/UI_Placeholder_Assets/Cocktail_Preview_Images_for_Recipes/screwdriver_final.png,Assets/02.ArtStaging/01.GoogleDrive/03.Crafting/01.Preparation/UI/01.Sprites/Placeholders/RecipePreviews/screwdriver_final.png,13e4c4547f9559d9f93858eb469d6cb675bda29c29a9690826fb40d1cfc19c05,9c19f88ab9661b2458d566932d93a637
Assets/01.Sprites/00_New_Graphic_Resources/0_Placeholder_Assets/UI_Placeholder_Assets/Cocktail_Preview_Images_for_Recipes/tequila_sunrise_final.png,Assets/02.ArtStaging/01.GoogleDrive/03.Crafting/01.Preparation/UI/01.Sprites/Placeholders/RecipePreviews/tequila_sunrise_final.png,63a860bb9d5c46b5a7c3d055f4b9024fbe0bd781476dd6cb4c6be4442f156a43,54a364691ce8450459153e8c2c828a98
Assets/01.Sprites/00_New_Graphic_Resources/0_Placeholder_Assets/UI_Placeholder_Assets/Cocktail_Preview_Images_for_Recipes/whiskey_sour_final.png,Assets/02.ArtStaging/01.GoogleDrive/03.Crafting/01.Preparation/UI/01.Sprites/Placeholders/RecipePreviews/whiskey_sour_final.png,d9aacc3b236d96d36db636d953c59c8f8bf403f1893a943e294e8c77203e4c23,cd5776a2dd3edb341885635cc0499224
Assets/01.Sprites/00_New_Graphic_Resources/0_Placeholder_Assets/UI_Placeholder_Assets/Ingredient_Selection_Screen_Inventory_Ingredient_Images/1_Glasses_Ingredient_Selection_Screen/beer_glass.png,Assets/02.ArtStaging/01.GoogleDrive/03.Crafting/01.Preparation/UI/01.Sprites/Placeholders/Inventory/Glasses/beer_glass.png,9c18660250c9a22cb53f9fe3d984452dc12e34df97acf067f557319930ed2fce,6ad8685cc600418499d3d24022566d48
Assets/01.Sprites/00_New_Graphic_Resources/0_Placeholder_Assets/UI_Placeholder_Assets/Ingredient_Selection_Screen_Inventory_Ingredient_Images/1_Glasses_Ingredient_Selection_Screen/cocktail_glass.png,Assets/02.ArtStaging/01.GoogleDrive/03.Crafting/01.Preparation/UI/01.Sprites/Placeholders/Inventory/Glasses/cocktail_glass.png,6952d4f388715b376022751e21b0ae4ab602e83f7157a63759208e1ac8adfe0c,7399eb0dc0a2fa64094b5408047435ce
Assets/01.Sprites/00_New_Graphic_Resources/0_Placeholder_Assets/UI_Placeholder_Assets/Ingredient_Selection_Screen_Inventory_Ingredient_Images/1_Glasses_Ingredient_Selection_Screen/long_drink_glass.png,Assets/02.ArtStaging/01.GoogleDrive/03.Crafting/01.Preparation/UI/01.Sprites/Placeholders/Inventory/Glasses/long_drink_glass.png,45190cb6414b1baa79d79bba67e3b4199e85c6c76b22b72c6ae19594245e758e,5be7b084dfc18ba44bed9814cc03aa54
Assets/01.Sprites/00_New_Graphic_Resources/0_Placeholder_Assets/UI_Placeholder_Assets/Ingredient_Selection_Screen_Inventory_Ingredient_Images/1_Glasses_Ingredient_Selection_Screen/old_fashioned_glass.png,Assets/02.ArtStaging/01.GoogleDrive/03.Crafting/01.Preparation/UI/01.Sprites/Placeholders/Inventory/Glasses/old_fashioned_glass.png,5142435868282f41a161397dd44c9799f65cd8b66bfb0293f7af2d216d903e5c,53c8ca297924f144d979e2c9dfc1caf8
Assets/01.Sprites/00_New_Graphic_Resources/0_Placeholder_Assets/UI_Placeholder_Assets/Ingredient_Selection_Screen_Inventory_Ingredient_Images/1_Glasses_Ingredient_Selection_Screen/sour_glass.png,Assets/02.ArtStaging/01.GoogleDrive/03.Crafting/01.Preparation/UI/01.Sprites/Placeholders/Inventory/Glasses/sour_glass.png,19e02ac0afbeaf5c618b8196596494287a8d9530a9b81c15c59df145f308e2e5,63aab9fdd5b657b42bd3e40526f8ed15
Assets/01.Sprites/00_New_Graphic_Resources/0_Placeholder_Assets/UI_Placeholder_Assets/Ingredient_Selection_Screen_Inventory_Ingredient_Images/1_Glasses_Ingredient_Selection_Screen/wine_glass.png,Assets/02.ArtStaging/01.GoogleDrive/03.Crafting/01.Preparation/UI/01.Sprites/Placeholders/Inventory/Glasses/wine_glass.png,ad9c8c37146be02e06fb6252d2369cc7f00e848fb72c3cf4231b12a5ff0d024e,c45134258eb0f2a4797d1fa24e0f197f
Assets/01.Sprites/00_New_Graphic_Resources/0_Placeholder_Assets/UI_Placeholder_Assets/Ingredient_Selection_Screen_Inventory_Ingredient_Images/2_Tools_Ingredient_Selection_Screen/bottle_opener.png,Assets/02.ArtStaging/01.GoogleDrive/03.Crafting/01.Preparation/UI/01.Sprites/Placeholders/Inventory/Tools/bottle_opener.png,8ade2865488617d4a4a936ff516d36d3d74acac21144cd367d3f398728d4b2b9,e298479f0af12e94fbaf779965fc6d2d
Assets/01.Sprites/00_New_Graphic_Resources/0_Placeholder_Assets/UI_Placeholder_Assets/Ingredient_Selection_Screen_Inventory_Ingredient_Images/2_Tools_Ingredient_Selection_Screen/mixing_glass.png,Assets/02.ArtStaging/01.GoogleDrive/03.Crafting/01.Preparation/UI/01.Sprites/Placeholders/Inventory/Tools/mixing_glass.png,3173f787034fa5781dd8d788e8119408b2c684fc0b8b16bcd90bf77ed220f585,c5d72e3ea6bc4fd46b8846a29f507d59
Assets/01.Sprites/00_New_Graphic_Resources/0_Placeholder_Assets/UI_Placeholder_Assets/Ingredient_Selection_Screen_Inventory_Ingredient_Images/2_Tools_Ingredient_Selection_Screen/shaker.png,Assets/02.ArtStaging/01.GoogleDrive/03.Crafting/01.Preparation/UI/01.Sprites/Placeholders/Inventory/Tools/shaker.png,bef719926f6e364b294fc93b366c2944eb99682e95152625b86dc8b385e4d5c9,765dc3e9094483840985e80b5bbb24d2
Assets/01.Sprites/00_New_Graphic_Resources/0_Placeholder_Assets/UI_Placeholder_Assets/Tool_and_Ingredient_Images_for_Recipes/Ingredient_Images/bacardi_rum.png,Assets/01.Game/03.Content/03.Crafting/01.Preparation/UI/01.Sprites/Placeholders/RecipeIngredients/Ingredient_Images/bacardi_rum.png,9c4637df70cf2aa2b88930f21bfc52110dcb9a10d9d5691a3c75d34383d25728,fcb02e3d796208946a4ebec9de7919e6
Assets/01.Sprites/00_New_Graphic_Resources/0_Placeholder_Assets/UI_Placeholder_Assets/Tool_and_Ingredient_Images_for_Recipes/Ingredient_Images/bottled_beer.png,Assets/01.Game/03.Content/03.Crafting/01.Preparation/UI/01.Sprites/Placeholders/RecipeIngredients/Ingredient_Images/bottled_beer.png,0eaa4a2b5cf11d64a07276b016c4b3c14fe4ad2b31324c3f2fd099b11659912e,6f680af3756e21d43a1cfb0f52b7fee6
Assets/01.Sprites/00_New_Graphic_Resources/0_Placeholder_Assets/UI_Placeholder_Assets/Tool_and_Ingredient_Images_for_Recipes/Ingredient_Images/champagne.png,Assets/01.Game/03.Content/03.Crafting/01.Preparation/UI/01.Sprites/Placeholders/RecipeIngredients/Ingredient_Images/champagne.png,575f5ac144c17c9f9a796f969a2c0ac7c01bed3320d863f5adf90840a4d7a887,bff907fb219106040a0618f877557d4e
Assets/01.Sprites/00_New_Graphic_Resources/0_Placeholder_Assets/UI_Placeholder_Assets/Tool_and_Ingredient_Images_for_Recipes/Ingredient_Images/cola.png,Assets/01.Game/03.Content/03.Crafting/01.Preparation/UI/01.Sprites/Placeholders/RecipeIngredients/Ingredient_Images/cola.png,99f1cd37e59241e016d69dce2d22893013d3b2165168da9969ff56c5c6d40d59,a55f17a690da64b41b50f2212cb4deed
Assets/01.Sprites/00_New_Graphic_Resources/0_Placeholder_Assets/UI_Placeholder_Assets/Tool_and_Ingredient_Images_for_Recipes/Ingredient_Images/cola_decoration.png,Assets/02.ArtStaging/01.GoogleDrive/03.Crafting/01.Preparation/UI/01.Sprites/Placeholders/RecipeIngredients/Ingredient_Images/cola_decoration.png,a1beb7ce0055bdb0eae2f4302358737fa38d1b15be8cb0de124c7bcba2a22597,b41707d7d843cf548ad674043a2e7859
Assets/01.Sprites/00_New_Graphic_Resources/0_Placeholder_Assets/UI_Placeholder_Assets/Tool_and_Ingredient_Images_for_Recipes/Ingredient_Images/fresca_sparkling_water.png,Assets/01.Game/03.Content/03.Crafting/01.Preparation/UI/01.Sprites/Placeholders/RecipeIngredients/Ingredient_Images/fresca_sparkling_water.png,793c68cf305df310b81aea365d9b6fc2a701dc83f8c1d521eee89808a671533e,7a5c3c6652a5ea34780bc064f4a173a6
Assets/01.Sprites/00_New_Graphic_Resources/0_Placeholder_Assets/UI_Placeholder_Assets/Tool_and_Ingredient_Images_for_Recipes/Ingredient_Images/fresca_sparkling_water_decoration.png,Assets/02.ArtStaging/01.GoogleDrive/03.Crafting/01.Preparation/UI/01.Sprites/Placeholders/RecipeIngredients/Ingredient_Images/fresca_sparkling_water_decoration.png,a98d62b90a695c1ef874c96b10b6a67af6df7a6f0d9d2137b3d0b06f735b29f2,c656649447c58a04182295fcdebe3235
Assets/01.Sprites/00_New_Graphic_Resources/0_Placeholder_Assets/UI_Placeholder_Assets/Tool_and_Ingredient_Images_for_Recipes/Ingredient_Images/gin.png,Assets/01.Game/03.Content/03.Crafting/01.Preparation/UI/01.Sprites/Placeholders/RecipeIngredients/Ingredient_Images/gin.png,e5b74ff8e4133df181fe537717bd03799ca24584c573ca7f8b558e3fda1d6a43,04dbdd44a1f76334f8b86dfff3cebbb5
Assets/01.Sprites/00_New_Graphic_Resources/0_Placeholder_Assets/UI_Placeholder_Assets/Tool_and_Ingredient_Images_for_Recipes/Ingredient_Images/ginger_ale.png,Assets/01.Game/03.Content/03.Crafting/01.Preparation/UI/01.Sprites/Placeholders/RecipeIngredients/Ingredient_Images/ginger_ale.png,e53fca0da4ae6d26c8f42ad0a5c71474b5c0fbb4b7ae0d1bb24eeec309dac545,9755ee93893a553448ef8fa199a4eea7
Assets/01.Sprites/00_New_Graphic_Resources/0_Placeholder_Assets/UI_Placeholder_Assets/Tool_and_Ingredient_Images_for_Recipes/Ingredient_Images/ginger_ale_decoration.png,Assets/02.ArtStaging/01.GoogleDrive/03.Crafting/01.Preparation/UI/01.Sprites/Placeholders/RecipeIngredients/Ingredient_Images/ginger_ale_decoration.png,a3916656df781868d813b9e9b0cef230b49a68bfe9bae28f7844fd5f4bda26e3,4fc1be68c27822642bfed58c71201ed9
Assets/01.Sprites/00_New_Graphic_Resources/0_Placeholder_Assets/UI_Placeholder_Assets/Tool_and_Ingredient_Images_for_Recipes/Ingredient_Images/grenadine_syrup.png,Assets/01.Game/03.Content/03.Crafting/01.Preparation/UI/01.Sprites/Placeholders/RecipeIngredients/Ingredient_Images/grenadine_syrup.png,5ab46e1806eb3e678c82f780e4a82aaf33785c4044b29b8cbada5c2185d3fa24,4478e03f76b412744ad60f3860df7dd6
Assets/01.Sprites/00_New_Graphic_Resources/0_Placeholder_Assets/UI_Placeholder_Assets/Tool_and_Ingredient_Images_for_Recipes/Ingredient_Images/grey_goose_vodka.png,Assets/01.Game/03.Content/03.Crafting/01.Preparation/UI/01.Sprites/Placeholders/RecipeIngredients/Ingredient_Images/grey_goose_vodka.png,34aa3a7e6f626b20df80f71abcc0284f569d9241931879dcdb7ca4ffaf3fd8dd,085b244f9dcdde745b391ffd365b9827
Assets/01.Sprites/00_New_Graphic_Resources/0_Placeholder_Assets/UI_Placeholder_Assets/Tool_and_Ingredient_Images_for_Recipes/Ingredient_Images/johnnie_walker_whisky.png,Assets/01.Game/03.Content/03.Crafting/01.Preparation/UI/01.Sprites/Placeholders/RecipeIngredients/Ingredient_Images/johnnie_walker_whisky.png,952a0375a5e4c2cfa308f7e882fc268627b17894b27442fcf9d0282333750dd1,7de0e7f50dc09604a8ed3e54266461f5
Assets/01.Sprites/00_New_Graphic_Resources/0_Placeholder_Assets/UI_Placeholder_Assets/Tool_and_Ingredient_Images_for_Recipes/Ingredient_Images/martini_dry_vermouth.png,Assets/01.Game/03.Content/03.Crafting/01.Preparation/UI/01.Sprites/Placeholders/RecipeIngredients/Ingredient_Images/martini_dry_vermouth.png,46f01d8fb28bda67fcda37641ea1935da19fc1f6cafaee6f84b5c9a72b0ef0c5,0b7f1420dc621b047bbca79113d12987
Assets/01.Sprites/00_New_Graphic_Resources/0_Placeholder_Assets/UI_Placeholder_Assets/Tool_and_Ingredient_Images_for_Recipes/Ingredient_Images/orange_juice.png,Assets/01.Game/03.Content/03.Crafting/01.Preparation/UI/01.Sprites/Placeholders/RecipeIngredients/Ingredient_Images/orange_juice.png,f4388fbad145d86365785d31349808930fc60d054f31f42a6c39d78c0a4c76dc,ba8b97f32fae1b34cbc375d0e778237c
Assets/01.Sprites/00_New_Graphic_Resources/0_Placeholder_Assets/UI_Placeholder_Assets/Tool_and_Ingredient_Images_for_Recipes/Ingredient_Images/orange_juice_decoration.png,Assets/02.ArtStaging/01.GoogleDrive/03.Crafting/01.Preparation/UI/01.Sprites/Placeholders/RecipeIngredients/Ingredient_Images/orange_juice_decoration.png,6808b570c010539146dfa2b7b9433e57d68a029c2be8f9c02a9d7b0207913ef1,827c7ff9125fe8b48896b5b5e0bf95b6
Assets/01.Sprites/00_New_Graphic_Resources/0_Placeholder_Assets/UI_Placeholder_Assets/Tool_and_Ingredient_Images_for_Recipes/Ingredient_Images/red_wine.png,Assets/01.Game/03.Content/03.Crafting/01.Preparation/UI/01.Sprites/Placeholders/RecipeIngredients/Ingredient_Images/red_wine.png,dc139884c88c15d710d7800ae3fe2f6458498bf1433766e62a605bc66f1248ff,91ed3fe9869292442acd49e471755304
Assets/01.Sprites/00_New_Graphic_Resources/0_Placeholder_Assets/UI_Placeholder_Assets/Tool_and_Ingredient_Images_for_Recipes/Ingredient_Images/sour_mix.png,Assets/01.Game/03.Content/03.Crafting/01.Preparation/UI/01.Sprites/Placeholders/RecipeIngredients/Ingredient_Images/sour_mix.png,734b2180e90b7348fb2287aef9dc9c4f61d21a8951eababc4620de8d96d68ef3,6704388b9f4e62a46b894fee5941c5ad
Assets/01.Sprites/00_New_Graphic_Resources/0_Placeholder_Assets/UI_Placeholder_Assets/Tool_and_Ingredient_Images_for_Recipes/Ingredient_Images/sour_mix_decoration.png,Assets/02.ArtStaging/01.GoogleDrive/03.Crafting/01.Preparation/UI/01.Sprites/Placeholders/RecipeIngredients/Ingredient_Images/sour_mix_decoration.png,7be3d159a61559d2bf89f100079df2e829b79ad76eb95cbc44d228543258966d,b52cd7dc924c55444a762ae1b58415cd
Assets/01.Sprites/00_New_Graphic_Resources/0_Placeholder_Assets/UI_Placeholder_Assets/Tool_and_Ingredient_Images_for_Recipes/Ingredient_Images/tequila.png,Assets/01.Game/03.Content/03.Crafting/01.Preparation/UI/01.Sprites/Placeholders/RecipeIngredients/Ingredient_Images/tequila.png,c8fca3389dd3122825a29cdb9b7e181e051273dc45d76138110d26f160da9d19,0d6e5a80cc4237d4eb73c28dbc1d32c5
Assets/01.Sprites/00_New_Graphic_Resources/0_Placeholder_Assets/UI_Placeholder_Assets/Tool_and_Ingredient_Images_for_Recipes/Tools_for_Recipes/boston_shaker.png,Assets/02.ArtStaging/01.GoogleDrive/03.Crafting/01.Preparation/UI/01.Sprites/Placeholders/RecipeIngredients/Tools_for_Recipes/boston_shaker.png,f93ab1d4e44a08971375a68ffcd48bb1b064a1aa9aedb3345fd1d1705dc78c0c,0a115e55d12e6c644b7178988e8cae7b
Assets/01.Sprites/00_New_Graphic_Resources/0_Placeholder_Assets/UI_Placeholder_Assets/Tool_and_Ingredient_Images_for_Recipes/Tools_for_Recipes/bottle_opener.png,Assets/02.ArtStaging/01.GoogleDrive/03.Crafting/01.Preparation/UI/01.Sprites/Placeholders/RecipeIngredients/Tools_for_Recipes/bottle_opener.png,33b4cee9453158a6fdf5928b58346e255df6a72973bc54916a4fe4f44f1784ea,129328f56301dbc42a14b8db0866a8d9
Assets/01.Sprites/00_New_Graphic_Resources/0_Placeholder_Assets/UI_Placeholder_Assets/Tool_and_Ingredient_Images_for_Recipes/Tools_for_Recipes/mixing_glass.png,Assets/02.ArtStaging/01.GoogleDrive/03.Crafting/01.Preparation/UI/01.Sprites/Placeholders/RecipeIngredients/Tools_for_Recipes/mixing_glass.png,b5e6f1216303e9a0fae3ef70707f7db8d33d61021be7cf4396835bc20de60e79,c6f065bcc9c2fe14a8ee5166840932cb
Assets/01.Sprites/00_New_Graphic_Resources/1_Backgrounds_Interior/1_Dialogue_Screen/Customer_Positions/1_and_3_customers.png,Assets/02.ArtStaging/01.GoogleDrive/02.Environments/01.Bar/01.Sprites/Customer_Positions/1_and_3_customers.png,f3b82032d5fb0f0296c91733d59da7fac1d2cca07354244f8b1545a280471896,85b3eaed54abe6a4daac341ed107e0ff
Assets/01.Sprites/00_New_Graphic_Resources/1_Backgrounds_Interior/1_Dialogue_Screen/Customer_Positions/2_customers.png,Assets/02.ArtStaging/01.GoogleDrive/02.Environments/01.Bar/01.Sprites/Customer_Positions/2_customers.png,18c0f942212c4a6478a315b9b01350b46ab92b3cb4b176b5c089e33a2341218b,d938953708bc72446a5ec0d03cb624eb
Assets/01.Sprites/00_New_Graphic_Resources/1_Backgrounds_Interior/1_Dialogue_Screen/Legacy/Lighting_Off/dialogue_screen_full_shot_background_lighting_off_2026_05_06.png,Assets/02.ArtStaging/01.GoogleDrive/02.Environments/01.Bar/01.Sprites/Legacy/Lighting_Off/dialogue_screen_full_shot_background_lighting_off_2026_05_06.png,f6cbd0fb33da7670ae202f54b9837f192bbd949d23ec8bb0e44f39fed57bbd1e,c65cc975f3cdc874f9598bbfd0b13682
Assets/01.Sprites/00_New_Graphic_Resources/1_Backgrounds_Interior/1_Dialogue_Screen/Legacy/Lighting_Off/dialogue_screen_full_shot_foreground_lighting_off_2026_05_06.png,Assets/02.ArtStaging/01.GoogleDrive/02.Environments/01.Bar/01.Sprites/Legacy/Lighting_Off/dialogue_screen_full_shot_foreground_lighting_off_2026_05_06.png,d8d70ed5a44103aa24ee090f20a9a06624e30e132fdd44071826a9dbccb7e73c,efc894577b12ce04889290c5c56a7a95
Assets/01.Sprites/00_New_Graphic_Resources/1_Backgrounds_Interior/1_Dialogue_Screen/Legacy/Lighting_Off/dialogue_screen_full_shot_midground_lighting_off_2026_05_06.png,Assets/02.ArtStaging/01.GoogleDrive/02.Environments/01.Bar/01.Sprites/Legacy/Lighting_Off/dialogue_screen_full_shot_midground_lighting_off_2026_05_06.png,a81bf14e38884fb59d48c24a276445bf73d1f97328b6ed817f32623ddf19bc47,47e86e24592f3f3478a01a15c52c6f20
Assets/01.Sprites/00_New_Graphic_Resources/1_Backgrounds_Interior/1_Dialogue_Screen/Legacy/Lighting_Off/no_menu_board_dialogue_screen_full_shot_foreground_lighting_off_2026_05_26.png,Assets/02.ArtStaging/01.GoogleDrive/02.Environments/01.Bar/01.Sprites/Legacy/Lighting_Off/no_menu_board_dialogue_screen_full_shot_foreground_lighting_off_2026_05_26.png,46aa72e61442639f8d5d26efc3f56131866ae9c4aedb0048b58cce747dddf261,bd0611c8e53e20341ad35163a11e803f
Assets/01.Sprites/00_New_Graphic_Resources/1_Backgrounds_Interior/1_Dialogue_Screen/Legacy/Lighting_On/dialogue_screen_full_shot_background_lighting_on_2026_05_06.png,Assets/02.ArtStaging/01.GoogleDrive/02.Environments/01.Bar/01.Sprites/Legacy/Lighting_On/dialogue_screen_full_shot_background_lighting_on_2026_05_06.png,6baf7612d522766c766ab083bd2bc11b21aa615a567e936103ea0331d2aec06d,f6d299a78a877194f91e9f9bd285d0b5
Assets/01.Sprites/00_New_Graphic_Resources/1_Backgrounds_Interior/1_Dialogue_Screen/Legacy/Lighting_On/dialogue_screen_full_shot_foreground_lighting_on_2026_05_06.png,Assets/02.ArtStaging/01.GoogleDrive/02.Environments/01.Bar/01.Sprites/Legacy/Lighting_On/dialogue_screen_full_shot_foreground_lighting_on_2026_05_06.png,221be44d58c0763704c107c5ebea3f10317662086e31ec8e1d047ccc2a3bdb1e,681981b4766711b4d8885be3a9d76d5d
Assets/01.Sprites/00_New_Graphic_Resources/1_Backgrounds_Interior/1_Dialogue_Screen/Legacy/Lighting_On/dialogue_screen_full_shot_midground_lighting_on_2026_05_06.png,Assets/02.ArtStaging/01.GoogleDrive/02.Environments/01.Bar/01.Sprites/Legacy/Lighting_On/dialogue_screen_full_shot_midground_lighting_on_2026_05_06.png,ce0d4e46e85bb2ab0fb391e8672eee574f5d4b6427b6a4f7422a58707dec1d30,8b9a403cc42a3d6488bb090d07f0f6b6
Assets/01.Sprites/00_New_Graphic_Resources/1_Backgrounds_Interior/1_Dialogue_Screen/Legacy/Lighting_On/no_menu_board_dialogue_screen_full_shot_foreground_lighting_on_2026_05_26.png,Assets/02.ArtStaging/01.GoogleDrive/02.Environments/01.Bar/01.Sprites/Legacy/Lighting_On/no_menu_board_dialogue_screen_full_shot_foreground_lighting_on_2026_05_26.png,9ab9e8721ba3573496b419f3c1d42d277873a225dac0ed01bf5f0b8052e895e5,c57acf5252131814b85edd81ab9b0ec8
Assets/01.Sprites/00_New_Graphic_Resources/1_Backgrounds_Interior/1_Dialogue_Screen/Legacy/dialogue_screen_full_shot_lighting_off.png,Assets/02.ArtStaging/01.GoogleDrive/02.Environments/01.Bar/01.Sprites/Legacy/dialogue_screen_full_shot_lighting_off.png,fcf5d76c4c9f862c2b404bba69352cfd4f9fbd96b077b70dae430df484c012a1,46e25de0e2e6a1046885ccdc520f27bd
Assets/01.Sprites/00_New_Graphic_Resources/1_Backgrounds_Interior/1_Dialogue_Screen/Legacy/dialogue_screen_full_shot_lighting_on.png,Assets/02.ArtStaging/01.GoogleDrive/02.Environments/01.Bar/01.Sprites/Legacy/dialogue_screen_full_shot_lighting_on.png,f1a4c223e7924e0f4b7f185c5c9d61cfefa9a3951b27f84404c7994c77b36a1d,4ee3e7bef8c9f1f45a47b50ac1117e52
Assets/01.Sprites/00_New_Graphic_Resources/1_Backgrounds_Interior/1_Dialogue_Screen/Legacy/no_menu_board_dialogue_screen_full_shot_lighting_off.png,Assets/02.ArtStaging/01.GoogleDrive/02.Environments/01.Bar/01.Sprites/Legacy/no_menu_board_dialogue_screen_full_shot_lighting_off.png,ba6771e5cec6b1ff1a0d5e9f1cbae1defe68faa21d00386ca7d58a77f55adb02,3f5811d5a83132b4e9e7e691f41e1b4c
Assets/01.Sprites/00_New_Graphic_Resources/1_Backgrounds_Interior/1_Dialogue_Screen/Legacy/no_menu_board_dialogue_screen_full_shot_lighting_on.png,Assets/02.ArtStaging/01.GoogleDrive/02.Environments/01.Bar/01.Sprites/Legacy/no_menu_board_dialogue_screen_full_shot_lighting_on.png,0a8848599a42f643dba6a69f7b9100193625deb3ec7043024f06ba2bbff45c35,f48aa6d5da2b1d248a65f9ae5b182f77
Assets/01.Sprites/00_New_Graphic_Resources/1_Backgrounds_Interior/1_Dialogue_Screen/dialogue_screen_background.png,Assets/02.ArtStaging/01.GoogleDrive/02.Environments/01.Bar/01.Sprites/dialogue_screen_background.png,3cacbad0e284d1ba31f93cf34b6cad07ed788f01b91adde1af5b53b8ac041e20,7da1b3b1defa36942b345e5b6fd0d23b
Assets/01.Sprites/00_New_Graphic_Resources/1_Backgrounds_Interior/1_Dialogue_Screen/dialogue_screen_foreground.png,Assets/02.ArtStaging/01.GoogleDrive/02.Environments/01.Bar/01.Sprites/dialogue_screen_foreground.png,f7e4bbac5684e1ada03fb5bd79fecc27ce51fbaf45ddd0dd6cba444e01d6b87c,f311eac02dec13f4cbc4181a3c39b6b5
Assets/01.Sprites/00_New_Graphic_Resources/1_Backgrounds_Interior/1_Dialogue_Screen/dialogue_screen_full_shot.png,Assets/02.ArtStaging/01.GoogleDrive/02.Environments/01.Bar/01.Sprites/dialogue_screen_full_shot.png,95990f459491fc62b9d3cad30b04f5fc40c6606d12c0a0a1118271a2ff6a44bb,9781db9a555751c4cb94535bf7c2ba43
Assets/01.Sprites/00_New_Graphic_Resources/1_Backgrounds_Interior/1_Dialogue_Screen/dialogue_screen_midground.png,Assets/02.ArtStaging/01.GoogleDrive/02.Environments/01.Bar/01.Sprites/dialogue_screen_midground.png,60d948965292a1223468f6e6efc40fe2f38a8216f5c9b648bf4e9e7e8810523c,2322ecf3fd15d6749b401ef36a494aef
Assets/01.Sprites/00_New_Graphic_Resources/1_Backgrounds_Interior/2_Ingredient_Selection_Screen/Object_Positions/1_cocktail_glass_positions.png,Assets/02.ArtStaging/01.GoogleDrive/03.Crafting/01.Preparation/Background/01.Sprites/Object_Positions/1_cocktail_glass_positions.png,80417f8caf73960c1d3eb99212647e3bfe83be16f35841e69f4cac4940fa37aa,6e0b41a1d2ddd8c4caf196f6bd631b09
Assets/01.Sprites/00_New_Graphic_Resources/1_Backgrounds_Interior/2_Ingredient_Selection_Screen/Object_Positions/2_tool_positions.png,Assets/02.ArtStaging/01.GoogleDrive/03.Crafting/01.Preparation/Background/01.Sprites/Object_Positions/2_tool_positions.png,ba868de247e43c50d12fa363d2e677c5ecf01fda82cc0e8939d7359f698a600c,510aac7953681db4facd43875ef4a25a
Assets/01.Sprites/00_New_Graphic_Resources/1_Backgrounds_Interior/2_Ingredient_Selection_Screen/Object_Positions/3_regular_shelf_positions.png,Assets/02.ArtStaging/01.GoogleDrive/03.Crafting/01.Preparation/Background/01.Sprites/Object_Positions/3_regular_shelf_positions.png,7d9b04622f93d1257c454e8f667f6b8f0467603e390ac25e0ca138f9fb2751ee,f21a29abec17775439857ec3a7bfff8a
Assets/01.Sprites/00_New_Graphic_Resources/1_Backgrounds_Interior/2_Ingredient_Selection_Screen/Object_Positions/4_refrigerator_shelf_positions.png,Assets/02.ArtStaging/01.GoogleDrive/03.Crafting/01.Preparation/Background/01.Sprites/Object_Positions/4_refrigerator_shelf_positions.png,422aecd123ca1b4131444715f0354b899a4cadd6d785813b83b1f2a5f1954bd5,62028fed83de73f47b1de91ae1d541c6
Assets/01.Sprites/00_New_Graphic_Resources/1_Backgrounds_Interior/2_Ingredient_Selection_Screen/glass_selection.png,Assets/01.Game/03.Content/03.Crafting/01.Preparation/Background/01.Sprites/glass_selection.png,7a28dfafae4dff4ce00d8c605078dbb71fdcd0c14ba9a6c5bcd259bb383328b1,96c685787d223f6498caceb986a310a0
Assets/01.Sprites/00_New_Graphic_Resources/1_Backgrounds_Interior/2_Ingredient_Selection_Screen/refrigerator_shelf.png,Assets/01.Game/03.Content/03.Crafting/01.Preparation/Background/01.Sprites/refrigerator_shelf.png,e4fe31264def9eae1a0d47a01bd5afcd9cb1801185c76b89a0bbe0f8fa7bf20a,1cda4db83bddc3145baa4ecde01ce9f2
Assets/01.Sprites/00_New_Graphic_Resources/1_Backgrounds_Interior/2_Ingredient_Selection_Screen/regular_shelf.png,Assets/01.Game/03.Content/03.Crafting/01.Preparation/Background/01.Sprites/regular_shelf.png,7b7585ab06e2330302a1815138e210bd148fb016fa868a84972ed17d28265c0e,2ec832c64408b234cad067597fa82ffc
Assets/01.Sprites/00_New_Graphic_Resources/1_Backgrounds_Interior/2_Ingredient_Selection_Screen/tool_selection.png,Assets/01.Game/03.Content/03.Crafting/01.Preparation/Background/01.Sprites/tool_selection.png,51be391bb1c8dac7f597e9b749a541305e5010a0fb7b71642a4cf61506d1a088,95631080d21986b488d5faa8fc193f54
Assets/01.Sprites/00_New_Graphic_Resources/1_Backgrounds_Interior/3_Minigame_Screen/cocktail_making_minigame.png,Assets/01.Game/03.Content/03.Crafting/04.Minigames/01.Shared/Background/01.Sprites/cocktail_making_minigame.png,d61d2c394723054ad8d944a9581c184c2c1ccc7dca84f53576f249e68e506ab3,f5b4558100cd6164f8359af7c172ae57
Assets/01.Sprites/00_New_Graphic_Resources/1_Backgrounds_Interior/3_Minigame_Screen/shaking_minigame.png,Assets/02.ArtStaging/01.GoogleDrive/03.Crafting/04.Minigames/01.Shared/Background/01.Sprites/shaking_minigame.png,2741ec4e2ccc3359b4dbe4beddb4ca8d755de592cb709651fc293c02d2c018f8,e5819387ff9131943ac470268dac05d3
Assets/01.Sprites/00_New_Graphic_Resources/1_Backgrounds_Interior/3_Minigame_Screen/stirring_minigame.png,Assets/01.Game/03.Content/03.Crafting/04.Minigames/01.Shared/Background/01.Sprites/stirring_minigame.png,835ce2f129c80cc2ac56a14d46eb156386fbc64dcd5835bf3a36ad972fbfe9c8,4459b2013a67e934da65d1e88e27d967
Assets/01.Sprites/00_New_Graphic_Resources/2_Backgrounds_Exterior/1_Exterior_Street_Full_Shot/Final/Elevator/Masks/elevator_body.png,Assets/02.ArtStaging/01.GoogleDrive/02.Environments/02.Street/01.Sprites/Final/Elevator/Masks/elevator_body.png,1382774fac2492e20b7f7b7a43ece947cc5332c7fffd8ea075417d2500d1bf91,66e2d18b101f6fc4e85f3f67cd9347c8
Assets/01.Sprites/00_New_Graphic_Resources/2_Backgrounds_Exterior/1_Exterior_Street_Full_Shot/Final/Elevator/Masks/elevator_door.png,Assets/02.ArtStaging/01.GoogleDrive/02.Environments/02.Street/01.Sprites/Final/Elevator/Masks/elevator_door.png,9477c7aff32bf82091f34e45846001f83b8ccb2af85b604a9649a494b9d0f23d,b3df3a3691227bc489e35c217474e435
Assets/01.Sprites/00_New_Graphic_Resources/2_Backgrounds_Exterior/1_Exterior_Street_Full_Shot/Final/Elevator/Masks/elevator_front_layer.png,Assets/02.ArtStaging/01.GoogleDrive/02.Environments/02.Street/01.Sprites/Final/Elevator/Masks/elevator_front_layer.png,b5d516c001b20b3b1023ece75ceb6224aa622d2d730a1c969d4444de194bc9fc,77ac9b0565994f04f937a9afd0145c4f
Assets/01.Sprites/00_New_Graphic_Resources/2_Backgrounds_Exterior/1_Exterior_Street_Full_Shot/Final/Elevator/elevator_body.png,Assets/02.ArtStaging/01.GoogleDrive/02.Environments/02.Street/01.Sprites/Final/Elevator/elevator_body.png,a6cb4f2caa2edce31b419d557cd7299aad56f656f336db1d10ece76a24f28dfe,d7b9639a08e34834f8a3f7df1753b689
Assets/01.Sprites/00_New_Graphic_Resources/2_Backgrounds_Exterior/1_Exterior_Street_Full_Shot/Final/Elevator/elevator_door.png,Assets/02.ArtStaging/01.GoogleDrive/02.Environments/02.Street/01.Sprites/Final/Elevator/elevator_door.png,d6d9f0b9c4056c458ba84a8158ff4aabe4b1d87baa088029d6e2894fdcb84060,f828916cb43078d4fb2f205c46a96b3b
Assets/01.Sprites/00_New_Graphic_Resources/2_Backgrounds_Exterior/1_Exterior_Street_Full_Shot/Final/Elevator/elevator_front_layer.png,Assets/02.ArtStaging/01.GoogleDrive/02.Environments/02.Street/01.Sprites/Final/Elevator/elevator_front_layer.png,7804fb0ce01e52cdffa21ec070398992475c03a8cca95a3fdf716047cb3b8958,c47db8ea80e43e54ebd9ab8820a134af
Assets/01.Sprites/00_New_Graphic_Resources/2_Backgrounds_Exterior/1_Exterior_Street_Full_Shot/Final/Elevator/elevator_support.png,Assets/02.ArtStaging/01.GoogleDrive/02.Environments/02.Street/01.Sprites/Final/Elevator/elevator_support.png,a2c3aaa197a0318ee268f1f325718356d674213e72d6e497bb61c0e3da3c4149,01a601a1bfa06db4a80e46b75d8bce6c
Assets/01.Sprites/00_New_Graphic_Resources/2_Backgrounds_Exterior/1_Exterior_Street_Full_Shot/Final/Lights/A_light.png,Assets/02.ArtStaging/01.GoogleDrive/02.Environments/02.Street/01.Sprites/Final/Lights/A_light.png,55486b3ba9da0f1380ae1588493290cd4ffa596c34cbeff2b18f2f3f19079b68,89e9a32ab15a9584f924dc9192a51b55
Assets/01.Sprites/00_New_Graphic_Resources/2_Backgrounds_Exterior/1_Exterior_Street_Full_Shot/Final/Lights/B_light.png,Assets/02.ArtStaging/01.GoogleDrive/02.Environments/02.Street/01.Sprites/Final/Lights/B_light.png,77dc733f9a8b30307ae9a91fb3571e02a4bebaec7d84fb2e8743a7ade408d31c,2b88f837a195dd1438a058c66b2d866c
Assets/01.Sprites/00_New_Graphic_Resources/2_Backgrounds_Exterior/1_Exterior_Street_Full_Shot/Final/Lights/elevator_light.png,Assets/02.ArtStaging/01.GoogleDrive/02.Environments/02.Street/01.Sprites/Final/Lights/elevator_light.png,9d7357eb39e72902a14e18876aa013b1f3c42c2fc268d90a218eb45a99f60df4,667cac3d788fc474cb8ca9f47885e4a7
Assets/01.Sprites/00_New_Graphic_Resources/2_Backgrounds_Exterior/1_Exterior_Street_Full_Shot/Final/Objects/interactive_object.png,Assets/02.ArtStaging/01.GoogleDrive/02.Environments/02.Street/01.Sprites/Final/Objects/interactive_object.png,9835eded93dcfe16aec06d4f0e4e9b740abaf484f8f815991e2a25f765a679c4,19449391b4c9c9c46b34d4f3eaeb6219
Assets/01.Sprites/00_New_Graphic_Resources/2_Backgrounds_Exterior/1_Exterior_Street_Full_Shot/Final/Objects/object_1.png,Assets/02.ArtStaging/01.GoogleDrive/02.Environments/02.Street/01.Sprites/Final/Objects/object_1.png,9dcfd9c8dbd5daecbec4aaadd7fbc828bcbd3820166e5200ddcbb45b9d7ca8ba,7f3ca11dec7bb7b45b39136adcc953c9
Assets/01.Sprites/00_New_Graphic_Resources/2_Backgrounds_Exterior/1_Exterior_Street_Full_Shot/Final/Objects/object_2.png,Assets/02.ArtStaging/01.GoogleDrive/02.Environments/02.Street/01.Sprites/Final/Objects/object_2.png,1fd20b73ef5676dd1a3b61b8f10697e0136d9b0669322f2c9a31f7aa363af41d,95ddf6a3d15070f47857e141af2620d9
Assets/01.Sprites/00_New_Graphic_Resources/2_Backgrounds_Exterior/1_Exterior_Street_Full_Shot/Final/Separated_Layers/C_background_1.png,Assets/02.ArtStaging/01.GoogleDrive/02.Environments/02.Street/01.Sprites/Final/Separated_Layers/C_background_1.png,58c3b57b08591e51c0bd486f23ef5260ec35761160e912252a7e9f8b7ba46228,db3f951adaea1904babad91552b7ccd1
Assets/01.Sprites/00_New_Graphic_Resources/2_Backgrounds_Exterior/1_Exterior_Street_Full_Shot/Final/Separated_Layers/C_background_2.png,Assets/02.ArtStaging/01.GoogleDrive/02.Environments/02.Street/01.Sprites/Final/Separated_Layers/C_background_2.png,8e7b981e6be6109b353a75f59b8d81abe3ebc2d494a32715f7272328b3b5a8db,e1c891cf21ecd6849b228b0900e335d7
Assets/01.Sprites/00_New_Graphic_Resources/2_Backgrounds_Exterior/1_Exterior_Street_Full_Shot/Final/Separated_Layers/area_A_foreground_building.png,Assets/02.ArtStaging/01.GoogleDrive/02.Environments/02.Street/01.Sprites/Final/Separated_Layers/area_A_foreground_building.png,f2d7f2226530315c4784aba372700836ffc51b1cd94155d1c38ae2cb6604c80a,5531c4e9d778f5d46a192de61ee1846c
Assets/01.Sprites/00_New_Graphic_Resources/2_Backgrounds_Exterior/1_Exterior_Street_Full_Shot/Final/Separated_Layers/area_A_midground_1.png,Assets/02.ArtStaging/01.GoogleDrive/02.Environments/02.Street/01.Sprites/Final/Separated_Layers/area_A_midground_1.png,2fd8d73ccc0145be814952a84921df69a5b474d57b3c8e69ef43d81460e01740,402c28531edfbcf41ba86e003f62d159
Assets/01.Sprites/00_New_Graphic_Resources/2_Backgrounds_Exterior/1_Exterior_Street_Full_Shot/Final/Separated_Layers/area_A_midground_2.png,Assets/02.ArtStaging/01.GoogleDrive/02.Environments/02.Street/01.Sprites/Final/Separated_Layers/area_A_midground_2.png,8af46920831ecfff9633c0d108abe2e1a4f00e345bb12ada8997f5136e6bf82b,71ceb3965b4c01544985db27abedaf60
Assets/01.Sprites/00_New_Graphic_Resources/2_Backgrounds_Exterior/1_Exterior_Street_Full_Shot/Final/Separated_Layers/area_B_foreground_building.png,Assets/02.ArtStaging/01.GoogleDrive/02.Environments/02.Street/01.Sprites/Final/Separated_Layers/area_B_foreground_building.png,31b8e3b4a909cba1fb937543254df147a612f52db717db5316cd595f72950b0d,840aff31bb774fc4cab9227e37bb94df
Assets/01.Sprites/00_New_Graphic_Resources/2_Backgrounds_Exterior/1_Exterior_Street_Full_Shot/Final/Separated_Layers/area_B_foreground_streetlight.png,Assets/02.ArtStaging/01.GoogleDrive/02.Environments/02.Street/01.Sprites/Final/Separated_Layers/area_B_foreground_streetlight.png,80178c06e65850062d761f9523ad2396ce53d9708d124a740e38f9e9073fc072,af03afeb8fe918b48b754ec763061eb7
Assets/01.Sprites/00_New_Graphic_Resources/2_Backgrounds_Exterior/1_Exterior_Street_Full_Shot/Final/Separated_Layers/area_C_midground_1.png,Assets/02.ArtStaging/01.GoogleDrive/02.Environments/02.Street/01.Sprites/Final/Separated_Layers/area_C_midground_1.png,ac30cc7049369f24a8976ad5dc2b44f84f064b9491dd7aecfbd0e5d231632fb4,deb6db8731d433f44a92229f90d22c6e
Assets/01.Sprites/00_New_Graphic_Resources/2_Backgrounds_Exterior/1_Exterior_Street_Full_Shot/Final/Separated_Layers/area_C_midground_2.png,Assets/02.ArtStaging/01.GoogleDrive/02.Environments/02.Street/01.Sprites/Final/Separated_Layers/area_C_midground_2.png,f6d48b7443f092122d09505020222059e92cf8da72df1e77e16b5102c430d06e,406bbb422ec042746a116fcf59306271
Assets/01.Sprites/00_New_Graphic_Resources/2_Backgrounds_Exterior/1_Exterior_Street_Full_Shot/Final/Separated_Layers/area_C_midground_2_object1.png,Assets/02.ArtStaging/01.GoogleDrive/02.Environments/02.Street/01.Sprites/Final/Separated_Layers/area_C_midground_2_object1.png,a3ab6dbb5a8c98c4480044411325a62c2ea623eb2ba25c9a9bf7ce92c4a376b1,258062de34ea5064e9648f4ae4d822ab
Assets/01.Sprites/00_New_Graphic_Resources/2_Backgrounds_Exterior/1_Exterior_Street_Full_Shot/Final/Separated_Layers/area_C_midground_2_object2.png,Assets/02.ArtStaging/01.GoogleDrive/02.Environments/02.Street/01.Sprites/Final/Separated_Layers/area_C_midground_2_object2.png,3d02b4e52acead9dfbd6baccec9ed6eda5debe9ee2ec7e9a2c8fa3911e9d36b7,6ea316eccb5848248b7a5cd70f37ef58
Assets/01.Sprites/00_New_Graphic_Resources/2_Backgrounds_Exterior/1_Exterior_Street_Full_Shot/Final/Separated_Layers/area_C_midground_3.png,Assets/02.ArtStaging/01.GoogleDrive/02.Environments/02.Street/01.Sprites/Final/Separated_Layers/area_C_midground_3.png,7808c918026bc44aff9e3e87b45a6e1d456053aca9959dfb62b69d2c01c77c26,9e90025c46cb6274c8f9e5468d7dc4ca
Assets/01.Sprites/00_New_Graphic_Resources/2_Backgrounds_Exterior/1_Exterior_Street_Full_Shot/Final/Separated_Layers/fence.png,Assets/02.ArtStaging/01.GoogleDrive/02.Environments/02.Street/01.Sprites/Final/Separated_Layers/fence.png,e3aebb68e13740619721f150b47c0e7561191e212f48dd02dfb79edfdaec327b,a227285f2fd100346b6c85ff4f5c1595
Assets/01.Sprites/00_New_Graphic_Resources/2_Backgrounds_Exterior/1_Exterior_Street_Full_Shot/Final/Separated_Layers/floor_1_ground.png,Assets/02.ArtStaging/01.GoogleDrive/02.Environments/02.Street/01.Sprites/Final/Separated_Layers/floor_1_ground.png,41b32e64ba15abfe60b10689eabcc8ae56e9992e55a9360c0724b8b6837fbb81,7a8f7a67c4535444cb06bc31878ac9af
Assets/01.Sprites/00_New_Graphic_Resources/2_Backgrounds_Exterior/1_Exterior_Street_Full_Shot/Final/Separated_Layers/floor_1_left_foreground_building.png,Assets/02.ArtStaging/01.GoogleDrive/02.Environments/02.Street/01.Sprites/Final/Separated_Layers/floor_1_left_foreground_building.png,89e3850b54b5237376f57602a0b6ea9ca651681b17bf870f7dcd521188886fe5,4fa244aa082348d4c92d128c5ceb2030
Assets/01.Sprites/00_New_Graphic_Resources/2_Backgrounds_Exterior/1_Exterior_Street_Full_Shot/Final/Separated_Layers/floor_2_ground.png,Assets/02.ArtStaging/01.GoogleDrive/02.Environments/02.Street/01.Sprites/Final/Separated_Layers/floor_2_ground.png,6d43804e28dcaef3e518ec521c7078163462ba82d8cbe54dbf7637b1ddf8f92d,3aa902711bc0e7144930f9ccd2d6c044
Assets/01.Sprites/00_New_Graphic_Resources/2_Backgrounds_Exterior/1_Exterior_Street_Full_Shot/Final/Separated_Layers/near_foreground_1.png,Assets/02.ArtStaging/01.GoogleDrive/02.Environments/02.Street/01.Sprites/Final/Separated_Layers/near_foreground_1.png,3c56e129d59ff10084ad823b1fccf1ee703d58127e90da9074dd8c8d126b05c6,13c9bfe447518984f8aa230152362d6e
Assets/01.Sprites/00_New_Graphic_Resources/2_Backgrounds_Exterior/1_Exterior_Street_Full_Shot/Final/Separated_Layers/near_foreground_2.png,Assets/02.ArtStaging/01.GoogleDrive/02.Environments/02.Street/01.Sprites/Final/Separated_Layers/near_foreground_2.png,efbee9561d70e502e9c4a88b5551ed3bba7e6f6119f6dbf312d959426fbaa42b,b887289a59cf00f4d9b1c5a8c10da34a
Assets/01.Sprites/00_New_Graphic_Resources/2_Backgrounds_Exterior/1_Exterior_Street_Full_Shot/Final/Vignette.png,Assets/02.ArtStaging/01.GoogleDrive/02.Environments/02.Street/01.Sprites/Final/Vignette.png,c3471aa5e1840a191556354f2ece1d35eed845395aad02d75eb26596a00089fd,13b36a9caba04b348877441241dd1fd1
Assets/01.Sprites/00_New_Graphic_Resources/2_Backgrounds_Exterior/1_Exterior_Street_Full_Shot/Final/sky.png,Assets/02.ArtStaging/01.GoogleDrive/02.Environments/02.Street/01.Sprites/Final/sky.png,077d7eeeba7ded061ae2af457da473e1ec83488ea63cb2f286e7bc944359881b,e8238aa9196fd3349831636c1e9618dc
Assets/01.Sprites/00_New_Graphic_Resources/2_Backgrounds_Exterior/1_Exterior_Street_Full_Shot/Lighting_Test/Area_A/area_A.png,Assets/02.ArtStaging/01.GoogleDrive/02.Environments/02.Street/01.Sprites/Lighting_Test/Area_A/area_A.png,29cc2fde0c6d6338daee0b55b55d8d585a637b806f26da085f533a8c4f5f7136,8ce2e1a65e184b548ac2163f1d0d26e8
Assets/01.Sprites/00_New_Graphic_Resources/2_Backgrounds_Exterior/1_Exterior_Street_Full_Shot/Lighting_Test/Area_A/area_A_region.png,Assets/02.ArtStaging/01.GoogleDrive/02.Environments/02.Street/01.Sprites/Lighting_Test/Area_A/area_A_region.png,0d3a3a4193a6b45d59d950de7d86c6e74ff01ba38703de20f6d1bd5c3fcbf45c,db7844be86fb76741b36b4c464e51307
Assets/01.Sprites/00_New_Graphic_Resources/2_Backgrounds_Exterior/1_Exterior_Street_Full_Shot/Lighting_Test/Area_A/light_source.png,Assets/02.ArtStaging/01.GoogleDrive/02.Environments/02.Street/01.Sprites/Lighting_Test/Area_A/light_source.png,d489041a319e19bb7873f709031c91a16aa4dcf61ca092c5ea0b96ca9ad9128e,7bc4ac86949663a4daee205673699331
Assets/01.Sprites/00_New_Graphic_Resources/2_Backgrounds_Exterior/1_Exterior_Street_Full_Shot/Lighting_Test/Area_B/alpha.png,Assets/02.ArtStaging/01.GoogleDrive/02.Environments/02.Street/01.Sprites/Lighting_Test/Area_B/alpha.png,766a83572f3b2e334631a6bcaddb8693bcd0ad55630530dff92f17b655a293e8,22d4e31103e0ed34d847cbfd24e12160
Assets/01.Sprites/00_New_Graphic_Resources/2_Backgrounds_Exterior/1_Exterior_Street_Full_Shot/Lighting_Test/Area_B/area_B.png,Assets/02.ArtStaging/01.GoogleDrive/02.Environments/02.Street/01.Sprites/Lighting_Test/Area_B/area_B.png,4d275b95db8f7f65a8715a687fdc67f772e97113858df5395a0ab7bdd0790866,69a931044d6b16a4cab4c20ec43c20df
Assets/01.Sprites/00_New_Graphic_Resources/2_Backgrounds_Exterior/1_Exterior_Street_Full_Shot/Lighting_Test/Area_B/area_B_region.png,Assets/02.ArtStaging/01.GoogleDrive/02.Environments/02.Street/01.Sprites/Lighting_Test/Area_B/area_B_region.png,2587c9cb4c0cb4beebfc2a5f68104aa95ce1792cbb1c043dac3068bc9b26cebd,3dc6a8dc5ce645843b6acc132b4b4674
Assets/01.Sprites/00_New_Graphic_Resources/2_Backgrounds_Exterior/1_Exterior_Street_Full_Shot/Lighting_Test/Area_B/light_source.png,Assets/02.ArtStaging/01.GoogleDrive/02.Environments/02.Street/01.Sprites/Lighting_Test/Area_B/light_source.png,cb3110ae272c3c8b67314ff11dce9c700268398b07aef2b49bf5695a8484ba5f,cbe638e2880fa1f4a935c01e5bdd83b6
Assets/01.Sprites/00_New_Graphic_Resources/2_Backgrounds_Exterior/1_Exterior_Street_Full_Shot/Lighting_Test/Area_C/city_light_1.png,Assets/02.ArtStaging/01.GoogleDrive/02.Environments/02.Street/01.Sprites/Lighting_Test/Area_C/city_light_1.png,7d592d518d250c8f2dbdec2d1f7368e420b28d2263cf0eacd6663f7007a284f8,a932a5db31857b34fbbd678d67368866
Assets/01.Sprites/00_New_Graphic_Resources/2_Backgrounds_Exterior/1_Exterior_Street_Full_Shot/Lighting_Test/Area_C/city_light_2.png,Assets/02.ArtStaging/01.GoogleDrive/02.Environments/02.Street/01.Sprites/Lighting_Test/Area_C/city_light_2.png,b6c5cecd34ef1d78018ff46996c042011a4b96375f0fd6667f87016daefffd2d,ae2c4d6c782804b4592cdd77e068422d
Assets/01.Sprites/00_New_Graphic_Resources/2_Backgrounds_Exterior/1_Exterior_Street_Full_Shot/Lighting_Test/Area_C/city_light_3.png,Assets/02.ArtStaging/01.GoogleDrive/02.Environments/02.Street/01.Sprites/Lighting_Test/Area_C/city_light_3.png,5fe6510c6cb3fb4de166839ac27f083ff8cd3744cd41149c24476734934cf7bc,4cdabcadf1153e64abe6100834eda4f5
Assets/01.Sprites/00_New_Graphic_Resources/2_Backgrounds_Exterior/1_Exterior_Street_Full_Shot/Lighting_Test/Characters/luna_walk3_Sheet.png,Assets/02.ArtStaging/01.GoogleDrive/02.Environments/02.Street/01.Sprites/Lighting_Test/Characters/luna_walk3_Sheet.png,3770026ca5494dacffe9a5e92c1aec6bf2690875f1ea4145464f78e422e97103,cdd58550eb6eea04f8d85ae8dac17c14
Assets/01.Sprites/00_New_Graphic_Resources/2_Backgrounds_Exterior/1_Exterior_Street_Full_Shot/Lighting_Test/Characters/luna_walk3_Sheet2.png,Assets/02.ArtStaging/01.GoogleDrive/02.Environments/02.Street/01.Sprites/Lighting_Test/Characters/luna_walk3_Sheet2.png,f376faa6c76745ca550bee83b16116e634de990ada620057494bfb25f73bfaf5,69933dab20a7cb841a60d088766e1995
Assets/01.Sprites/00_New_Graphic_Resources/2_Backgrounds_Exterior/1_Exterior_Street_Full_Shot/Lighting_Test/Characters/luna_walk3_Sheet_mask.png,Assets/02.ArtStaging/01.GoogleDrive/02.Environments/02.Street/01.Sprites/Lighting_Test/Characters/luna_walk3_Sheet_mask.png,a34d1012de571e7495754d8c023bfffb436b4dea67673ea4cf2498faef71a4eb,0774f6f8554b495408fa509afffd9189
Assets/01.Sprites/00_New_Graphic_Resources/2_Backgrounds_Exterior/1_Exterior_Street_Full_Shot/Lighting_Test/Separated_Layers/C_background.png,Assets/02.ArtStaging/01.GoogleDrive/02.Environments/02.Street/01.Sprites/Lighting_Test/Separated_Layers/C_background.png,bc4d8b24fa6d2f46d9b711311639d1eda5d8a58efee3c6dd8ee05eb67f1f1b02,f405f17fe45c5e54e8b87c1b342b6272
Assets/01.Sprites/00_New_Graphic_Resources/2_Backgrounds_Exterior/1_Exterior_Street_Full_Shot/Lighting_Test/Separated_Layers/area_A_foreground_building.png,Assets/02.ArtStaging/01.GoogleDrive/02.Environments/02.Street/01.Sprites/Lighting_Test/Separated_Layers/area_A_foreground_building.png,fa0a555ad2d158c9b9c577b943373d88a527076236ef1e7bfb12bbb9cb6c705a,c6707efd24bd3214e9f96ab53ab12ca4
Assets/01.Sprites/00_New_Graphic_Resources/2_Backgrounds_Exterior/1_Exterior_Street_Full_Shot/Lighting_Test/Separated_Layers/area_A_foreground_object.png,Assets/02.ArtStaging/01.GoogleDrive/02.Environments/02.Street/01.Sprites/Lighting_Test/Separated_Layers/area_A_foreground_object.png,47e3e7cade8d2e59cf79ab34c16c0bd244074c2802f415ee265a4258ef36d481,f844f7a63cceaa74a95fc12d4c31ae7a
Assets/01.Sprites/00_New_Graphic_Resources/2_Backgrounds_Exterior/1_Exterior_Street_Full_Shot/Lighting_Test/Separated_Layers/area_A_midground_1.png,Assets/02.ArtStaging/01.GoogleDrive/02.Environments/02.Street/01.Sprites/Lighting_Test/Separated_Layers/area_A_midground_1.png,437fade9faf11057f42aa7d085ee320634f1379421caae52041ac7a2e02b22ee,fe906e61628c20347830bb312ab5e1c7
Assets/01.Sprites/00_New_Graphic_Resources/2_Backgrounds_Exterior/1_Exterior_Street_Full_Shot/Lighting_Test/Separated_Layers/area_A_midground_2.png,Assets/02.ArtStaging/01.GoogleDrive/02.Environments/02.Street/01.Sprites/Lighting_Test/Separated_Layers/area_A_midground_2.png,b1e1803442e282da82b370b9a747afa538e1c76f7c7c83be29266bfab2f2671d,4ff7df4c47ec7344e978b92b98724f6a
Assets/01.Sprites/00_New_Graphic_Resources/2_Backgrounds_Exterior/1_Exterior_Street_Full_Shot/Lighting_Test/Separated_Layers/area_B_foreground_building.png,Assets/02.ArtStaging/01.GoogleDrive/02.Environments/02.Street/01.Sprites/Lighting_Test/Separated_Layers/area_B_foreground_building.png,4d275b95db8f7f65a8715a687fdc67f772e97113858df5395a0ab7bdd0790866,1222de50d6604984caa7cf837141c5e6
Assets/01.Sprites/00_New_Graphic_Resources/2_Backgrounds_Exterior/1_Exterior_Street_Full_Shot/Lighting_Test/Separated_Layers/area_B_foreground_object.png,Assets/02.ArtStaging/01.GoogleDrive/02.Environments/02.Street/01.Sprites/Lighting_Test/Separated_Layers/area_B_foreground_object.png,f38d48afff6dc9859e6adad6de46af2ac4da36e55b7103c59719bdde0783883c,3fe7d2f559d7b854caac6d321bd9b04d
Assets/01.Sprites/00_New_Graphic_Resources/2_Backgrounds_Exterior/1_Exterior_Street_Full_Shot/Lighting_Test/Separated_Layers/area_B_foreground_streetlight.png,Assets/02.ArtStaging/01.GoogleDrive/02.Environments/02.Street/01.Sprites/Lighting_Test/Separated_Layers/area_B_foreground_streetlight.png,b9f3087ffa75257a1bcc94744c654fe6bc4a0ff70b25f0b287344a55fad726a9,b92ba0dd1684c59418adbf16b2a58ea8
Assets/01.Sprites/00_New_Graphic_Resources/2_Backgrounds_Exterior/1_Exterior_Street_Full_Shot/Lighting_Test/Separated_Layers/area_C_midground_1.png,Assets/02.ArtStaging/01.GoogleDrive/02.Environments/02.Street/01.Sprites/Lighting_Test/Separated_Layers/area_C_midground_1.png,ed9c491c2e08d8c730428841d99fe62736af955608f68b4109296669a362216e,0667fd7183558e6489b5dfe329d7f236
Assets/01.Sprites/00_New_Graphic_Resources/2_Backgrounds_Exterior/1_Exterior_Street_Full_Shot/Lighting_Test/Separated_Layers/area_C_midground_2.png,Assets/02.ArtStaging/01.GoogleDrive/02.Environments/02.Street/01.Sprites/Lighting_Test/Separated_Layers/area_C_midground_2.png,660087c4c38bef4b614173bbd2ff2419193949fe97cee1259ad89cc9de28dc49,0c12e377a462f6e4c99156c9f61a0437
Assets/01.Sprites/00_New_Graphic_Resources/2_Backgrounds_Exterior/1_Exterior_Street_Full_Shot/Lighting_Test/Separated_Layers/area_C_midground_2_object1.png,Assets/02.ArtStaging/01.GoogleDrive/02.Environments/02.Street/01.Sprites/Lighting_Test/Separated_Layers/area_C_midground_2_object1.png,aa14b2229c90c47dd053bfee778e43dd1d704dffb46e8e5cea8e464b1faeac2a,549b72b31306eca48969e38708fabb06
Assets/01.Sprites/00_New_Graphic_Resources/2_Backgrounds_Exterior/1_Exterior_Street_Full_Shot/Lighting_Test/Separated_Layers/area_C_midground_2_object2.png,Assets/02.ArtStaging/01.GoogleDrive/02.Environments/02.Street/01.Sprites/Lighting_Test/Separated_Layers/area_C_midground_2_object2.png,2268ad617645ab2f90254e399e070b1e0c27029aff1a061bf850736938323761,643ec916bbd9c7245ace8b34a10e9d77
Assets/01.Sprites/00_New_Graphic_Resources/2_Backgrounds_Exterior/1_Exterior_Street_Full_Shot/Lighting_Test/Separated_Layers/elevator_body.png,Assets/02.ArtStaging/01.GoogleDrive/02.Environments/02.Street/01.Sprites/Lighting_Test/Separated_Layers/elevator_body.png,4ed2f8c2da1724f6f5debc6cf84ec43febc8e7a977b2ff7b1d9425bb097824b1,bdb55aec28c33ce48bf3b096cd64b06a
Assets/01.Sprites/00_New_Graphic_Resources/2_Backgrounds_Exterior/1_Exterior_Street_Full_Shot/Lighting_Test/Separated_Layers/elevator_door.png,Assets/02.ArtStaging/01.GoogleDrive/02.Environments/02.Street/01.Sprites/Lighting_Test/Separated_Layers/elevator_door.png,784cb94ff2aa2e80b962f0f2762758392ee205b9b834c4ca01e5720fd88736eb,d6ac0e93e3dbd2840bef49ee8ba81be6
Assets/01.Sprites/00_New_Graphic_Resources/2_Backgrounds_Exterior/1_Exterior_Street_Full_Shot/Lighting_Test/Separated_Layers/elevator_front_separated.png,Assets/02.ArtStaging/01.GoogleDrive/02.Environments/02.Street/01.Sprites/Lighting_Test/Separated_Layers/elevator_front_separated.png,7274d947ddb532f991fee2e308006f13cc282c1aea2bba98935d1bf6d2e02069,dabbcdf16deadb84b88bf84d36ee36f5
Assets/01.Sprites/00_New_Graphic_Resources/2_Backgrounds_Exterior/1_Exterior_Street_Full_Shot/Lighting_Test/Separated_Layers/elevator_support.png,Assets/02.ArtStaging/01.GoogleDrive/02.Environments/02.Street/01.Sprites/Lighting_Test/Separated_Layers/elevator_support.png,bbfe27b84a3d0638293878e880f78ce23a2fce167347b6cc44c8d6dff3c67c1f,87276222b5ee01143a78901da564d154
Assets/01.Sprites/00_New_Graphic_Resources/2_Backgrounds_Exterior/1_Exterior_Street_Full_Shot/Lighting_Test/Separated_Layers/fence.png,Assets/02.ArtStaging/01.GoogleDrive/02.Environments/02.Street/01.Sprites/Lighting_Test/Separated_Layers/fence.png,4e3b836c56bd39054083a6fd4d4a3f5b8bcb44839c3d520634c84efd48043701,880fc45d0022aad4486c32819be0e6e7
Assets/01.Sprites/00_New_Graphic_Resources/2_Backgrounds_Exterior/1_Exterior_Street_Full_Shot/Lighting_Test/Separated_Layers/floor_1_ground.png,Assets/02.ArtStaging/01.GoogleDrive/02.Environments/02.Street/01.Sprites/Lighting_Test/Separated_Layers/floor_1_ground.png,e0cb355ed1dfa9dedb51a55d7a49a156f9c46575016472e477f35a1cd03bb7bb,38cdb5ea4714e6c4885bf0531c812e8d
Assets/01.Sprites/00_New_Graphic_Resources/2_Backgrounds_Exterior/1_Exterior_Street_Full_Shot/Lighting_Test/Separated_Layers/floor_1_left_foreground_building_undecided.png,Assets/02.ArtStaging/01.GoogleDrive/02.Environments/02.Street/01.Sprites/Lighting_Test/Separated_Layers/floor_1_left_foreground_building_undecided.png,60ba494e0b2538622c7fa9ba25a820305c42d6f305958c3993b5f63a745cfe95,145c733025b2fe446b16233cc25e9dbe
Assets/01.Sprites/00_New_Graphic_Resources/2_Backgrounds_Exterior/1_Exterior_Street_Full_Shot/Lighting_Test/Separated_Layers/floor_2_ground.png,Assets/02.ArtStaging/01.GoogleDrive/02.Environments/02.Street/01.Sprites/Lighting_Test/Separated_Layers/floor_2_ground.png,356d53c5a14d2a877783cb04de6b6ee4b42c35d32e5f275e103e6a1a8d46d390,dfe4c1cb39e3d3745b97027cd1afcbc9
Assets/01.Sprites/00_New_Graphic_Resources/2_Backgrounds_Exterior/1_Exterior_Street_Full_Shot/Lighting_Test/Separated_Layers/sky.png,Assets/02.ArtStaging/01.GoogleDrive/02.Environments/02.Street/01.Sprites/Lighting_Test/Separated_Layers/sky.png,ec711960553be8c5c76ee74a192afee738e5215999cf3b6966f76b5389d0cd87,af4984309c642be41b976fded1d53e75
Assets/01.Sprites/00_New_Graphic_Resources/2_Backgrounds_Exterior/1_Exterior_Street_Full_Shot/Lighting_Test/Separated_Layers/streetlight.png,Assets/02.ArtStaging/01.GoogleDrive/02.Environments/02.Street/01.Sprites/Lighting_Test/Separated_Layers/streetlight.png,ae279bd9f215f6e4a7941421f0f17199907fb025363446110c9ed74d8c18f88e,2c30f2720131a5c4eadd7f6295dbdff5
Assets/01.Sprites/00_New_Graphic_Resources/2_Backgrounds_Exterior/1_Exterior_Street_Full_Shot/Lighting_Test/exterior_full_shot.png,Assets/02.ArtStaging/01.GoogleDrive/02.Environments/02.Street/01.Sprites/Lighting_Test/exterior_full_shot.png,7996619a9531cbf628dab69d22c3784e6a051af1a20091edfef3a87a96e91866,1cee3567752b1714ab0609e825f08452
Assets/01.Sprites/00_New_Graphic_Resources/2_Backgrounds_Exterior/1_Exterior_Street_Full_Shot/Lighting_Test/exterior_full_shot_2.png,Assets/02.ArtStaging/01.GoogleDrive/02.Environments/02.Street/01.Sprites/Lighting_Test/exterior_full_shot_2.png,7996619a9531cbf628dab69d22c3784e6a051af1a20091edfef3a87a96e91866,2b471b1ae6a18434f8d7b973375bb673
Assets/01.Sprites/00_New_Graphic_Resources/2_Backgrounds_Exterior/1_Exterior_Street_Full_Shot/Lighting_Test/exterior_full_shot_grid.png,Assets/02.ArtStaging/01.GoogleDrive/02.Environments/02.Street/01.Sprites/Lighting_Test/exterior_full_shot_grid.png,26cf983806c08a657b3ca1907764a16a37088526ee41f50e36cb4f5961febbb3,890d7b3e77b45f148986f675a575fdb6
Assets/01.Sprites/00_New_Graphic_Resources/2_Backgrounds_Exterior/1_Exterior_Street_Full_Shot/exterior_full_shot.png,Assets/02.ArtStaging/01.GoogleDrive/02.Environments/02.Street/01.Sprites/exterior_full_shot.png,e751ff7085b5d73fa3f4d1bfc272535154a325c797224a22d48ed4aacb98e254,891448c9b6edd3c4d959f081f6f965ee
Assets/01.Sprites/00_New_Graphic_Resources/2_Backgrounds_Exterior/1_Exterior_Street_Full_Shot/exterior_full_shot_grid.png,Assets/02.ArtStaging/01.GoogleDrive/02.Environments/02.Street/01.Sprites/exterior_full_shot_grid.png,5844531b0c0164336c8c6227ef1cc9b3792fe9adf0eccb7baa57536dcd3148e2,4d4b5ec863333814bb88d8005979068d
Assets/01.Sprites/00_New_Graphic_Resources/2_Backgrounds_Exterior/2_Chris_House_Interior/ChrishouseObject/ver_1/Blanket.png,Assets/02.ArtStaging/01.GoogleDrive/02.Environments/03.Home/Interior/01.Sprites/ChrishouseObject/ver_1/Blanket.png,ff0ea4a4603f9188a1f4e66941432952b3cf31eb0e4e555394e495a144a5c160,9462eb00c20171746803c5a7511d86f4
Assets/01.Sprites/00_New_Graphic_Resources/2_Backgrounds_Exterior/2_Chris_House_Interior/ChrishouseObject/ver_1/Chrishouse.png,Assets/02.ArtStaging/01.GoogleDrive/02.Environments/03.Home/Interior/01.Sprites/ChrishouseObject/ver_1/Chrishouse.png,e6085d70e1b46faf4336af8e3e789dd60503ef546f4c9af50bb3a59eeddc11ca,185445a85b3a9d443b2594015ba7269d
Assets/01.Sprites/00_New_Graphic_Resources/2_Backgrounds_Exterior/2_Chris_House_Interior/ChrishouseObject/ver_1/Hanger.png,Assets/02.ArtStaging/01.GoogleDrive/02.Environments/03.Home/Interior/01.Sprites/ChrishouseObject/ver_1/Hanger.png,5d35678bdd22fba1e5cb3f31beea50e230e181150b3228664c6649d57a9b2321,5365e4c469d31314e97f9b01aa50bb60
Assets/01.Sprites/00_New_Graphic_Resources/2_Backgrounds_Exterior/2_Chris_House_Interior/ChrishouseObject/ver_1/Herb.png,Assets/02.ArtStaging/01.GoogleDrive/02.Environments/03.Home/Interior/01.Sprites/ChrishouseObject/ver_1/Herb.png,6cd6de58bb4944d12d8fd5e3c748f2e83f61d90dedc3d43d8affae4ba679a542,613990a41373ac045ac22e29b3f8691a
Assets/01.Sprites/00_New_Graphic_Resources/2_Backgrounds_Exterior/2_Chris_House_Interior/ChrishouseObject/ver_1/TV.png,Assets/02.ArtStaging/01.GoogleDrive/02.Environments/03.Home/Interior/01.Sprites/ChrishouseObject/ver_1/TV.png,cccbacc12481a7c5113e7f132494c096263b48a833d72550cd0a6c34d2733572,5f6da1d1d5e6ff043a08a428f4e1d170
Assets/01.Sprites/00_New_Graphic_Resources/2_Backgrounds_Exterior/2_Chris_House_Interior/ChrishouseObject/ver_1/Table.png,Assets/02.ArtStaging/01.GoogleDrive/02.Environments/03.Home/Interior/01.Sprites/ChrishouseObject/ver_1/Table.png,8270e0c7cf9845f9959dc6bc569482c4cd414902fff3119aa15c3110385027a5,e4173961894d62447af547f48f5b8378
Assets/01.Sprites/00_New_Graphic_Resources/2_Backgrounds_Exterior/2_Chris_House_Interior/ChrishouseObject/ver_1/cushion.png,Assets/02.ArtStaging/01.GoogleDrive/02.Environments/03.Home/Interior/01.Sprites/ChrishouseObject/ver_1/cushion.png,e1e7f465ab5d205a2b606506bcc3f876b05ec6720a8fbe70969ad337fd0d5f9c,4bde346afc2cc964ab408f65cedcb057
Assets/01.Sprites/00_New_Graphic_Resources/2_Backgrounds_Exterior/2_Chris_House_Interior/ChrishouseObject/ver_1/door1.png,Assets/02.ArtStaging/01.GoogleDrive/02.Environments/03.Home/Interior/01.Sprites/ChrishouseObject/ver_1/door1.png,4aa750f26433a7217c4a3990a31198141036889d95f1b35a875fb12fdf6d8194,602f2922c52a06442bfd07b69456867f
Assets/01.Sprites/00_New_Graphic_Resources/2_Backgrounds_Exterior/2_Chris_House_Interior/ChrishouseObject/ver_1/door2.png,Assets/02.ArtStaging/01.GoogleDrive/02.Environments/03.Home/Interior/01.Sprites/ChrishouseObject/ver_1/door2.png,16772a3e83e919fe00ad15509e58b5b7958da4d1edac5d9d2dfa6ca9210f81cd,aaed0dd5476fe3c4f84d2423be8c0fae
Assets/01.Sprites/00_New_Graphic_Resources/2_Backgrounds_Exterior/2_Chris_House_Interior/ChrishouseObject/ver_1/sofa.png,Assets/02.ArtStaging/01.GoogleDrive/02.Environments/03.Home/Interior/01.Sprites/ChrishouseObject/ver_1/sofa.png,e9598bb5f11d44245327bf585c44bd851f7cbf1fe4dc18638b6e9d2e2ac1bf76,02e514f650f6eb445af7c640fdf2a1c0
Assets/01.Sprites/00_New_Graphic_Resources/2_Backgrounds_Exterior/2_Chris_House_Interior/ChrishouseObject/ver_1/trashcan.png,Assets/02.ArtStaging/01.GoogleDrive/02.Environments/03.Home/Interior/01.Sprites/ChrishouseObject/ver_1/trashcan.png,aaf31183b2fd34527294201b058e005c2156b6dfd9384112b85b67b2f75f8e75,15f90525ddb9741479e143f911b9f73a
Assets/01.Sprites/00_New_Graphic_Resources/2_Backgrounds_Exterior/2_Chris_House_Interior/ChrishouseObject/ver_2/Chrishouse.png,Assets/02.ArtStaging/01.GoogleDrive/02.Environments/03.Home/Interior/01.Sprites/ChrishouseObject/ver_2/Chrishouse.png,178f3b674aeab01c4f76a3fbf18ee4aad55e147e6ae5b9ad033a0611763d6b14,38e099873ccee8f42afaeb0d603336b1
Assets/01.Sprites/00_New_Graphic_Resources/2_Backgrounds_Exterior/2_Chris_House_Interior/ChrishouseObject/ver_2/Chrishouse_BG.png,Assets/02.ArtStaging/01.GoogleDrive/02.Environments/03.Home/Interior/01.Sprites/ChrishouseObject/ver_2/Chrishouse_BG.png,4e6055df1cd9647f54e0d2ba4433311855a2fca57b37ca0d1051f22ef5fbfb8c,96c59c6ffce4d9c4e8239e1f9fde7b8c
Assets/01.Sprites/00_New_Graphic_Resources/2_Backgrounds_Exterior/2_Chris_House_Interior/ChrishouseObject/ver_2/ForeFore_Object.png,Assets/02.ArtStaging/01.GoogleDrive/02.Environments/03.Home/Interior/01.Sprites/ChrishouseObject/ver_2/ForeFore_Object.png,83c44423b828014cd1480441d1dc9ae7c4cb752b0b51b18ccd0a24dcbff592f5,838dc6ceed420e84fa938217efecd020
Assets/01.Sprites/00_New_Graphic_Resources/2_Backgrounds_Exterior/2_Chris_House_Interior/ChrishouseObject/ver_2/IntractObjects.png,Assets/02.ArtStaging/01.GoogleDrive/02.Environments/03.Home/Interior/01.Sprites/ChrishouseObject/ver_2/IntractObjects.png,2ca50c8afec46474b633e84dcba3aeaeb8a16fe422aae39d8ea5f463d8da2871,3bf56019592f5174ca3c680767baf755
Assets/01.Sprites/00_New_Graphic_Resources/2_Backgrounds_Exterior/2_Chris_House_Interior/ChrishouseObject/ver_2/Room_Entrance.png,Assets/02.ArtStaging/01.GoogleDrive/02.Environments/03.Home/Interior/01.Sprites/ChrishouseObject/ver_2/Room_Entrance.png,c0de6816579c2fb910c51157c68cc35f9e511dcb7352aa12123f037cc771236c,436327923b0b32c40b2f707cef196544
Assets/01.Sprites/00_New_Graphic_Resources/2_Backgrounds_Exterior/2_Chris_House_Interior/ChrishouseObject/ver_2/Terrace_Entrance.png,Assets/02.ArtStaging/01.GoogleDrive/02.Environments/03.Home/Interior/01.Sprites/ChrishouseObject/ver_2/Terrace_Entrance.png,1ecab8bb5720be2b15f45bc527e0f4c9ff4285b7dc8e4a6ec81d9874e6de34d5,cb67b3cba3b47c64d8dec33ff52fcb47
Assets/01.Sprites/00_New_Graphic_Resources/2_Backgrounds_Exterior/2_Chris_House_Interior/ChrishouseObject/ver_3/Chrishouse.png,Assets/02.ArtStaging/01.GoogleDrive/02.Environments/03.Home/Interior/01.Sprites/ChrishouseObject/ver_3/Chrishouse.png,24231e540744541596c358a1ea866607c0e0cd271fa2fa97aa6483785734436d,370d6b7d1ab7ed14192d52cab7cd8a33
Assets/01.Sprites/00_New_Graphic_Resources/2_Backgrounds_Exterior/2_Chris_House_Interior/ChrishouseObject/ver_3/Chrishouse_BG.png,Assets/02.ArtStaging/01.GoogleDrive/02.Environments/03.Home/Interior/01.Sprites/ChrishouseObject/ver_3/Chrishouse_BG.png,bfe39f789888a3c36cb4d534350467f6ac96c1a0fc22ffa95511b543a6e02b2f,7a9e9c408aa4b2e458e90baeda1af2e5
Assets/01.Sprites/00_New_Graphic_Resources/2_Backgrounds_Exterior/2_Chris_House_Interior/ChrishouseObject/ver_3/ForeFore_Object.png,Assets/02.ArtStaging/01.GoogleDrive/02.Environments/03.Home/Interior/01.Sprites/ChrishouseObject/ver_3/ForeFore_Object.png,f37164034a1d41b1ab7933c7c01ad63bbb2a7e48c835a4a7e404666e0e0541d5,13d325c6e90f2c04f8de8425343d93d4
Assets/01.Sprites/00_New_Graphic_Resources/2_Backgrounds_Exterior/2_Chris_House_Interior/ChrishouseObject/ver_3/IntractObjects.png,Assets/02.ArtStaging/01.GoogleDrive/02.Environments/03.Home/Interior/01.Sprites/ChrishouseObject/ver_3/IntractObjects.png,9b88ba70e2332dca730762d9e2f19c0f0c4c95b613382ea95db113736770239c,77fff064154a4e744b276435af507723
Assets/01.Sprites/00_New_Graphic_Resources/2_Backgrounds_Exterior/2_Chris_House_Interior/ChrishouseObject/ver_3/Room_Entrance.png,Assets/02.ArtStaging/01.GoogleDrive/02.Environments/03.Home/Interior/01.Sprites/ChrishouseObject/ver_3/Room_Entrance.png,c35f96286da23663987f2bdfdec6a4c56dc05cce976b8ecf2b419bf6ca507812,e9fa8842ba8b3df49aa8a27b3be3a8b3
Assets/01.Sprites/00_New_Graphic_Resources/2_Backgrounds_Exterior/2_Chris_House_Interior/ChrishouseObject/ver_3/Terrace_Entrance.png,Assets/02.ArtStaging/01.GoogleDrive/02.Environments/03.Home/Interior/01.Sprites/ChrishouseObject/ver_3/Terrace_Entrance.png,2e046dad646f836de0723032a42e713aa2ad267f3b90f4918d8ef591829c2f07,1493b3cc43f1dfe449c4b615f47b310e
Assets/01.Sprites/00_New_Graphic_Resources/2_Backgrounds_Exterior/2_Chris_House_Interior/ChrishouseObject/ver_4/Chrishouse.png,Assets/02.ArtStaging/01.GoogleDrive/02.Environments/03.Home/Interior/01.Sprites/ChrishouseObject/ver_4/Chrishouse.png,76ddb63af901ee9c7ce622e1a8221a12242d9eb6eb1862bd1bb20a1ecaf33d1d,e5e1876ef5d91834a8629e50c850f23a
Assets/01.Sprites/00_New_Graphic_Resources/2_Backgrounds_Exterior/2_Chris_House_Interior/ChrishouseObject/ver_4/ForeFore_Object.png,Assets/01.Game/03.Content/02.Environments/03.Home/Interior/01.Sprites/ChrishouseObject/ver_4/ForeFore_Object.png,253e8e169d8d13f9c9076ea8db2a77441443a4935dbc77c2c33dc0fed48e7bc4,ee60ed32389896a478e6d3c3543f85d0
Assets/01.Sprites/00_New_Graphic_Resources/2_Backgrounds_Exterior/2_Chris_House_Interior/ChrishouseObject/ver_4/Hanger.png,Assets/01.Game/03.Content/02.Environments/03.Home/Interior/01.Sprites/ChrishouseObject/ver_4/Hanger.png,cd0635e2180fcab22756b7123ad622eec59c7911dd6c046db20a46f9ffc77a40,7e6d5d1d7f4fb174fb8ea43cc02b87b1
Assets/01.Sprites/00_New_Graphic_Resources/2_Backgrounds_Exterior/2_Chris_House_Interior/ChrishouseObject/ver_4/IntractObjects.png,Assets/01.Game/03.Content/02.Environments/03.Home/Interior/01.Sprites/ChrishouseObject/ver_4/IntractObjects.png,035fbd614b769698c368ecf5ae45b4251d19dab23abd827d4f1b829bbc1b5b4f,72ed81e9afb834043a0ecc96fabce156
Assets/01.Sprites/00_New_Graphic_Resources/2_Backgrounds_Exterior/2_Chris_House_Interior/ChrishouseObject/ver_4/Room_Entrance.png,Assets/01.Game/03.Content/02.Environments/03.Home/Interior/01.Sprites/ChrishouseObject/ver_4/Room_Entrance.png,67a3be7da118ce5d1c0224e5a76b95a69497dcf469ee143cf42806332b930ad2,24d4c48d2fa29c64e945fece49a89acb
Assets/01.Sprites/00_New_Graphic_Resources/2_Backgrounds_Exterior/2_Chris_House_Interior/ChrishouseObject/ver_4/Terrace_Entrance.png,Assets/01.Game/03.Content/02.Environments/03.Home/Interior/01.Sprites/ChrishouseObject/ver_4/Terrace_Entrance.png,7c052072db66af622b941cd48728d0c8717cbb3f6c65be33152b4dc718b6f25d,bae46d1ee56b79646a20322d00f48e2f
Assets/01.Sprites/00_New_Graphic_Resources/2_Backgrounds_Exterior/2_Chris_House_Interior/ChrishouseObject/ver_4/chris_house_interior_full_shot_ver4.png,Assets/01.Game/03.Content/02.Environments/03.Home/Interior/01.Sprites/ChrishouseObject/ver_4/chris_house_interior_full_shot_ver4.png,629b82812402bcf30eed4e52f63674cb2030dfe6e7ab9964a0085eb61b5c3fc3,e82619c3f2eb96746a4378ee04564157
Assets/01.Sprites/00_New_Graphic_Resources/2_Backgrounds_Exterior/2_Chris_House_Interior/Chrishouse_ver3_full_shot_before_line_revision.png,Assets/02.ArtStaging/01.GoogleDrive/02.Environments/03.Home/Interior/01.Sprites/Chrishouse_ver3_full_shot_before_line_revision.png,45151847631ba99f76755a9a833eb3c8adc929780cff80a9de800e45a2561c8b,bc3d36beb5f0bb148bbe2fcc61fe5dab
Assets/01.Sprites/00_New_Graphic_Resources/2_Backgrounds_Exterior/2_Chris_House_Interior/chris_house_interior.aseprite,01.SourceAssets/02.Working/02.Environments/03.Home/Interior/01.Sprites/chris_house_interior.aseprite,dabd2faf275adadc69b8f9087d476b2dc45602eed9993636c93a35aa7ed09abf,6a4930bfa0cc0ba4eaecd1aed9ed5bbb
Assets/01.Sprites/00_New_Graphic_Resources/2_Backgrounds_Exterior/2_Chris_House_Interior/chris_house_interior.psd,01.SourceAssets/02.Working/02.Environments/03.Home/Interior/01.Sprites/chris_house_interior.psd,289b8c6e05cdbe30e45ec63051c770de18e114153c79d376a8da8daf1f4b911c,f35896e8378251846b438192ac179967
Assets/01.Sprites/00_New_Graphic_Resources/2_Backgrounds_Exterior/2_Chris_House_Interior/chris_house_interior_full_shot.png,Assets/02.ArtStaging/01.GoogleDrive/02.Environments/03.Home/Interior/01.Sprites/chris_house_interior_full_shot.png,afca59acbf3e4cb99373bc3b0fe4b9bbbe47b65e1116c1436c25fcb1fbe89284,f820b730ae14deb47a50cae7d30fe8d2
Assets/01.Sprites/00_New_Graphic_Resources/2_Backgrounds_Exterior/2_Chris_House_Interior/chris_house_interior_ver_2.psd,01.SourceAssets/02.Working/02.Environments/03.Home/Interior/01.Sprites/chris_house_interior_ver_2.psd,a05bac3173cedfb522da70d9f4e1d8ee24f93efdcc8b31e7bdfea92fceee3fb3,3b093db9dccf0bd4bac2633df5485022
Assets/01.Sprites/00_New_Graphic_Resources/3_Backgrounds_Cutscenes/1_Laboratory_Background/Legacy/LAB_BG_PASSAGE.png,Assets/02.ArtStaging/01.GoogleDrive/04.Cutscenes/01.Lab/01.Sprites/Legacy/LAB_BG_PASSAGE.png,fd5668d1101c7b2204efa58b0f6d67d5ac8948070f8b319764c34fe6d85dff47,5283f411909fa0a47a5f6cbf10ddbf30
Assets/01.Sprites/00_New_Graphic_Resources/3_Backgrounds_Cutscenes/1_Laboratory_Background/Legacy/LAB_BG_all.png,Assets/02.ArtStaging/01.GoogleDrive/04.Cutscenes/01.Lab/01.Sprites/Legacy/LAB_BG_all.png,f648c923f8b1cb4d34d5367f2735574f909f49c3aefe980c0c1644346a5d9d43,e68076e4ed7dc734bbb2114f30a26dce
Assets/01.Sprites/00_New_Graphic_Resources/3_Backgrounds_Cutscenes/1_Laboratory_Background/Legacy/LAB_BG_crosscut.png,Assets/02.ArtStaging/01.GoogleDrive/04.Cutscenes/01.Lab/01.Sprites/Legacy/LAB_BG_crosscut.png,a163870d85e5e59bd7dcc807d9f173e116ff0fbe61287c41db725d30851b3f98,a95f697da8f239b41a72110f351aa624
Assets/01.Sprites/00_New_Graphic_Resources/3_Backgrounds_Cutscenes/1_Laboratory_Background/Legacy/LAB_BG_light.png,Assets/02.ArtStaging/01.GoogleDrive/04.Cutscenes/01.Lab/01.Sprites/Legacy/LAB_BG_light.png,776a290a40ef83a8927f702916a29abe515f7907cd1eb07d6d9b31761abe62de,4618eabeb5b7b0645926fca37b09c6e2
Assets/01.Sprites/00_New_Graphic_Resources/3_Backgrounds_Cutscenes/1_Laboratory_Background/Legacy/LAB_BG_room.png,Assets/02.ArtStaging/01.GoogleDrive/04.Cutscenes/01.Lab/01.Sprites/Legacy/LAB_BG_room.png,cd3cde179a0d826214b2c0e28170f5bb4d6997eeedf02a067d72ba89d0ea9094,6c3ddbcfd83913943a0b8ea40ecf542b
Assets/01.Sprites/00_New_Graphic_Resources/3_Backgrounds_Cutscenes/1_Laboratory_Background/Legacy/illustration4.clip,01.SourceAssets/02.Working/04.Cutscenes/01.Lab/01.Sprites/Legacy/illustration4.clip,e00f8c52317647146e23ea10b4e87871908308ae1f62a6aca07f16531d5a85e3,9b512d4f62cff9d4591b6e77d61e13de
Assets/01.Sprites/00_New_Graphic_Resources/3_Backgrounds_Cutscenes/1_Laboratory_Background/Legacy/lab_ROOM_bg.png,Assets/02.ArtStaging/01.GoogleDrive/04.Cutscenes/01.Lab/01.Sprites/Legacy/lab_ROOM_bg.png,da979a029cc20bdf7583cfcdf4952a946e9e3d5dc22cccb2b348171f1b434933,abd0608f063f92d4d9b621a6468a94c3
Assets/01.Sprites/00_New_Graphic_Resources/3_Backgrounds_Cutscenes/1_Laboratory_Background/Legacy/lab_bg.png,Assets/02.ArtStaging/01.GoogleDrive/04.Cutscenes/01.Lab/01.Sprites/Legacy/lab_bg.png,eb663192a3c25056afa723824c0c5bc04be79f6271b7a1761bdfd0da17004707,913e9bceb77b1964ea92a312a5771fe1
Assets/01.Sprites/00_New_Graphic_Resources/4_Characters_Interior/Aili/drink/fail.png,Assets/02.ArtStaging/01.GoogleDrive/01.Characters/06.Aili/01.Sprites/01.Portrait/drink/fail.png,197c7109fa2db8eb07e08a9157ae3a8538e0ac1fa31cae813d6762bfc2eeb041,4164e1d7596a8144eb5f4affcaebc80a
Assets/01.Sprites/00_New_Graphic_Resources/4_Characters_Interior/Aili/drink/success.png,Assets/02.ArtStaging/01.GoogleDrive/01.Characters/06.Aili/01.Sprites/01.Portrait/drink/success.png,ee1fadfa62cb2e0910f2765f3db7b824ec3f2145a2777a4ec439e86caa305659,e56c42789ce2b034988c01a59eb26e81
Assets/01.Sprites/00_New_Graphic_Resources/4_Characters_Interior/Aili/idle/default/body.png,Assets/02.ArtStaging/01.GoogleDrive/01.Characters/06.Aili/01.Sprites/01.Portrait/idle/default/body.png,a4e8ead11464e6a860f8c9b3fa6ebf360a13e6cbd45b453c836afaf96cde9563,91ca32e8129806f41a56041a5bd46f3c
Assets/01.Sprites/00_New_Graphic_Resources/4_Characters_Interior/Aili/idle/default/eyebrow.png,Assets/02.ArtStaging/01.GoogleDrive/01.Characters/06.Aili/01.Sprites/01.Portrait/idle/default/eyebrow.png,93ad87dfd49fc63afa523fb41b7d8e7a718b8df89cd44d40a7dee50df0afba5c,0925f13f357143e46a0a48b111bb10e9
Assets/01.Sprites/00_New_Graphic_Resources/4_Characters_Interior/Aili/idle/default/eyes.png,Assets/02.ArtStaging/01.GoogleDrive/01.Characters/06.Aili/01.Sprites/01.Portrait/idle/default/eyes.png,0571a3e4417e15f873423221af1c8974969e16c3860b29e3e88def9888637d9f,96f103ea3729d904892776d87cd5be88
Assets/01.Sprites/00_New_Graphic_Resources/4_Characters_Interior/Aili/idle/default/face_bottom_default.png,Assets/02.ArtStaging/01.GoogleDrive/01.Characters/06.Aili/01.Sprites/01.Portrait/idle/default/face_bottom_default.png,51c06d7d5a60801b9730ca6507e033ea2c42700d78c94f267128daae769a801e,aa066daae46705e4db6dd7e0e1555deb
Assets/01.Sprites/00_New_Graphic_Resources/4_Characters_Interior/Aili/idle/default/face_top.png,Assets/02.ArtStaging/01.GoogleDrive/01.Characters/06.Aili/01.Sprites/01.Portrait/idle/default/face_top.png,7a18783b1a6e5d022f73412e9f64bef427c370d8dd40068c55dfaa68c9ef4a07,6bba3abc82dd7774dbaf709d496a4c6d
Assets/01.Sprites/00_New_Graphic_Resources/4_Characters_Interior/Aili/idle/talk/body.png,Assets/02.ArtStaging/01.GoogleDrive/01.Characters/06.Aili/01.Sprites/01.Portrait/idle/talk/body.png,a4e8ead11464e6a860f8c9b3fa6ebf360a13e6cbd45b453c836afaf96cde9563,bb95cf1016b76624ab8dc12aab75afbc
Assets/01.Sprites/00_New_Graphic_Resources/4_Characters_Interior/Aili/idle/talk/eyebrow.png,Assets/02.ArtStaging/01.GoogleDrive/01.Characters/06.Aili/01.Sprites/01.Portrait/idle/talk/eyebrow.png,93ad87dfd49fc63afa523fb41b7d8e7a718b8df89cd44d40a7dee50df0afba5c,6cfcd7ccc661f5d459463823695e4644
Assets/01.Sprites/00_New_Graphic_Resources/4_Characters_Interior/Aili/idle/talk/eyes.png,Assets/02.ArtStaging/01.GoogleDrive/01.Characters/06.Aili/01.Sprites/01.Portrait/idle/talk/eyes.png,0571a3e4417e15f873423221af1c8974969e16c3860b29e3e88def9888637d9f,da4cd355284497a4e8204d32a6b65d87
Assets/01.Sprites/00_New_Graphic_Resources/4_Characters_Interior/Aili/idle/talk/face_bottom_talk.png,Assets/02.ArtStaging/01.GoogleDrive/01.Characters/06.Aili/01.Sprites/01.Portrait/idle/talk/face_bottom_talk.png,36bf3900e967aaf447cd8e1cfb882bf5b765186e031a544de2c0d2395412b97f,31e9c0332ba72604a8bab0aad8caf2b6
Assets/01.Sprites/00_New_Graphic_Resources/4_Characters_Interior/Aili/idle/talk/face_top.png,Assets/02.ArtStaging/01.GoogleDrive/01.Characters/06.Aili/01.Sprites/01.Portrait/idle/talk/face_top.png,7a18783b1a6e5d022f73412e9f64bef427c370d8dd40068c55dfaa68c9ef4a07,994416b3bf3b9954ea52d77b3b82893a
Assets/01.Sprites/00_New_Graphic_Resources/4_Characters_Interior/Bubi/idle/default/body.png,Assets/02.ArtStaging/01.GoogleDrive/01.Characters/04.Bubi/01.Sprites/01.Portrait/idle/default/body.png,151f3d3e127c8c313ad5afdf02cfac9f0143d4140b70acde20ec9409704fc854,77e4f493796fb30479fd2c48ddea25d1
Assets/01.Sprites/00_New_Graphic_Resources/4_Characters_Interior/Bubi/idle/default/eyes.png,Assets/02.ArtStaging/01.GoogleDrive/01.Characters/04.Bubi/01.Sprites/01.Portrait/idle/default/eyes.png,471b29c781157740ff056997cde655fd63716388d1b52bc48e3860dbf2ec0a42,cc3c2d40ed951e94582f4d84933cdb82
Assets/01.Sprites/00_New_Graphic_Resources/4_Characters_Interior/Bubi/idle/default/face_bottom.png,Assets/02.ArtStaging/01.GoogleDrive/01.Characters/04.Bubi/01.Sprites/01.Portrait/idle/default/face_bottom.png,24f73567950715193932ad98ed949b00ccf7ae5dc5d1ad970c6b0bb32029621a,d7e8bbb6e43b67e4cb28dad20e1f7d89
Assets/01.Sprites/00_New_Graphic_Resources/4_Characters_Interior/Bubi/idle/default/face_top.png,Assets/02.ArtStaging/01.GoogleDrive/01.Characters/04.Bubi/01.Sprites/01.Portrait/idle/default/face_top.png,faafcbf54e1f98961dcbaf6131dc2639e582c33a1c168a1885165948e5c33a2d,48aad653b514a2340bf0af4068078bc3
Assets/01.Sprites/00_New_Graphic_Resources/4_Characters_Interior/Bubi/idle/talk/body.png,Assets/02.ArtStaging/01.GoogleDrive/01.Characters/04.Bubi/01.Sprites/01.Portrait/idle/talk/body.png,151f3d3e127c8c313ad5afdf02cfac9f0143d4140b70acde20ec9409704fc854,149d8cd00d107a1408429fcaa6e692d7
Assets/01.Sprites/00_New_Graphic_Resources/4_Characters_Interior/Bubi/idle/talk/eyes.png,Assets/02.ArtStaging/01.GoogleDrive/01.Characters/04.Bubi/01.Sprites/01.Portrait/idle/talk/eyes.png,471b29c781157740ff056997cde655fd63716388d1b52bc48e3860dbf2ec0a42,1a14c0d3acccb7840a1c546bfa7fdb68
Assets/01.Sprites/00_New_Graphic_Resources/4_Characters_Interior/Bubi/idle/talk/face_bottom.png,Assets/02.ArtStaging/01.GoogleDrive/01.Characters/04.Bubi/01.Sprites/01.Portrait/idle/talk/face_bottom.png,f4ae484fe582b76a8c0b3f2d1b003d49f1320769dd3ca07fd0587ffa02abb1cd,5240cb661ca66f64b93920707534e366
Assets/01.Sprites/00_New_Graphic_Resources/4_Characters_Interior/Bubi/idle/talk/face_top.png,Assets/02.ArtStaging/01.GoogleDrive/01.Characters/04.Bubi/01.Sprites/01.Portrait/idle/talk/face_top.png,faafcbf54e1f98961dcbaf6131dc2639e582c33a1c168a1885165948e5c33a2d,091d0fe44736fe742812a7c935ecf34d
Assets/01.Sprites/00_New_Graphic_Resources/4_Characters_Interior/Chris/Chris_idle/default/body.png,Assets/02.ArtStaging/01.GoogleDrive/01.Characters/02.Chris/01.Sprites/01.Portrait/Chris_idle/default/body.png,d816fd56fcf8497f5bf49a4e35cbdb2ca0057dc8ecd971ec28016d492a912ac7,7cc98be198dfc3e43aadb3dcc6ac531e
Assets/01.Sprites/00_New_Graphic_Resources/4_Characters_Interior/Chris/Chris_idle/default/eyebrow.png,Assets/02.ArtStaging/01.GoogleDrive/01.Characters/02.Chris/01.Sprites/01.Portrait/Chris_idle/default/eyebrow.png,cec7f0ca687b984215dec13aa3292b81727154cd2eb5070b1b1d8317c75b30b0,0e916d1e092016542b68ad09dc6bd1da
Assets/01.Sprites/00_New_Graphic_Resources/4_Characters_Interior/Chris/Chris_idle/default/eyes.png,Assets/02.ArtStaging/01.GoogleDrive/01.Characters/02.Chris/01.Sprites/01.Portrait/Chris_idle/default/eyes.png,7ce955ee34085061ea93b101fa3cc5f369610b59e975d1366d5d6f931f86a10e,b8d9b5a279a5a6249ac7ad731b5a7026
Assets/01.Sprites/00_New_Graphic_Resources/4_Characters_Interior/Chris/Chris_idle/default/face_bottom_default.png,Assets/02.ArtStaging/01.GoogleDrive/01.Characters/02.Chris/01.Sprites/01.Portrait/Chris_idle/default/face_bottom_default.png,0b3d98ea417884165a8539dd1f1e09844df06587351853ff45389457ee66d994,d062fa70fdb2b8b40b260f977ac555bc
Assets/01.Sprites/00_New_Graphic_Resources/4_Characters_Interior/Chris/Chris_idle/default/face_top.png,Assets/02.ArtStaging/01.GoogleDrive/01.Characters/02.Chris/01.Sprites/01.Portrait/Chris_idle/default/face_top.png,46a5a568403e371e1145702e55f8dd80394a32cf09b10ec9355c09865f550579,a6f03f0b8935ea046b5445935083fe15
Assets/01.Sprites/00_New_Graphic_Resources/4_Characters_Interior/Chris/Chris_idle/talk/body.png,Assets/02.ArtStaging/01.GoogleDrive/01.Characters/02.Chris/01.Sprites/01.Portrait/Chris_idle/talk/body.png,d816fd56fcf8497f5bf49a4e35cbdb2ca0057dc8ecd971ec28016d492a912ac7,3ed2c854a9c944546999447467ca78dc
Assets/01.Sprites/00_New_Graphic_Resources/4_Characters_Interior/Chris/Chris_idle/talk/eyebrow.png,Assets/02.ArtStaging/01.GoogleDrive/01.Characters/02.Chris/01.Sprites/01.Portrait/Chris_idle/talk/eyebrow.png,cec7f0ca687b984215dec13aa3292b81727154cd2eb5070b1b1d8317c75b30b0,26a04d4ef082b5846a5d142d74d97cf2
Assets/01.Sprites/00_New_Graphic_Resources/4_Characters_Interior/Chris/Chris_idle/talk/eyes.png,Assets/02.ArtStaging/01.GoogleDrive/01.Characters/02.Chris/01.Sprites/01.Portrait/Chris_idle/talk/eyes.png,7ce955ee34085061ea93b101fa3cc5f369610b59e975d1366d5d6f931f86a10e,e18e7948f08ae214387cb2aee94cd8fb
Assets/01.Sprites/00_New_Graphic_Resources/4_Characters_Interior/Chris/Chris_idle/talk/face_bottom_talk.png,Assets/02.ArtStaging/01.GoogleDrive/01.Characters/02.Chris/01.Sprites/01.Portrait/Chris_idle/talk/face_bottom_talk.png,a6c600a4e30c018178f0b65dcb6c54ae04e15cf63b461b8dafbb6209e93d8a58,484cd61019f117c4a8189838e2bad974
Assets/01.Sprites/00_New_Graphic_Resources/4_Characters_Interior/Chris/Chris_idle/talk/face_top.png,Assets/02.ArtStaging/01.GoogleDrive/01.Characters/02.Chris/01.Sprites/01.Portrait/Chris_idle/talk/face_top.png,46a5a568403e371e1145702e55f8dd80394a32cf09b10ec9355c09865f550579,bc086039446c6214e9733bd9f91ea26b
Assets/01.Sprites/00_New_Graphic_Resources/4_Characters_Interior/Chris/enger.png,Assets/02.ArtStaging/01.GoogleDrive/01.Characters/02.Chris/01.Sprites/01.Portrait/enger.png,0837b31ee8918353d8efd82b86341283312841baca4c9324d8118ccd01b2576f,ec9ec309edb553a45b53781ff852132a
Assets/01.Sprites/00_New_Graphic_Resources/4_Characters_Interior/Chris/fun.png,Assets/02.ArtStaging/01.GoogleDrive/01.Characters/02.Chris/01.Sprites/01.Portrait/fun.png,f00ab332c972dfce20fbbb74a5a6dfdb7f951b364e3ddc458aba7acbe5fc2d43,331a92f40b7ef0f42b27270b2b43f39d
Assets/01.Sprites/00_New_Graphic_Resources/4_Characters_Interior/NPC/Female/Acc_1.png,Assets/02.ArtStaging/01.GoogleDrive/01.Characters/07.Guests/01.Sprites/01.Portrait/Female/Acc_1.png,d813fdc91f03640add510306ccea2d6f73a89a2bb9f9533d90bfe4e0699eb696,65c0b7289751393459bb9f666adc2e98
Assets/01.Sprites/00_New_Graphic_Resources/4_Characters_Interior/NPC/Female/Acc_2.png,Assets/02.ArtStaging/01.GoogleDrive/01.Characters/07.Guests/01.Sprites/01.Portrait/Female/Acc_2.png,a631d4204a5b26ae878b5288eb6b6565401b04b6de7d222fc702c7f3aaf9a5d4,ea620950a7fe1f64ba8816ba75ad3382
Assets/01.Sprites/00_New_Graphic_Resources/4_Characters_Interior/NPC/Female/Acc_3.png,Assets/02.ArtStaging/01.GoogleDrive/01.Characters/07.Guests/01.Sprites/01.Portrait/Female/Acc_3.png,5f30e2f37d24c24513e9219723f4833e7c1da4e60fa4a26d909ae741698cf673,53d4e6ac036e93f458ffd7bcee1ccfa8
Assets/01.Sprites/00_New_Graphic_Resources/4_Characters_Interior/NPC/Female/body.png,Assets/02.ArtStaging/01.GoogleDrive/01.Characters/07.Guests/01.Sprites/01.Portrait/Female/body.png,0ab3becddde2271f359f815cede9ec6866b061895a2b9d5c3d9e4a5f3f694178,b995810b19f6eac4c89c019c8afc8888
Assets/01.Sprites/00_New_Graphic_Resources/4_Characters_Interior/NPC/Female/eyebrow_1.png,Assets/02.ArtStaging/01.GoogleDrive/01.Characters/07.Guests/01.Sprites/01.Portrait/Female/eyebrow_1.png,575311d18f72eca55ce68c141a6142f0ca20a80f4b4d6de30151ddde2458d2b5,cb51ef2477c1f154ebf62105b047c58b
Assets/01.Sprites/00_New_Graphic_Resources/4_Characters_Interior/NPC/Female/eyebrow_2.png,Assets/02.ArtStaging/01.GoogleDrive/01.Characters/07.Guests/01.Sprites/01.Portrait/Female/eyebrow_2.png,e75b5bc0693cabb57187ba18c7613a504ddf87cb0110a2c917e6ce1c200346e7,b81ad6a36e62cfe4f82a8ec5ac91c58a
Assets/01.Sprites/00_New_Graphic_Resources/4_Characters_Interior/NPC/Female/eyebrow_3.png,Assets/02.ArtStaging/01.GoogleDrive/01.Characters/07.Guests/01.Sprites/01.Portrait/Female/eyebrow_3.png,451e9e50e7b9352478c42658920f8fb2dea26ec39df4649308dad2ec19c1d129,2296215d516857e4b8c6116f8f866631
Assets/01.Sprites/00_New_Graphic_Resources/4_Characters_Interior/NPC/Female/eyebrow_4.png,Assets/02.ArtStaging/01.GoogleDrive/01.Characters/07.Guests/01.Sprites/01.Portrait/Female/eyebrow_4.png,177dde725723d1847f686a8b189f82a5e11a87a7c26c065b34cd498d6bce383c,31e6cd8b029501d4fb93da061ea91c06
Assets/01.Sprites/00_New_Graphic_Resources/4_Characters_Interior/NPC/Female/eyebrow_5.png,Assets/02.ArtStaging/01.GoogleDrive/01.Characters/07.Guests/01.Sprites/01.Portrait/Female/eyebrow_5.png,9aee6f18c1b994aade6f95c00e5ad05ba3b6bae422da4e3c3576308b86034cb0,6d517cb7e822c3445acdb05fff342e53
Assets/01.Sprites/00_New_Graphic_Resources/4_Characters_Interior/NPC/Female/eyebrow_6.png,Assets/02.ArtStaging/01.GoogleDrive/01.Characters/07.Guests/01.Sprites/01.Portrait/Female/eyebrow_6.png,cf8e283461687ea2805369db35c5937caf9f031163bd53f928c040407d71b7b8,2e269f6ac308cc94caf35cd2a910daac
Assets/01.Sprites/00_New_Graphic_Resources/4_Characters_Interior/NPC/Female/eyes_1.png,Assets/02.ArtStaging/01.GoogleDrive/01.Characters/07.Guests/01.Sprites/01.Portrait/Female/eyes_1.png,bdbd5a4f886d179510e39a3987e0bb23a8632a10c8b351c35d3c06a2080f5262,e1ae3d52578b5e34aa73244146724810
Assets/01.Sprites/00_New_Graphic_Resources/4_Characters_Interior/NPC/Female/eyes_2.png,Assets/02.ArtStaging/01.GoogleDrive/01.Characters/07.Guests/01.Sprites/01.Portrait/Female/eyes_2.png,bd5a507c6717815f6b07771870dbe2b55befcd30c6ad808bf35892d01b48ffbf,adee62850191bec41b9cc266112c2c47
Assets/01.Sprites/00_New_Graphic_Resources/4_Characters_Interior/NPC/Female/eyes_3.png,Assets/02.ArtStaging/01.GoogleDrive/01.Characters/07.Guests/01.Sprites/01.Portrait/Female/eyes_3.png,ad384435d9af8239f254e42103799f5611d20c18ef02a17c74e56413a8021c11,31718ce86c1325643a5b8c320b4bc3ca
Assets/01.Sprites/00_New_Graphic_Resources/4_Characters_Interior/NPC/Female/eyes_4.png,Assets/02.ArtStaging/01.GoogleDrive/01.Characters/07.Guests/01.Sprites/01.Portrait/Female/eyes_4.png,509aef57287d75a476f61a319966f2aa635c4b67fc84dc82d0d952f94af417c6,f4afae4b989dc554eb7ff7e6961643d5
Assets/01.Sprites/00_New_Graphic_Resources/4_Characters_Interior/NPC/Female/hair_1.png,Assets/02.ArtStaging/01.GoogleDrive/01.Characters/07.Guests/01.Sprites/01.Portrait/Female/hair_1.png,a1e21197c7f3837d28d2544a579a980c93682ab52c9b906b1f5743e23be3bb3c,116185aaad1ecc4469d897f152f9976d
Assets/01.Sprites/00_New_Graphic_Resources/4_Characters_Interior/NPC/Female/hair_2.png,Assets/02.ArtStaging/01.GoogleDrive/01.Characters/07.Guests/01.Sprites/01.Portrait/Female/hair_2.png,3eebd5a4aec4f8d553bda7f53a3168b052635404e9ef06d0a392223db3a1a6ec,992731dd2cadb054db62553f7dab7572
Assets/01.Sprites/00_New_Graphic_Resources/4_Characters_Interior/NPC/Female/mouth_1.png,Assets/02.ArtStaging/01.GoogleDrive/01.Characters/07.Guests/01.Sprites/01.Portrait/Female/mouth_1.png,67a9cd71a01b6939024463b9af5e1f1bb44da05bd033519fdde21c016ac714b4,f4f34c3c0f4098b4ba4b4480d8d1caf3
Assets/01.Sprites/00_New_Graphic_Resources/4_Characters_Interior/NPC/Female/mouth_2.png,Assets/02.ArtStaging/01.GoogleDrive/01.Characters/07.Guests/01.Sprites/01.Portrait/Female/mouth_2.png,b3d8ba0b7f2196e9aa82a80187899048adfe37755ce10fcbdeefc09058842a26,7e64797d5a2874a44b499d5504f6fe0b
Assets/01.Sprites/00_New_Graphic_Resources/4_Characters_Interior/NPC/Female/mouth_3.png,Assets/02.ArtStaging/01.GoogleDrive/01.Characters/07.Guests/01.Sprites/01.Portrait/Female/mouth_3.png,61fa3079a45a2dd6ffee3ea116735384c8ecf278d3433d546d4a01e64198f96b,2c237cfbe6a369141913debd09978399
Assets/01.Sprites/00_New_Graphic_Resources/4_Characters_Interior/NPC/Female/mouth_4.png,Assets/02.ArtStaging/01.GoogleDrive/01.Characters/07.Guests/01.Sprites/01.Portrait/Female/mouth_4.png,99e092a4b42a4ad2b516d0d3aa32cad843ca943609fbb530c36780267a55a597,4eaecb6331e857f478267bcd88998739
Assets/01.Sprites/00_New_Graphic_Resources/4_Characters_Interior/NPC/Female/mouth_5.png,Assets/02.ArtStaging/01.GoogleDrive/01.Characters/07.Guests/01.Sprites/01.Portrait/Female/mouth_5.png,7dae26704a456c926df52742dcb66591238ab9b634f3292246a5e73408d0f0a5,1d5c3f67e53533b4ebedfd67391c9886
Assets/01.Sprites/00_New_Graphic_Resources/4_Characters_Interior/NPC/Female/talk/body.png,Assets/02.ArtStaging/01.GoogleDrive/01.Characters/07.Guests/01.Sprites/01.Portrait/Female/talk/body.png,f58a83532ca3026406ad5cacd90b94ea93fc5be64003376422401e9d47f2c53b,e65cb53e3b99e654aa4c65e22571773e
Assets/01.Sprites/00_New_Graphic_Resources/4_Characters_Interior/NPC/Female/talk/face_bottom_1.png,Assets/02.ArtStaging/01.GoogleDrive/01.Characters/07.Guests/01.Sprites/01.Portrait/Female/talk/face_bottom_1.png,d5845682696618edfb719730834eb9a79d2f8f38cc611ecd7b17f8d4b0236639,bfdb50512b96ac14e97c88a2f8613097
Assets/01.Sprites/00_New_Graphic_Resources/4_Characters_Interior/NPC/Female/talk/face_bottom_2.png,Assets/02.ArtStaging/01.GoogleDrive/01.Characters/07.Guests/01.Sprites/01.Portrait/Female/talk/face_bottom_2.png,1f309b859b30522328fb975ecf5f9b58c68e98613551e3a8760146348bacbaf6,8617e6847006ce244aa4be68d8cca9a3
Assets/01.Sprites/00_New_Graphic_Resources/4_Characters_Interior/NPC/Female/talk/face_bottom_3.png,Assets/02.ArtStaging/01.GoogleDrive/01.Characters/07.Guests/01.Sprites/01.Portrait/Female/talk/face_bottom_3.png,f9051a307874c605136b513c87ce5a5f8e3c14b38252cae35aba50a85d1fec55,600d5a3ac22af03499f683bbec69eeab
Assets/01.Sprites/00_New_Graphic_Resources/4_Characters_Interior/NPC/Female/talk/face_top_1.png,Assets/02.ArtStaging/01.GoogleDrive/01.Characters/07.Guests/01.Sprites/01.Portrait/Female/talk/face_top_1.png,5744f04f614644f7ab3d791f88cf140c61549acdab7949506d40f67e6e849cca,7228e3f33a990df459a4af29586ea86e
Assets/01.Sprites/00_New_Graphic_Resources/4_Characters_Interior/NPC/Female/talk/face_top_2.png,Assets/02.ArtStaging/01.GoogleDrive/01.Characters/07.Guests/01.Sprites/01.Portrait/Female/talk/face_top_2.png,c26924c0ae6e5542bf10931cb7c80cf6960d5a4994635d399f060c9d0269f5bb,fae56b695c5d9e3418d69cfe7d96f0a9
Assets/01.Sprites/00_New_Graphic_Resources/4_Characters_Interior/NPC/Female/talk/face_top_3.png,Assets/02.ArtStaging/01.GoogleDrive/01.Characters/07.Guests/01.Sprites/01.Portrait/Female/talk/face_top_3.png,c67ee77e149593359fb5d55f4b113caf52bfd3292dfe58ef43ce1b8a71aa69f9,b220ac48933f0c341aa98bf79c775f0b
Assets/01.Sprites/00_New_Graphic_Resources/4_Characters_Interior/NPC/Female/top_1.png,Assets/02.ArtStaging/01.GoogleDrive/01.Characters/07.Guests/01.Sprites/01.Portrait/Female/top_1.png,6216957e034ba31765e475ee4cd9709fe2c173009bb770b0b540a78c7f74502e,229642fca7241ed4885a053dd7e08225
Assets/01.Sprites/00_New_Graphic_Resources/4_Characters_Interior/NPC/Female/top_2.png,Assets/02.ArtStaging/01.GoogleDrive/01.Characters/07.Guests/01.Sprites/01.Portrait/Female/top_2.png,60ed9ec37841cff1d6a9708669935e697af43950018f3b17964c454d1a1c4c99,9e08f123415509140bee0c16cf5ea3d0
Assets/01.Sprites/00_New_Graphic_Resources/4_Characters_Interior/NPC/Female/top_3.png,Assets/02.ArtStaging/01.GoogleDrive/01.Characters/07.Guests/01.Sprites/01.Portrait/Female/top_3.png,518ed94a9b0d95fd38ca8945c044f3f0b67ac3d11705bd9c5c4799308254043b,eba4ec77cc081d84ea3db12f98e8a350
Assets/01.Sprites/00_New_Graphic_Resources/4_Characters_Interior/NPC/Male/Acc_1.png,Assets/02.ArtStaging/01.GoogleDrive/01.Characters/07.Guests/01.Sprites/01.Portrait/Male/Acc_1.png,c1daf2a2cdd1689d49af6decae94b307844f70e8a8d8db251c59f80736d2fa29,ac51a8b9b5c56ff49adff17a5230134d
Assets/01.Sprites/00_New_Graphic_Resources/4_Characters_Interior/NPC/Male/Acc_2.png,Assets/02.ArtStaging/01.GoogleDrive/01.Characters/07.Guests/01.Sprites/01.Portrait/Male/Acc_2.png,15763c392a5e0ac46edd24c346660c2defe1ab7a095f86cf1c77d34925799806,99d0969942b950f4ea9f9c264112c0f9
Assets/01.Sprites/00_New_Graphic_Resources/4_Characters_Interior/NPC/Male/body.png,Assets/02.ArtStaging/01.GoogleDrive/01.Characters/07.Guests/01.Sprites/01.Portrait/Male/body.png,c434a62663987c313d0223e0cebc45c422e42c0e55dc0a38a543dd87348f6371,196ad9da86af6b744854c8f1335a8c82
Assets/01.Sprites/00_New_Graphic_Resources/4_Characters_Interior/NPC/Male/cyberware_1.png,Assets/02.ArtStaging/01.GoogleDrive/01.Characters/07.Guests/01.Sprites/01.Portrait/Male/cyberware_1.png,b9c26d39cc26a1d99ef2a9bf42cdf41079f5bfe418e0f758afc796f643c20d00,30625f8de67ee564da0a8bd5a384886c
Assets/01.Sprites/00_New_Graphic_Resources/4_Characters_Interior/NPC/Male/cyberware_2.png,Assets/02.ArtStaging/01.GoogleDrive/01.Characters/07.Guests/01.Sprites/01.Portrait/Male/cyberware_2.png,3b8d542744db80e6761e3948f50cd49b3a9bc7c33d25d7797e081cbb80986630,00f512f280f1bf14a8c85aeabd998206
Assets/01.Sprites/00_New_Graphic_Resources/4_Characters_Interior/NPC/Male/cyberware_3.png,Assets/02.ArtStaging/01.GoogleDrive/01.Characters/07.Guests/01.Sprites/01.Portrait/Male/cyberware_3.png,39eec715bf6514ca4b23ca696788eb87bc850cb19d43de31422ec1dd3944b1d4,107751ce6eb730e4d82150e1c4026dda
Assets/01.Sprites/00_New_Graphic_Resources/4_Characters_Interior/NPC/Male/eyebrow_1.png,Assets/02.ArtStaging/01.GoogleDrive/01.Characters/07.Guests/01.Sprites/01.Portrait/Male/eyebrow_1.png,6f37a530dd8bbcd18e634949c9f6505e815bbfe9343307cc0eb2729c09f9c795,223781a2ea941be478f38313b96ab5af
Assets/01.Sprites/00_New_Graphic_Resources/4_Characters_Interior/NPC/Male/eyebrow_2.png,Assets/02.ArtStaging/01.GoogleDrive/01.Characters/07.Guests/01.Sprites/01.Portrait/Male/eyebrow_2.png,fb46aed37b5903c84f5f8a5f9154d098503ac35d252a9ad3705453bfa452b902,bfb37b1778e3af44cabf73055e2c29ac
Assets/01.Sprites/00_New_Graphic_Resources/4_Characters_Interior/NPC/Male/eyebrow_3.png,Assets/02.ArtStaging/01.GoogleDrive/01.Characters/07.Guests/01.Sprites/01.Portrait/Male/eyebrow_3.png,7603626084d6870fa2fcec73f85b6d71fd787ee0e2ba637febdf5b550a86795b,4d9d32224ce7e174499750d3888c7e97
Assets/01.Sprites/00_New_Graphic_Resources/4_Characters_Interior/NPC/Male/eyebrow_4.png,Assets/02.ArtStaging/01.GoogleDrive/01.Characters/07.Guests/01.Sprites/01.Portrait/Male/eyebrow_4.png,1f8e9487c344e4e02d467d1790c480a427eb3e7e67e8d678b847f9b586117915,eabe7733e42a413478221d219c0ecc8e
Assets/01.Sprites/00_New_Graphic_Resources/4_Characters_Interior/NPC/Male/eyebrow_5.png,Assets/02.ArtStaging/01.GoogleDrive/01.Characters/07.Guests/01.Sprites/01.Portrait/Male/eyebrow_5.png,1bc7f57a12f8f466ff51e5af10093e124f29e1da9d9a4d2084eb87bc5fd7a13e,307a1a706d6c8b342ae6b7b617ec5ee7
Assets/01.Sprites/00_New_Graphic_Resources/4_Characters_Interior/NPC/Male/eyebrow_6.png,Assets/02.ArtStaging/01.GoogleDrive/01.Characters/07.Guests/01.Sprites/01.Portrait/Male/eyebrow_6.png,5065c93a28fc440cfff23eb3d6ded9a86c7b0c2be57fcda32b78d08b8075a41f,06746dae6a0e19b46843f15c81f978a5
Assets/01.Sprites/00_New_Graphic_Resources/4_Characters_Interior/NPC/Male/eyes_1.png,Assets/02.ArtStaging/01.GoogleDrive/01.Characters/07.Guests/01.Sprites/01.Portrait/Male/eyes_1.png,352734ff35bb003b2cfcab8e5e819ffc11833dc0696fad9aa75bb33e13903b0a,194b4bdfefbce594fa4948d7ae5dd8e2
Assets/01.Sprites/00_New_Graphic_Resources/4_Characters_Interior/NPC/Male/eyes_2.png,Assets/02.ArtStaging/01.GoogleDrive/01.Characters/07.Guests/01.Sprites/01.Portrait/Male/eyes_2.png,6efa2862428a0891efbc45afb0b55bdfe349d9c3d35a1877c90fad15f7fd4fbf,108d3a789c7c96e45895c916a8b65b45
Assets/01.Sprites/00_New_Graphic_Resources/4_Characters_Interior/NPC/Male/eyes_3.png,Assets/02.ArtStaging/01.GoogleDrive/01.Characters/07.Guests/01.Sprites/01.Portrait/Male/eyes_3.png,22cc08dae4af43a3e3addb83dc947b0861055a0750971925cbd0819a52f530fb,36243c65b98b6624fb5c74e5e1274033
Assets/01.Sprites/00_New_Graphic_Resources/4_Characters_Interior/NPC/Male/eyes_4.png,Assets/02.ArtStaging/01.GoogleDrive/01.Characters/07.Guests/01.Sprites/01.Portrait/Male/eyes_4.png,ed1489a66cb29ecca676b59e315720646a6a9e748b45e782be9feb391076910d,602387921cdd199469ec000b3a94f5be
Assets/01.Sprites/00_New_Graphic_Resources/4_Characters_Interior/NPC/Male/hair_1.png,Assets/02.ArtStaging/01.GoogleDrive/01.Characters/07.Guests/01.Sprites/01.Portrait/Male/hair_1.png,5a4e414fd07715c7befdda72fa98537522fa30dc59b8e2cd5cc25bf174cbb7d5,1364f5c0cfd410c4b8492ee706208cb4
Assets/01.Sprites/00_New_Graphic_Resources/4_Characters_Interior/NPC/Male/hair_2.png,Assets/02.ArtStaging/01.GoogleDrive/01.Characters/07.Guests/01.Sprites/01.Portrait/Male/hair_2.png,c81fbc54f9169790d8eb491491f6057ec8e2abd50e331731b7638149bc3d9b4b,b67d6040d5fe2f04a80fe2d624b79424
Assets/01.Sprites/00_New_Graphic_Resources/4_Characters_Interior/NPC/Male/mouth_1.png,Assets/02.ArtStaging/01.GoogleDrive/01.Characters/07.Guests/01.Sprites/01.Portrait/Male/mouth_1.png,65635504204b1946c15f80498da708daef807eb267200fcb34a106a18fab9255,121c3d0867791804583d8f65e502c131
Assets/01.Sprites/00_New_Graphic_Resources/4_Characters_Interior/NPC/Male/mouth_2.png,Assets/02.ArtStaging/01.GoogleDrive/01.Characters/07.Guests/01.Sprites/01.Portrait/Male/mouth_2.png,fac6a07a37d7d735c6112289785e815196b2270d7b0b9bbd94c49312eecc807f,66bd5196b248f614cba6ae5ee0758a60
Assets/01.Sprites/00_New_Graphic_Resources/4_Characters_Interior/NPC/Male/mouth_3.png,Assets/02.ArtStaging/01.GoogleDrive/01.Characters/07.Guests/01.Sprites/01.Portrait/Male/mouth_3.png,241e168d0083eda138013b5a992611d7e6332728fc0a3ef6156301c3ae2a112d,a94d8b07533942244bb7420901d2f60a
Assets/01.Sprites/00_New_Graphic_Resources/4_Characters_Interior/NPC/Male/mouth_4.png,Assets/02.ArtStaging/01.GoogleDrive/01.Characters/07.Guests/01.Sprites/01.Portrait/Male/mouth_4.png,011fdabce6769ef22acad1124350c77bbb6e5c74be32413361aa5ef2f83d9eef,d313f136640147a4f91a7cc9581153e0
Assets/01.Sprites/00_New_Graphic_Resources/4_Characters_Interior/NPC/Male/mouth_5.png,Assets/02.ArtStaging/01.GoogleDrive/01.Characters/07.Guests/01.Sprites/01.Portrait/Male/mouth_5.png,db84ee37552a6713e1cad83dd1aab798ce1cbca47c0efe53e673982cb8868469,897de77c73ee13547a0741f1c91459ed
Assets/01.Sprites/00_New_Graphic_Resources/4_Characters_Interior/NPC/Male/talk/bady.png,Assets/02.ArtStaging/01.GoogleDrive/01.Characters/07.Guests/01.Sprites/01.Portrait/Male/talk/bady.png,820209b42dfb1e38a88311aa55af9c81a0545bd694147f1d9ae03ba0907f9601,28857fbe44a0ee64aab6370e5a26e32f
Assets/01.Sprites/00_New_Graphic_Resources/4_Characters_Interior/NPC/Male/talk/eyes_1.png,Assets/02.ArtStaging/01.GoogleDrive/01.Characters/07.Guests/01.Sprites/01.Portrait/Male/talk/eyes_1.png,b2f331d9bece2e1b665284cb80cc174d55437796d5777b558d40351e4e9d9c72,7299cc53cc3ce3d46adfd0ae1f682e0e
Assets/01.Sprites/00_New_Graphic_Resources/4_Characters_Interior/NPC/Male/talk/eyes_2.png,Assets/02.ArtStaging/01.GoogleDrive/01.Characters/07.Guests/01.Sprites/01.Portrait/Male/talk/eyes_2.png,fa719184c061dec1c467d37cd64b777db441cd4086da7d7409a1ec06751d9ffe,f1b7d419675ae94419a94ceb690cf4a9
Assets/01.Sprites/00_New_Graphic_Resources/4_Characters_Interior/NPC/Male/talk/eyes_3.png,Assets/02.ArtStaging/01.GoogleDrive/01.Characters/07.Guests/01.Sprites/01.Portrait/Male/talk/eyes_3.png,377530bc57a53f80f0a8f150c5fe2138f4da224f2b810ab78d060ae71cd18f3a,991c1549436f4e847a04acaf353d1261
Assets/01.Sprites/00_New_Graphic_Resources/4_Characters_Interior/NPC/Male/talk/face_bottom_1.png,Assets/02.ArtStaging/01.GoogleDrive/01.Characters/07.Guests/01.Sprites/01.Portrait/Male/talk/face_bottom_1.png,4ab8d11de39fe73008895b2570728368fad9578aff362ae65913bc08267dabc3,88cab89183c988244832813e0da7eb83
Assets/01.Sprites/00_New_Graphic_Resources/4_Characters_Interior/NPC/Male/talk/face_bottom_2.png,Assets/02.ArtStaging/01.GoogleDrive/01.Characters/07.Guests/01.Sprites/01.Portrait/Male/talk/face_bottom_2.png,12dedfe00c33c8eab006414eb9c3b94be3661f13324a64e04a38f15bf62de794,4bfaea786a34708499b23acc79e03e17
Assets/01.Sprites/00_New_Graphic_Resources/4_Characters_Interior/NPC/Male/talk/face_bottom_3.png,Assets/02.ArtStaging/01.GoogleDrive/01.Characters/07.Guests/01.Sprites/01.Portrait/Male/talk/face_bottom_3.png,af4110098a02de65077299214478712db92f9d4aa58a245b801a2e402dde45ed,7745f55cc3b709c40a2908b95d353c09
Assets/01.Sprites/00_New_Graphic_Resources/4_Characters_Interior/NPC/Male/top_1.png,Assets/02.ArtStaging/01.GoogleDrive/01.Characters/07.Guests/01.Sprites/01.Portrait/Male/top_1.png,806de4f56ad34495e3f9e9eb79d87886ea65211568d72fa1e9992655bf8560c9,8ca884756c3cbb349a11c19501a72644
Assets/01.Sprites/00_New_Graphic_Resources/4_Characters_Interior/NPC/Male/top_2.png,Assets/02.ArtStaging/01.GoogleDrive/01.Characters/07.Guests/01.Sprites/01.Portrait/Male/top_2.png,a566400fb9f79b6278e9b0474be8bfabb4eff8555fa678862805424ebe16508f,74e53eeec6cab2b4992cc0fd03951979
Assets/01.Sprites/00_New_Graphic_Resources/4_Characters_Interior/NPC/Male/top_3.png,Assets/02.ArtStaging/01.GoogleDrive/01.Characters/07.Guests/01.Sprites/01.Portrait/Male/top_3.png,b6f855a8c55d4bc8ccae3f1f0b0ce373a001a88f8405362efdf9fa2c79ee7ff1,bf8a52aac7e31c84c8d13dc77d3669fd
Assets/01.Sprites/00_New_Graphic_Resources/4_Characters_Interior/NPC/example.png,Assets/02.ArtStaging/01.GoogleDrive/01.Characters/07.Guests/01.Sprites/01.Portrait/example.png,7ded6939b57b206792e1c7f1bc99db066e0d87a1237c0506cb6acd78bd4b35d6,b082321114e3ce342bf5e438d76dcffb
Assets/01.Sprites/00_New_Graphic_Resources/4_Characters_Interior/NPC/example2.png,Assets/02.ArtStaging/01.GoogleDrive/01.Characters/07.Guests/01.Sprites/01.Portrait/example2.png,6a0c98a90be31e0e6ff9cbbf9c2f9d8bf2a766e57af20e48ccee98599cdafc08,28337dcd446b99146adb42bd66305d86
Assets/01.Sprites/00_New_Graphic_Resources/4_Characters_Interior/NPC/random_customer_female_parts.psd,01.SourceAssets/02.Working/01.Characters/07.Guests/01.Sprites/01.Portrait/random_customer_female_parts.psd,22d106bb9c88a872741f7cfe01e0456030ddd2676388faf15d558f3acb3e3176,a1f24599ddb67614ba482becc3168c2e
Assets/01.Sprites/00_New_Graphic_Resources/4_Characters_Interior/NPC/random_customer_male_parts.psd,01.SourceAssets/02.Working/01.Characters/07.Guests/01.Sprites/01.Portrait/random_customer_male_parts.psd,8f21ff6d908cefde7a2ae4be0730a8dd7842ba4ed6ee84dc1784eae11a7abf69,9a1814be935ebfb4e8f3e200a682c621
Assets/01.Sprites/00_New_Graphic_Resources/4_Characters_Interior/Port/Unused/1_1_export3_2_Sheet.png,Assets/02.ArtStaging/01.GoogleDrive/01.Characters/05.Port/01.Sprites/01.Portrait/Unused/1_1_export3_2_Sheet.png,5bf730359921df4c21aa5a95b52edd78ec4eca671ad9819d79e5e0b65fc069c8,e212285191eb7794da2ea63d9f5eee7d
Assets/01.Sprites/00_New_Graphic_Resources/4_Characters_Interior/Port/Unused/Port_Robot/port_object.png,Assets/02.ArtStaging/01.GoogleDrive/01.Characters/05.Port/01.Sprites/01.Portrait/Unused/Port_Robot/port_object.png,d859e2495fbfd78554988ea7b5179b98fda4756508289332c27f334a38ff107c,b000ed091d56d6943bb6ca16765ea844
Assets/01.Sprites/00_New_Graphic_Resources/4_Characters_Interior/Port/Unused/Port_Robot/port_object_single_image.png,Assets/02.ArtStaging/01.GoogleDrive/01.Characters/05.Port/01.Sprites/01.Portrait/Unused/Port_Robot/port_object_single_image.png,158f90f24a0f529b59ab24ee388c949995c33a3068a323b5a9d3343a00400a2f,8cc827bb860a19549ae8c2e7990707e5
Assets/01.Sprites/00_New_Graphic_Resources/4_Characters_Interior/Port/Unused/port_anger_v1/default/body.png,Assets/02.ArtStaging/01.GoogleDrive/01.Characters/05.Port/01.Sprites/01.Portrait/Unused/port_anger_v1/default/body.png,5bf730359921df4c21aa5a95b52edd78ec4eca671ad9819d79e5e0b65fc069c8,63f16b7f84b684f45872085938cb67dc
Assets/01.Sprites/00_New_Graphic_Resources/4_Characters_Interior/Port/Unused/port_anger_v1/default/extra.png,Assets/02.ArtStaging/01.GoogleDrive/01.Characters/05.Port/01.Sprites/01.Portrait/Unused/port_anger_v1/default/extra.png,f54871f2900e805d19c9ff6fba4ca09f0e58b5a70bb755290f7fb2dc212bcc0d,657ead6629848c646a8cda03c482052f
Assets/01.Sprites/00_New_Graphic_Resources/4_Characters_Interior/Port/Unused/port_anger_v1/default/eyebrows.png,Assets/02.ArtStaging/01.GoogleDrive/01.Characters/05.Port/01.Sprites/01.Portrait/Unused/port_anger_v1/default/eyebrows.png,95cb5c41cd48502d16d26d7ae0ed8582d124138e22b09e929009a86e4f31750e,2d14f041e0b97f948bbc0939853d4065
Assets/01.Sprites/00_New_Graphic_Resources/4_Characters_Interior/Port/Unused/port_anger_v1/default/eyes.png,Assets/02.ArtStaging/01.GoogleDrive/01.Characters/05.Port/01.Sprites/01.Portrait/Unused/port_anger_v1/default/eyes.png,0397de3bc3851f7fec63843179b1c32403efec6e92c1943040715b96a0485efc,f9d81b016f4392041a0e01277af11219
Assets/01.Sprites/00_New_Graphic_Resources/4_Characters_Interior/Port/Unused/port_anger_v1/default/face_bottom_default.png,Assets/02.ArtStaging/01.GoogleDrive/01.Characters/05.Port/01.Sprites/01.Portrait/Unused/port_anger_v1/default/face_bottom_default.png,b5dde0d6987f01a904ee214f07eddf27dc18893e7bf59cdb7332172b943210fa,f3bd7573b98449640ba3c386a03bb2bf
Assets/01.Sprites/00_New_Graphic_Resources/4_Characters_Interior/Port/Unused/port_anger_v1/default/face_top.png,Assets/02.ArtStaging/01.GoogleDrive/01.Characters/05.Port/01.Sprites/01.Portrait/Unused/port_anger_v1/default/face_top.png,e08f720e30859030d9b36d1c201fb0d8e23efa6690a8d75938c2b80578a48e74,b2d16503e1a83be4582c31348e56aeab
Assets/01.Sprites/00_New_Graphic_Resources/4_Characters_Interior/Port/Unused/port_anger_v1/talk/body.png,Assets/02.ArtStaging/01.GoogleDrive/01.Characters/05.Port/01.Sprites/01.Portrait/Unused/port_anger_v1/talk/body.png,5bf730359921df4c21aa5a95b52edd78ec4eca671ad9819d79e5e0b65fc069c8,ab7cf07c4c90e6549a4c05aeff6a122e
Assets/01.Sprites/00_New_Graphic_Resources/4_Characters_Interior/Port/Unused/port_anger_v1/talk/extra.png,Assets/02.ArtStaging/01.GoogleDrive/01.Characters/05.Port/01.Sprites/01.Portrait/Unused/port_anger_v1/talk/extra.png,f54871f2900e805d19c9ff6fba4ca09f0e58b5a70bb755290f7fb2dc212bcc0d,59dcc6e49c2829a4297d9c522d068077
Assets/01.Sprites/00_New_Graphic_Resources/4_Characters_Interior/Port/Unused/port_anger_v1/talk/eyebrows.png,Assets/02.ArtStaging/01.GoogleDrive/01.Characters/05.Port/01.Sprites/01.Portrait/Unused/port_anger_v1/talk/eyebrows.png,95cb5c41cd48502d16d26d7ae0ed8582d124138e22b09e929009a86e4f31750e,e9d069b2e6e8ad44d85a06217fb5ee61
Assets/01.Sprites/00_New_Graphic_Resources/4_Characters_Interior/Port/Unused/port_anger_v1/talk/eyes.png,Assets/02.ArtStaging/01.GoogleDrive/01.Characters/05.Port/01.Sprites/01.Portrait/Unused/port_anger_v1/talk/eyes.png,0397de3bc3851f7fec63843179b1c32403efec6e92c1943040715b96a0485efc,8f8025b3d107eb344ac6a0f08067cc4d
Assets/01.Sprites/00_New_Graphic_Resources/4_Characters_Interior/Port/Unused/port_anger_v1/talk/face_bottom_talk.png,Assets/02.ArtStaging/01.GoogleDrive/01.Characters/05.Port/01.Sprites/01.Portrait/Unused/port_anger_v1/talk/face_bottom_talk.png,9beba6f1ebebce8a2336681af583b482567c9123fa1df0f2ba4b261441e8d5f3,3982ca567eb251b4096c47390db6fe59
Assets/01.Sprites/00_New_Graphic_Resources/4_Characters_Interior/Port/Unused/port_anger_v1/talk/face_top.png,Assets/02.ArtStaging/01.GoogleDrive/01.Characters/05.Port/01.Sprites/01.Portrait/Unused/port_anger_v1/talk/face_top.png,e08f720e30859030d9b36d1c201fb0d8e23efa6690a8d75938c2b80578a48e74,cc719e7cf436daf44876e4b8ea6cb230
Assets/01.Sprites/00_New_Graphic_Resources/4_Characters_Interior/Port/Unused/port_surprise.png,Assets/02.ArtStaging/01.GoogleDrive/01.Characters/05.Port/01.Sprites/01.Portrait/Unused/port_surprise.png,55d1f5d6f44038cb2765077217df9fba89c0cbc01dd71fb7fe1dd168d6ca24ac,e61a2a129a7f61d418a5effbf83a6f6c
Assets/01.Sprites/00_New_Graphic_Resources/4_Characters_Interior/Port/Unused/port_surprised.png,Assets/02.ArtStaging/01.GoogleDrive/01.Characters/05.Port/01.Sprites/01.Portrait/Unused/port_surprised.png,e27fde4cf0ec873b8b848ca7f7aef5eb8ac11794c54a0712c64901b2067c4d24,1a8a360d37a78a34384dd83c042cfadc
Assets/01.Sprites/00_New_Graphic_Resources/4_Characters_Interior/Port/port_anger/default/body.png,Assets/02.ArtStaging/01.GoogleDrive/01.Characters/05.Port/01.Sprites/01.Portrait/port_anger/default/body.png,5883a29c8fb53a7282fb6b1bc4d5c3798983defb04a56762a133b4aa11e487a1,36d11ceade305bf49a97623a14042fdb
Assets/01.Sprites/00_New_Graphic_Resources/4_Characters_Interior/Port/port_anger/default/eyebrow.png,Assets/02.ArtStaging/01.GoogleDrive/01.Characters/05.Port/01.Sprites/01.Portrait/port_anger/default/eyebrow.png,f60f63c2171a91139b8961602cb8d44d0b50ac70e5ae890a8ac57eb660d09acb,bc68eb017cd765c4aae97d3ca07b6e53
Assets/01.Sprites/00_New_Graphic_Resources/4_Characters_Interior/Port/port_anger/default/eyes.png,Assets/02.ArtStaging/01.GoogleDrive/01.Characters/05.Port/01.Sprites/01.Portrait/port_anger/default/eyes.png,400479bb5c78d86a12dc8b68dfd136aecc0b4356c4b6ac39b55b284008f011d6,663b0f0cd222304428a1ca581c5977e0
Assets/01.Sprites/00_New_Graphic_Resources/4_Characters_Interior/Port/port_anger/default/face_bottom_default.png,Assets/02.ArtStaging/01.GoogleDrive/01.Characters/05.Port/01.Sprites/01.Portrait/port_anger/default/face_bottom_default.png,47594e6a93dcc6263def190106392f6532ca58894ad91d66042c9e35a9159be3,743c0a33533b8bd41bc0d911d4cac396
Assets/01.Sprites/00_New_Graphic_Resources/4_Characters_Interior/Port/port_anger/default/face_top.png,Assets/02.ArtStaging/01.GoogleDrive/01.Characters/05.Port/01.Sprites/01.Portrait/port_anger/default/face_top.png,58c1f5d32ee1c801b5b9b88e6897fcec2a8b9bd007fac0a863cbea72add2aeec,6fc1939b80091d342a1b67241c5b447c
Assets/01.Sprites/00_New_Graphic_Resources/4_Characters_Interior/Port/port_anger/talk/body.png,Assets/02.ArtStaging/01.GoogleDrive/01.Characters/05.Port/01.Sprites/01.Portrait/port_anger/talk/body.png,5883a29c8fb53a7282fb6b1bc4d5c3798983defb04a56762a133b4aa11e487a1,e32cfd4c06281eb48a4e1c85d6310383
Assets/01.Sprites/00_New_Graphic_Resources/4_Characters_Interior/Port/port_anger/talk/eyebrow.png,Assets/02.ArtStaging/01.GoogleDrive/01.Characters/05.Port/01.Sprites/01.Portrait/port_anger/talk/eyebrow.png,f60f63c2171a91139b8961602cb8d44d0b50ac70e5ae890a8ac57eb660d09acb,82e4e7b3d6ff0dd4bbddba5ef1488ec4
Assets/01.Sprites/00_New_Graphic_Resources/4_Characters_Interior/Port/port_anger/talk/eyes.png,Assets/02.ArtStaging/01.GoogleDrive/01.Characters/05.Port/01.Sprites/01.Portrait/port_anger/talk/eyes.png,400479bb5c78d86a12dc8b68dfd136aecc0b4356c4b6ac39b55b284008f011d6,9f6329e0b98f82643acaa554b0c485fe
Assets/01.Sprites/00_New_Graphic_Resources/4_Characters_Interior/Port/port_anger/talk/face_bottom_talk.png,Assets/02.ArtStaging/01.GoogleDrive/01.Characters/05.Port/01.Sprites/01.Portrait/port_anger/talk/face_bottom_talk.png,0565d91ca8e142a5513dcc58cf694e94bb44a9bbb2779904daddb6777db25da7,6b2a12e312f4df946adffb453dc8c8de
Assets/01.Sprites/00_New_Graphic_Resources/4_Characters_Interior/Port/port_anger/talk/face_top.png,Assets/02.ArtStaging/01.GoogleDrive/01.Characters/05.Port/01.Sprites/01.Portrait/port_anger/talk/face_top.png,58c1f5d32ee1c801b5b9b88e6897fcec2a8b9bd007fac0a863cbea72add2aeec,efd56300a91f54f40a7f82d192904eda
Assets/01.Sprites/00_New_Graphic_Resources/4_Characters_Interior/Port/port_idle/default/body.png,Assets/02.ArtStaging/01.GoogleDrive/01.Characters/05.Port/01.Sprites/01.Portrait/port_idle/default/body.png,5883a29c8fb53a7282fb6b1bc4d5c3798983defb04a56762a133b4aa11e487a1,eb932fd6035a5914789a4469dd6c6cfd
Assets/01.Sprites/00_New_Graphic_Resources/4_Characters_Interior/Port/port_idle/default/eyebrow.png,Assets/02.ArtStaging/01.GoogleDrive/01.Characters/05.Port/01.Sprites/01.Portrait/port_idle/default/eyebrow.png,8c034c217efa92ce20944abf9588a13d972b2d2366b1930f1d974b9835b8ab2c,875c5fc0e30c51348b5037d204dabf64
Assets/01.Sprites/00_New_Graphic_Resources/4_Characters_Interior/Port/port_idle/default/eyes.png,Assets/02.ArtStaging/01.GoogleDrive/01.Characters/05.Port/01.Sprites/01.Portrait/port_idle/default/eyes.png,400479bb5c78d86a12dc8b68dfd136aecc0b4356c4b6ac39b55b284008f011d6,6092af9258e67be4a9ad700ecb031118
Assets/01.Sprites/00_New_Graphic_Resources/4_Characters_Interior/Port/port_idle/default/face_bottom_default.png,Assets/02.ArtStaging/01.GoogleDrive/01.Characters/05.Port/01.Sprites/01.Portrait/port_idle/default/face_bottom_default.png,22c42784e754ff71b92b5d07a1211ce348d40f75851fb1c29a7c3b5fe4868b76,ec63b41c8fd15c145bff1d105165a942
Assets/01.Sprites/00_New_Graphic_Resources/4_Characters_Interior/Port/port_idle/default/face_top.png,Assets/02.ArtStaging/01.GoogleDrive/01.Characters/05.Port/01.Sprites/01.Portrait/port_idle/default/face_top.png,58c1f5d32ee1c801b5b9b88e6897fcec2a8b9bd007fac0a863cbea72add2aeec,628fdeefeed449745bb64c9c91499c24
Assets/01.Sprites/00_New_Graphic_Resources/4_Characters_Interior/Port/port_idle/talk/body.png,Assets/02.ArtStaging/01.GoogleDrive/01.Characters/05.Port/01.Sprites/01.Portrait/port_idle/talk/body.png,5883a29c8fb53a7282fb6b1bc4d5c3798983defb04a56762a133b4aa11e487a1,92c2662f03215aa4aa2edad27169387c
Assets/01.Sprites/00_New_Graphic_Resources/4_Characters_Interior/Port/port_idle/talk/eyebrow.png,Assets/02.ArtStaging/01.GoogleDrive/01.Characters/05.Port/01.Sprites/01.Portrait/port_idle/talk/eyebrow.png,8c034c217efa92ce20944abf9588a13d972b2d2366b1930f1d974b9835b8ab2c,f0f710049d97c6946b5358dc1548ea54
Assets/01.Sprites/00_New_Graphic_Resources/4_Characters_Interior/Port/port_idle/talk/eyes.png,Assets/02.ArtStaging/01.GoogleDrive/01.Characters/05.Port/01.Sprites/01.Portrait/port_idle/talk/eyes.png,400479bb5c78d86a12dc8b68dfd136aecc0b4356c4b6ac39b55b284008f011d6,f60375cc9ce8a994da6167540feb1639
Assets/01.Sprites/00_New_Graphic_Resources/4_Characters_Interior/Port/port_idle/talk/face_bottom_talk.png,Assets/02.ArtStaging/01.GoogleDrive/01.Characters/05.Port/01.Sprites/01.Portrait/port_idle/talk/face_bottom_talk.png,369732a97c03a1eb499f2a26c44adc7d7b2af12cb83c4340d565646a6d97c506,029c7e658ba59fc4cbf1b8858ffe48b5
Assets/01.Sprites/00_New_Graphic_Resources/4_Characters_Interior/Port/port_idle/talk/face_top.png,Assets/02.ArtStaging/01.GoogleDrive/01.Characters/05.Port/01.Sprites/01.Portrait/port_idle/talk/face_top.png,58c1f5d32ee1c801b5b9b88e6897fcec2a8b9bd007fac0a863cbea72add2aeec,4fb9051222c9dc4419b17cd93bfbd197
Assets/01.Sprites/00_New_Graphic_Resources/4_Characters_Interior/Port/port_joy/default/body.png,Assets/02.ArtStaging/01.GoogleDrive/01.Characters/05.Port/01.Sprites/01.Portrait/port_joy/default/body.png,5883a29c8fb53a7282fb6b1bc4d5c3798983defb04a56762a133b4aa11e487a1,7cc1b406bef74174da58821ce95f67a5
Assets/01.Sprites/00_New_Graphic_Resources/4_Characters_Interior/Port/port_joy/default/eyebrow.png,Assets/02.ArtStaging/01.GoogleDrive/01.Characters/05.Port/01.Sprites/01.Portrait/port_joy/default/eyebrow.png,fdd17a988b80e598b28d6ed718f067ad9805a6f2a9d7645651cf7c369737b719,7ac041999826a7b47aa1bd71fdadd863
Assets/01.Sprites/00_New_Graphic_Resources/4_Characters_Interior/Port/port_joy/default/eyes.png,Assets/02.ArtStaging/01.GoogleDrive/01.Characters/05.Port/01.Sprites/01.Portrait/port_joy/default/eyes.png,400479bb5c78d86a12dc8b68dfd136aecc0b4356c4b6ac39b55b284008f011d6,e167a2ac1f8b3d14bb6f2539f43c5dc6
Assets/01.Sprites/00_New_Graphic_Resources/4_Characters_Interior/Port/port_joy/default/face_bottom_default.png,Assets/02.ArtStaging/01.GoogleDrive/01.Characters/05.Port/01.Sprites/01.Portrait/port_joy/default/face_bottom_default.png,9ff003c069676859690f75124448edca9e8a47e120188cbbd075a3d1be044d0e,155fdcb200aecf54ba99e1fdf5284b0e
Assets/01.Sprites/00_New_Graphic_Resources/4_Characters_Interior/Port/port_joy/default/face_top.png,Assets/02.ArtStaging/01.GoogleDrive/01.Characters/05.Port/01.Sprites/01.Portrait/port_joy/default/face_top.png,58c1f5d32ee1c801b5b9b88e6897fcec2a8b9bd007fac0a863cbea72add2aeec,e107aadc3d966744d8e8a87ae377730a
Assets/01.Sprites/00_New_Graphic_Resources/4_Characters_Interior/Port/port_joy/talk/body.png,Assets/02.ArtStaging/01.GoogleDrive/01.Characters/05.Port/01.Sprites/01.Portrait/port_joy/talk/body.png,5883a29c8fb53a7282fb6b1bc4d5c3798983defb04a56762a133b4aa11e487a1,ea7c700420b189542a6d73b0f443204a
Assets/01.Sprites/00_New_Graphic_Resources/4_Characters_Interior/Port/port_joy/talk/eyebrow.png,Assets/02.ArtStaging/01.GoogleDrive/01.Characters/05.Port/01.Sprites/01.Portrait/port_joy/talk/eyebrow.png,fdd17a988b80e598b28d6ed718f067ad9805a6f2a9d7645651cf7c369737b719,a53861c240778af45964fe471a2d7bd0
Assets/01.Sprites/00_New_Graphic_Resources/4_Characters_Interior/Port/port_joy/talk/eyes.png,Assets/02.ArtStaging/01.GoogleDrive/01.Characters/05.Port/01.Sprites/01.Portrait/port_joy/talk/eyes.png,400479bb5c78d86a12dc8b68dfd136aecc0b4356c4b6ac39b55b284008f011d6,165f7c825d8ced842bd0cd9b1b84e8ab
Assets/01.Sprites/00_New_Graphic_Resources/4_Characters_Interior/Port/port_joy/talk/face_bottom_talk.png,Assets/02.ArtStaging/01.GoogleDrive/01.Characters/05.Port/01.Sprites/01.Portrait/port_joy/talk/face_bottom_talk.png,6e127f79ed2f66c0b7ff891c9bac7fd2b87bb1511dcb901eb2c09ffef3e0944a,a1c75655040daee4a9d3d712c0b05607
Assets/01.Sprites/00_New_Graphic_Resources/4_Characters_Interior/Port/port_joy/talk/face_top.png,Assets/02.ArtStaging/01.GoogleDrive/01.Characters/05.Port/01.Sprites/01.Portrait/port_joy/talk/face_top.png,58c1f5d32ee1c801b5b9b88e6897fcec2a8b9bd007fac0a863cbea72add2aeec,33cb9503f1408ea4c95d6a2928bec07f
Assets/01.Sprites/00_New_Graphic_Resources/4_Characters_Interior/Port/port_serious/default/body.png,Assets/02.ArtStaging/01.GoogleDrive/01.Characters/05.Port/01.Sprites/01.Portrait/port_serious/default/body.png,a237740fc57090e7b3188af4586daf002fc2fcd72563c21ebd48c8c551c0314f,899b10ebef733884a882969b3545acc8
Assets/01.Sprites/00_New_Graphic_Resources/4_Characters_Interior/Port/port_serious/default/eyebrows.png,Assets/02.ArtStaging/01.GoogleDrive/01.Characters/05.Port/01.Sprites/01.Portrait/port_serious/default/eyebrows.png,5d1b272f61eebce5b742644c795f72d869c4ec74f28094decda9847e43bf1ee2,ca9a6df5c0a06f1418b7145f3091fe51
Assets/01.Sprites/00_New_Graphic_Resources/4_Characters_Interior/Port/port_serious/default/eyes.png,Assets/02.ArtStaging/01.GoogleDrive/01.Characters/05.Port/01.Sprites/01.Portrait/port_serious/default/eyes.png,5ee11f9e995dcd0b2ab835f0be919e7727404b64eb4c0483800f36894159ed48,768705b399b5b99438cdc81fc3c451d7
Assets/01.Sprites/00_New_Graphic_Resources/4_Characters_Interior/Port/port_serious/default/face_bottom_default.png,Assets/02.ArtStaging/01.GoogleDrive/01.Characters/05.Port/01.Sprites/01.Portrait/port_serious/default/face_bottom_default.png,7d9587b5cdec2e8bb4a66cd84023e75c06942e9cda821fa5e1b426aaaac841bb,993d8528f444ff94eba52edc8b27586e
Assets/01.Sprites/00_New_Graphic_Resources/4_Characters_Interior/Port/port_serious/default/face_top.png,Assets/02.ArtStaging/01.GoogleDrive/01.Characters/05.Port/01.Sprites/01.Portrait/port_serious/default/face_top.png,90eed05f251295c4ae697df3c2f3aa6f5a667b8222936489f9aa2737d48db93f,e39212fa3e4b12048ac7f79c59865897
Assets/01.Sprites/00_New_Graphic_Resources/4_Characters_Interior/Port/port_serious/talk/body.png,Assets/02.ArtStaging/01.GoogleDrive/01.Characters/05.Port/01.Sprites/01.Portrait/port_serious/talk/body.png,a237740fc57090e7b3188af4586daf002fc2fcd72563c21ebd48c8c551c0314f,3e1d3c8c90c7cbd4eacb9fc557a0fa22
Assets/01.Sprites/00_New_Graphic_Resources/4_Characters_Interior/Port/port_serious/talk/eyebrows.png,Assets/02.ArtStaging/01.GoogleDrive/01.Characters/05.Port/01.Sprites/01.Portrait/port_serious/talk/eyebrows.png,5d1b272f61eebce5b742644c795f72d869c4ec74f28094decda9847e43bf1ee2,e797f62b5fac1dc40bc9707226ceb204
Assets/01.Sprites/00_New_Graphic_Resources/4_Characters_Interior/Port/port_serious/talk/eyes.png,Assets/02.ArtStaging/01.GoogleDrive/01.Characters/05.Port/01.Sprites/01.Portrait/port_serious/talk/eyes.png,5ee11f9e995dcd0b2ab835f0be919e7727404b64eb4c0483800f36894159ed48,a4af60e827eefaf4882ba2d786bfc2ae
Assets/01.Sprites/00_New_Graphic_Resources/4_Characters_Interior/Port/port_serious/talk/face_bottom_talk.png,Assets/02.ArtStaging/01.GoogleDrive/01.Characters/05.Port/01.Sprites/01.Portrait/port_serious/talk/face_bottom_talk.png,c4187ab5f8b6538289fb164386aa700243289da3b2444073146df8e1975d7091,d0d76f43c0e964d42bfc571a543e5634
Assets/01.Sprites/00_New_Graphic_Resources/4_Characters_Interior/Port/port_serious/talk/face_top.png,Assets/02.ArtStaging/01.GoogleDrive/01.Characters/05.Port/01.Sprites/01.Portrait/port_serious/talk/face_top.png,90eed05f251295c4ae697df3c2f3aa6f5a667b8222936489f9aa2737d48db93f,0197831087063aa42928c5eb0304ac0c
Assets/01.Sprites/00_New_Graphic_Resources/4_Characters_Interior/Samho/drink/body.png,Assets/02.ArtStaging/01.GoogleDrive/01.Characters/03.Samho/01.Sprites/01.Portrait/drink/body.png,3c53abe761be776c7afcaed38a623bea9ccf0d351e05f69cf9258093538f6848,bbb51876c550d7741820f738ffd7d54a
Assets/01.Sprites/00_New_Graphic_Resources/4_Characters_Interior/Samho/drink/face_bottom.png,Assets/02.ArtStaging/01.GoogleDrive/01.Characters/03.Samho/01.Sprites/01.Portrait/drink/face_bottom.png,ad2d94d89d8466c7faddbb888767b13eb8b21fb9bee6eaf4c23e7778979c0362,34e0ab4bcc6c40347b9db2aaac3d6a95
Assets/01.Sprites/00_New_Graphic_Resources/4_Characters_Interior/Samho/idle/default/body.png,Assets/02.ArtStaging/01.GoogleDrive/01.Characters/03.Samho/01.Sprites/01.Portrait/idle/default/body.png,62055eeaac36c5e76aa1297674faf5c266dee6f9c471c3052ad1fe8fac9674c9,d9f0d278c3e1c94418a00743e013e095
Assets/01.Sprites/00_New_Graphic_Resources/4_Characters_Interior/Samho/idle/default/eyebrow.png,Assets/02.ArtStaging/01.GoogleDrive/01.Characters/03.Samho/01.Sprites/01.Portrait/idle/default/eyebrow.png,97e1cd3b81e24ac5131aabc62aa6993e8cc566d09690553efa84110b33225eb3,bbd6b499da6f25942ae4935ddc3d9004
Assets/01.Sprites/00_New_Graphic_Resources/4_Characters_Interior/Samho/idle/default/eyes.png,Assets/02.ArtStaging/01.GoogleDrive/01.Characters/03.Samho/01.Sprites/01.Portrait/idle/default/eyes.png,b9bd90448bc40941436f087a70e149c149e29de7536c64ab393d6364b5327f6d,a827c902716b33649ad0b798a56cd373
Assets/01.Sprites/00_New_Graphic_Resources/4_Characters_Interior/Samho/idle/default/face_bottom_default.png,Assets/02.ArtStaging/01.GoogleDrive/01.Characters/03.Samho/01.Sprites/01.Portrait/idle/default/face_bottom_default.png,5b12ba45e4067f2af5d366e1f4584e614a7d87db3ebfdf9d81312ac23800c1cd,c70460812756d624fb15ffa035a0a64c
Assets/01.Sprites/00_New_Graphic_Resources/4_Characters_Interior/Samho/idle/default/face_top.png,Assets/02.ArtStaging/01.GoogleDrive/01.Characters/03.Samho/01.Sprites/01.Portrait/idle/default/face_top.png,bbaa0819f978f7ce832a799fedf38f98dcc83c7600931eb6a63e0577abd8f415,e2827f309e771f9479db7e977b5fd569
Assets/01.Sprites/00_New_Graphic_Resources/4_Characters_Interior/Samho/idle/talk/body.png,Assets/02.ArtStaging/01.GoogleDrive/01.Characters/03.Samho/01.Sprites/01.Portrait/idle/talk/body.png,62055eeaac36c5e76aa1297674faf5c266dee6f9c471c3052ad1fe8fac9674c9,e5ae1006e530664419e6bf47c00a88dd
Assets/01.Sprites/00_New_Graphic_Resources/4_Characters_Interior/Samho/idle/talk/eyebrow.png,Assets/02.ArtStaging/01.GoogleDrive/01.Characters/03.Samho/01.Sprites/01.Portrait/idle/talk/eyebrow.png,97e1cd3b81e24ac5131aabc62aa6993e8cc566d09690553efa84110b33225eb3,bcdcb701d359b74449b8ea28cbac3417
Assets/01.Sprites/00_New_Graphic_Resources/4_Characters_Interior/Samho/idle/talk/eyes.png,Assets/02.ArtStaging/01.GoogleDrive/01.Characters/03.Samho/01.Sprites/01.Portrait/idle/talk/eyes.png,b9bd90448bc40941436f087a70e149c149e29de7536c64ab393d6364b5327f6d,b099534491189e74f8d04994f774c025
Assets/01.Sprites/00_New_Graphic_Resources/4_Characters_Interior/Samho/idle/talk/face_bottom_talk.png,Assets/02.ArtStaging/01.GoogleDrive/01.Characters/03.Samho/01.Sprites/01.Portrait/idle/talk/face_bottom_talk.png,8cfb7034579b12e3d0d5cf6e837efee2814f25ae8ac33eab8d28d9a6cf535421,1a11872eea6dcaa4faf6d7427b521cd4
Assets/01.Sprites/00_New_Graphic_Resources/4_Characters_Interior/Samho/idle/talk/face_top.png,Assets/02.ArtStaging/01.GoogleDrive/01.Characters/03.Samho/01.Sprites/01.Portrait/idle/talk/face_top.png,bbaa0819f978f7ce832a799fedf38f98dcc83c7600931eb6a63e0577abd8f415,33eca5413d21937438a18d0cdc7c9e90
Assets/01.Sprites/00_New_Graphic_Resources/5_Characters_Exterior/Bubi/cat_animation2.gif,Assets/02.ArtStaging/01.GoogleDrive/01.Characters/04.Bubi/01.Sprites/02.Field/cat_animation2.gif,c9da0078cc34880a27174cb1dc642e369cd4576dc9d42637c2ac7b6360859058,c74c56629ec3cc3458dc75621657abe9
Assets/01.Sprites/00_New_Graphic_Resources/5_Characters_Exterior/Bubi/cat_animation_Sheet.png,Assets/02.ArtStaging/01.GoogleDrive/01.Characters/04.Bubi/01.Sprites/02.Field/cat_animation_Sheet.png,fe66c475acd19279d55e6faf10287078e3ef997b118607be6649437d11514fc2,dbe65f4fdbf80ef4a8786738a029195c
Assets/01.Sprites/00_New_Graphic_Resources/5_Characters_Exterior/Bubi/cat_animation_Sheet_mask.png,Assets/02.ArtStaging/01.GoogleDrive/01.Characters/04.Bubi/01.Sprites/02.Field/cat_animation_Sheet_mask.png,74efe349b067a0547dafcfef7d761c0e4d2c3a6724661b40bd927f4e819616f7,be7eefae8503dfd4dabdd155cd6939d3
Assets/01.Sprites/00_New_Graphic_Resources/5_Characters_Exterior/Bubi/cat_animation_Sheet_normal.png,Assets/02.ArtStaging/01.GoogleDrive/01.Characters/04.Bubi/01.Sprites/02.Field/cat_animation_Sheet_normal.png,9f9d0e3290eac690e3a64e0986ac6a42c38d92bbf669638cfc3049f8cee003c7,5372928d1d0c00241a1cb6effd203558
Assets/01.Sprites/00_New_Graphic_Resources/5_Characters_Exterior/Luna/Old_Luna/luna_walk3_Sheet.png,Assets/02.ArtStaging/01.GoogleDrive/01.Characters/01.Luna/01.Sprites/02.Field/Old_Luna/luna_walk3_Sheet.png,3770026ca5494dacffe9a5e92c1aec6bf2690875f1ea4145464f78e422e97103,6e291728a886b1e46b1845e1d9ee7bac
Assets/01.Sprites/00_New_Graphic_Resources/5_Characters_Exterior/Luna/Old_Luna/luna_walk_with_cat_Sheet.png,Assets/02.ArtStaging/01.GoogleDrive/01.Characters/01.Luna/01.Sprites/02.Field/Old_Luna/luna_walk_with_cat_Sheet.png,766314b41f977e4a5116891b0af96ebe4f089bf4da3b75c60df7dd127b7d68d2,5ede6f909e1ed4b49968ae38d608fee3
Assets/01.Sprites/00_New_Graphic_Resources/5_Characters_Exterior/Luna/luna_v2_idle_Sheet.png,Assets/02.ArtStaging/01.GoogleDrive/01.Characters/01.Luna/01.Sprites/02.Field/luna_v2_idle_Sheet.png,62634d34afb4448e1a2a04e38a52b81944012d2a9d871f5fb3273c7f4e4a738d,6efdc4b57e38a8e4bbb1ac5de9645bf4
Assets/01.Sprites/00_New_Graphic_Resources/5_Characters_Exterior/Luna/luna_v2_idle_Sheet_normal.png,Assets/02.ArtStaging/01.GoogleDrive/01.Characters/01.Luna/01.Sprites/02.Field/luna_v2_idle_Sheet_normal.png,7c1ae0393c48c711612c2359f1f40a74fba03b924a470e0b5fc03146d557779d,a2e05e5a0c4a3514c9fe1f78e6ae9cd3
Assets/01.Sprites/00_New_Graphic_Resources/5_Characters_Exterior/Luna/luna_v2_idle_mask.png,Assets/02.ArtStaging/01.GoogleDrive/01.Characters/01.Luna/01.Sprites/02.Field/luna_v2_idle_mask.png,bb5f51e1469f9e47fbfee3feb28caef13b90e90f3b214cabfe5a85e0d878b271,da7acd58d1c43b94a8bf2a397be5756f
Assets/01.Sprites/00_New_Graphic_Resources/5_Characters_Exterior/Luna/luna_v2_run_Sheet.png,Assets/02.ArtStaging/01.GoogleDrive/01.Characters/01.Luna/01.Sprites/02.Field/luna_v2_run_Sheet.png,fe7fa3033bbd2cc5aec17785b19e044c1e79b273d4157578405245c7515b9ae5,12ee270cb8f087f45837387ff7a7ffe7
Assets/01.Sprites/00_New_Graphic_Resources/5_Characters_Exterior/Luna/luna_v2_run_Sheet_normal.png,Assets/02.ArtStaging/01.GoogleDrive/01.Characters/01.Luna/01.Sprites/02.Field/luna_v2_run_Sheet_normal.png,34d39ed6b6e041c75e328128bc57157ca92a938f224b237ca0fd3a68cf6a8261,56ebbefed493a7f42a8fba989ab15db4
Assets/01.Sprites/00_New_Graphic_Resources/5_Characters_Exterior/Luna/luna_v2_run_mask.png,Assets/02.ArtStaging/01.GoogleDrive/01.Characters/01.Luna/01.Sprites/02.Field/luna_v2_run_mask.png,fac4c0f8d5f7a1c4236bf2eab950c72c68065ee6d25112dcdda45abe428c6aa2,686534dfadf299a479812ed87784c19b
Assets/01.Sprites/00_New_Graphic_Resources/5_Characters_Exterior/Luna/luna_v2_walk_Sheet.png,Assets/02.ArtStaging/01.GoogleDrive/01.Characters/01.Luna/01.Sprites/02.Field/luna_v2_walk_Sheet.png,778581864a76583d9357ab3c837d7614aab0a6a91509b4f7e7ffd18a305cfe7d,7b746f6c0b5cfb7409ca54d7af2749f3
Assets/01.Sprites/00_New_Graphic_Resources/5_Characters_Exterior/Luna/luna_v2_walk_Sheet_normal_1.png,Assets/02.ArtStaging/01.GoogleDrive/01.Characters/01.Luna/01.Sprites/02.Field/luna_v2_walk_Sheet_normal_1.png,99a6e3da2daa20f130a1481be55fd0ba0774147f78bbd0c358f3a0cafa8c1b1c,fc881fc67839b354ca9ffff61205582f
Assets/01.Sprites/00_New_Graphic_Resources/5_Characters_Exterior/Luna/luna_v2_walk_mask.png,Assets/02.ArtStaging/01.GoogleDrive/01.Characters/01.Luna/01.Sprites/02.Field/luna_v2_walk_mask.png,59af58145cc2c70b60cb1d6babafedd0d0d13ecccaeb402c242c5d37a13a8127,b616980d8e45e67428b51503504f63cf
Assets/01.Sprites/00_New_Graphic_Resources/5_Characters_Exterior/Luna/luna_v2_walk_w_cat_Sheet.png,Assets/02.ArtStaging/01.GoogleDrive/01.Characters/01.Luna/01.Sprites/02.Field/luna_v2_walk_w_cat_Sheet.png,f7e1f9cb21013766938b12599292b9043e283ebca33d1ec21ed40263846b92ea,22175bd8dd0529d46bd959eb2eedbe8d
Assets/01.Sprites/00_New_Graphic_Resources/5_Characters_Exterior/Luna/luna_v2_walk_w_cat_Sheet_copy_normal.png,Assets/02.ArtStaging/01.GoogleDrive/01.Characters/01.Luna/01.Sprites/02.Field/luna_v2_walk_w_cat_Sheet_copy_normal.png,98b9dba41eebc1c7cd2ad90a104d03d58e3e607a211bc608d70af100334fe536,a1b958ce4d13de94abd4276410d08fab
Assets/01.Sprites/00_New_Graphic_Resources/5_Characters_Exterior/Luna/luna_v2_walk_w_cat_mask.png,Assets/02.ArtStaging/01.GoogleDrive/01.Characters/01.Luna/01.Sprites/02.Field/luna_v2_walk_w_cat_mask.png,68b9bad76762a0e56b8df4b18bb46ab2ac032c12f4e5ad989436973ef21d190a,78519fe576b04da45963231b98140425
Assets/01.Sprites/00_New_Graphic_Resources/5_Characters_Exterior/Samho/SAMHO_DEAD_OPNING_Sheet.png,Assets/02.ArtStaging/01.GoogleDrive/01.Characters/03.Samho/01.Sprites/02.Field/SAMHO_DEAD_OPNING_Sheet.png,75525934b9714fd86d94660f6e59918ba3d40a07e2750c9b2a68daa93f658026,d346a23df1bf1b8458fac0f3cf30ff07
Assets/01.Sprites/00_New_Graphic_Resources/5_Characters_Exterior/Samho/SAMHO_DEAD_Sheet.png,Assets/02.ArtStaging/01.GoogleDrive/01.Characters/03.Samho/01.Sprites/02.Field/SAMHO_DEAD_Sheet.png,a64c4968b0f9c114ac25178d4d7cd907cb93886b7c398e81c282123181294635,91dc9b9eabe6fb146b885a3bd2f128bf
Assets/01.Sprites/00_New_Graphic_Resources/5_Characters_Exterior/Samho/samho_IDLE_BLINK_Sheet.png,Assets/02.ArtStaging/01.GoogleDrive/01.Characters/03.Samho/01.Sprites/02.Field/samho_IDLE_BLINK_Sheet.png,4bdaf8a66fd58dc631d49f2b5d427c75c8f5d12fcc3de9eb04a302b751b70f79,632d81fbebc7fb943aa6ad6e0b15f115
Assets/01.Sprites/00_New_Graphic_Resources/5_Characters_Exterior/Samho/samho_IDLE_BLINK_Sheet_mask.png,Assets/02.ArtStaging/01.GoogleDrive/01.Characters/03.Samho/01.Sprites/02.Field/samho_IDLE_BLINK_Sheet_mask.png,705553ba89a032ff292db0331b259bd0b6f60007fddae6f00c5309266ef96e64,1293b08e7eaaf9e409360a464275e12e
Assets/01.Sprites/00_New_Graphic_Resources/5_Characters_Exterior/Samho/samho_IDLE_BLINK_Sheet_normal.png,Assets/02.ArtStaging/01.GoogleDrive/01.Characters/03.Samho/01.Sprites/02.Field/samho_IDLE_BLINK_Sheet_normal.png,fd1ccce30976810585ce4eaf12d9ab86bc37ecaedb47e7f26875d3b9c500d6dd,2ef72ffb10c625642ab957fb01a71539
Assets/01.Sprites/00_New_Graphic_Resources/5_Characters_Exterior/Samho/samho_IDLE_Sheet.png,Assets/02.ArtStaging/01.GoogleDrive/01.Characters/03.Samho/01.Sprites/02.Field/samho_IDLE_Sheet.png,69131c9923f9cfb919ce48c43b7afa5e089312592f530afb2f56366744517b2d,1fab05a88fee9f442a3557dd66c1d593
Assets/01.Sprites/00_New_Graphic_Resources/5_Characters_Exterior/Samho/samho_IDLE_Sheet_mask.png,Assets/02.ArtStaging/01.GoogleDrive/01.Characters/03.Samho/01.Sprites/02.Field/samho_IDLE_Sheet_mask.png,705553ba89a032ff292db0331b259bd0b6f60007fddae6f00c5309266ef96e64,fce183e88390cda46837546c4877131e
Assets/01.Sprites/00_New_Graphic_Resources/5_Characters_Exterior/Samho/samho_IDLE_Sheet_normal.png,Assets/02.ArtStaging/01.GoogleDrive/01.Characters/03.Samho/01.Sprites/02.Field/samho_IDLE_Sheet_normal.png,e47f5554166d6e65c34230ec5c202091e7c1034329d0a48fd79c442ad1aa45d5,82c97884d6f74aa4ca811dc8d169716c
Assets/01.Sprites/00_New_Graphic_Resources/5_Characters_Exterior/Samho/samho_RUN3_Sheet.png,Assets/02.ArtStaging/01.GoogleDrive/01.Characters/03.Samho/01.Sprites/02.Field/samho_RUN3_Sheet.png,9195c21f9a468d61541ef5d1b3d0ab52de32deb9f32b495e2a029a2a60e82cd6,4e713137255328a409ad497ed10b4ded
Assets/01.Sprites/00_New_Graphic_Resources/5_Characters_Exterior/Samho/samho_RUN3_Sheet_mask.png,Assets/02.ArtStaging/01.GoogleDrive/01.Characters/03.Samho/01.Sprites/02.Field/samho_RUN3_Sheet_mask.png,49a5136c7e8da09031662e50999101fcf3816d83a103bc05fe84c5808c4cebca,469f42ca9ef48864a97eac685f7b1e84
Assets/01.Sprites/00_New_Graphic_Resources/5_Characters_Exterior/Samho/samho_RUN3_Sheet_normal.png,Assets/02.ArtStaging/01.GoogleDrive/01.Characters/03.Samho/01.Sprites/02.Field/samho_RUN3_Sheet_normal.png,6115178c00af5f46fa5ad5f3b1bd302fa7a6b4c275f8e9c8cb13ff1fa1ecb514,fb3d59cf5bf019842984177ffb29fc76
Assets/01.Sprites/00_New_Graphic_Resources/5_Characters_Exterior/Street_NPCs/shi_Bar_Sheet.png,Assets/02.ArtStaging/01.GoogleDrive/04.Cutscenes/Characters/Street_NPCs/shi_Bar_Sheet.png,c1b43e035f15a6b34e67fd714010fe1f59ef96a4a429f4610d06d6ab09027b7c,438ebd3addc079243a9cc8cef9d11c4f
Assets/01.Sprites/00_New_Graphic_Resources/5_Characters_Exterior/scene/s1_Meeting_Bubi/Old_Luna/luna_sit3_Sheet.png,Assets/02.ArtStaging/01.GoogleDrive/04.Cutscenes/Characters/scene/s1_Meeting_Bubi/Old_Luna/luna_sit3_Sheet.png,956f2cebda024f8fdb037acb32ca14918fec38d80cef73addd922eb71f21c14b,be5a0107c543ec1438b920cfa08b0558
Assets/01.Sprites/00_New_Graphic_Resources/5_Characters_Exterior/scene/s1_Meeting_Bubi/luna_find_cat_Sheet.png,Assets/02.ArtStaging/01.GoogleDrive/04.Cutscenes/Characters/scene/s1_Meeting_Bubi/luna_find_cat_Sheet.png,a694d82c082b5557763de45879a76d2b9d60a9bf7a10cdd9d7e24c2f20092c8b,8ae1c832156c9494e8691f405f33080c
Assets/01.Sprites/00_New_Graphic_Resources/5_Characters_Exterior/scene/s1_Meeting_Bubi/luna_sit3_Sheet.png,Assets/02.ArtStaging/01.GoogleDrive/04.Cutscenes/Characters/scene/s1_Meeting_Bubi/luna_sit3_Sheet.png,799235e7f8b76be879f73e70d36613901a6212952c1cf3003fd707aea734f6f0,e2deac65e94e9b643b2c3ea61c2c7564
Assets/01.Sprites/00_New_Graphic_Resources/6_Cocktail_and_Ingredient_Assets/1_Glasses_Ingredient_Selection_Screen/beer_glass.png,Assets/01.Game/03.Content/03.Crafting/01.Preparation/Glasses/01.Sprites/beer_glass.png,a80bfa8335624a778e54217a361143999c7368fcb2b1fcc1bc7f9ffab2944394,351b3c81fe2f3904daef2a4d61f50d5c
Assets/01.Sprites/00_New_Graphic_Resources/6_Cocktail_and_Ingredient_Assets/1_Glasses_Ingredient_Selection_Screen/cocktail_glass.png,Assets/01.Game/03.Content/03.Crafting/01.Preparation/Glasses/01.Sprites/cocktail_glass.png,2cf4875939c828473301e5d5e5c7481904d871472bf99c39f154b057fb7d577f,8fafed00a232ed54680d7d4bea200d9c
Assets/01.Sprites/00_New_Graphic_Resources/6_Cocktail_and_Ingredient_Assets/1_Glasses_Ingredient_Selection_Screen/long_drink_glass.png,Assets/01.Game/03.Content/03.Crafting/01.Preparation/Glasses/01.Sprites/long_drink_glass.png,fddd5d0c2a389705195b1a410ff7a1088a7b8585c84b6d1d9abe25a349534089,20248cbaa57a1bc4d851dcce010c7e69
Assets/01.Sprites/00_New_Graphic_Resources/6_Cocktail_and_Ingredient_Assets/1_Glasses_Ingredient_Selection_Screen/old_fashioned_glass.png,Assets/01.Game/03.Content/03.Crafting/01.Preparation/Glasses/01.Sprites/old_fashioned_glass.png,4157d231c32208c6579488d31581b0b088e9987aa29f7145be166dcba5cd4264,9ef51d5d3f280b44dad239b45d058d9d
Assets/01.Sprites/00_New_Graphic_Resources/6_Cocktail_and_Ingredient_Assets/1_Glasses_Ingredient_Selection_Screen/sour_glass.png,Assets/01.Game/03.Content/03.Crafting/01.Preparation/Glasses/01.Sprites/sour_glass.png,e879d50232c1b76905a3ce449439d05719098ca144573d01db45a73200151ac6,48aa7061b14161f4d962ce432739f063
Assets/01.Sprites/00_New_Graphic_Resources/6_Cocktail_and_Ingredient_Assets/1_Glasses_Ingredient_Selection_Screen/wine_glass.png,Assets/01.Game/03.Content/03.Crafting/01.Preparation/Glasses/01.Sprites/wine_glass.png,6510d73adff9a8216fe50ac2281472d78a97e104b8ee2e8fd300ced8768d0e53,41a22b39f183b9542b952af4dbcc5441
Assets/01.Sprites/00_New_Graphic_Resources/6_Cocktail_and_Ingredient_Assets/2_Tools_Ingredient_Selection_Screen/bottle_opener.png,Assets/01.Game/03.Content/03.Crafting/01.Preparation/Tools/01.Sprites/bottle_opener.png,09a1de5548e55a53e494d546db9e693a9e11638da67bb51b5772965d6de3c990,e69c37e6fd495304383a1169e612de97
Assets/01.Sprites/00_New_Graphic_Resources/6_Cocktail_and_Ingredient_Assets/2_Tools_Ingredient_Selection_Screen/mixing_glass.png,Assets/01.Game/03.Content/03.Crafting/01.Preparation/Tools/01.Sprites/mixing_glass.png,d450c0df2676b159c132a4ec3308f5c2ad453b52a34c285ca8e27e3e3759a50f,c602c9463d80fa5418fe145654fdbd71
Assets/01.Sprites/00_New_Graphic_Resources/6_Cocktail_and_Ingredient_Assets/2_Tools_Ingredient_Selection_Screen/shaker.png,Assets/01.Game/03.Content/03.Crafting/01.Preparation/Tools/01.Sprites/shaker.png,e5d3abca722b3dabaecb664a0566ec1a5fb93610944c8f5eef25fcbe562f74db,5f0a29807638bf147962e15c8c6feba6
Assets/01.Sprites/00_New_Graphic_Resources/6_Cocktail_and_Ingredient_Assets/3_Regular_Shelf/bacardi_rum.png,Assets/01.Game/03.Content/03.Crafting/02.Ingredients/Shelf/01.Sprites/bacardi_rum.png,af2d3955c1f3c25a5590743cd785c9859c39ab83beb8030c7955c5f50de252a3,42d67361a3e608c4899e9854923244ba
Assets/01.Sprites/00_New_Graphic_Resources/6_Cocktail_and_Ingredient_Assets/3_Regular_Shelf/gin.png,Assets/01.Game/03.Content/03.Crafting/02.Ingredients/Shelf/01.Sprites/gin.png,57c9230a5a030e48344582e84e8d741b409064e645352868f02e9cca15755e2d,7f5c596c8b3f831479c997f3d89f8e16
Assets/01.Sprites/00_New_Graphic_Resources/6_Cocktail_and_Ingredient_Assets/3_Regular_Shelf/grenadine_syrup.png,Assets/01.Game/03.Content/03.Crafting/02.Ingredients/Shelf/01.Sprites/grenadine_syrup.png,67a4148cb4e85d5ac9d9cd5857e578e2a1e3de236926e36ab3e21d9f7f9929fa,99ce10c156510764fa43826406a1a732
Assets/01.Sprites/00_New_Graphic_Resources/6_Cocktail_and_Ingredient_Assets/3_Regular_Shelf/grey_goose_vodka.png,Assets/01.Game/03.Content/03.Crafting/02.Ingredients/Shelf/01.Sprites/grey_goose_vodka.png,02767a8e168c8e969c005e18d9b0e4173a7d403b5bc2edbbc8466a04f4f8e1bb,e8528b804ac8f4649aca307e7b775e88
Assets/01.Sprites/00_New_Graphic_Resources/6_Cocktail_and_Ingredient_Assets/3_Regular_Shelf/johnnie_walker_whisky.png,Assets/01.Game/03.Content/03.Crafting/02.Ingredients/Shelf/01.Sprites/johnnie_walker_whisky.png,b8a2d526e387f6c7f1c612e8d7f246d33800c4fbbebece3573b10eae35b817cd,c8940ee261f60984a9f6be236ec05934
Assets/01.Sprites/00_New_Graphic_Resources/6_Cocktail_and_Ingredient_Assets/3_Regular_Shelf/sour_mix.png,Assets/01.Game/03.Content/03.Crafting/02.Ingredients/Shelf/01.Sprites/sour_mix.png,efaa057f421057a493f8470a7ef878199ba2c86dcf863144887119f1c4de6294,99afed2384eec274490547470996ad2a
Assets/01.Sprites/00_New_Graphic_Resources/6_Cocktail_and_Ingredient_Assets/3_Regular_Shelf/tequila.png,Assets/01.Game/03.Content/03.Crafting/02.Ingredients/Shelf/01.Sprites/tequila.png,9b1193f33d41bcd9ce9af70bbcdc65d74cd19ecc5b93f4b0f2f7718dd46eaea3,a34eeaa7a888a1747be2f286addf4771
Assets/01.Sprites/00_New_Graphic_Resources/6_Cocktail_and_Ingredient_Assets/4_Refrigerator_Shelf/bottled_beer.png,Assets/01.Game/03.Content/03.Crafting/02.Ingredients/Refrigerator/01.Sprites/bottled_beer.png,b32ebbeedb3fc488ff162c1060c8c86ffb9fd55dd07a358b2f9eaed7a976b6a0,c13ea890c7e47d8419ca202d96f05e89
Assets/01.Sprites/00_New_Graphic_Resources/6_Cocktail_and_Ingredient_Assets/4_Refrigerator_Shelf/bottled_beer_decoration.png,Assets/02.ArtStaging/01.GoogleDrive/03.Crafting/02.Ingredients/Refrigerator/01.Sprites/bottled_beer_decoration.png,cdcfd47d248f2e63e6f48215372d249c230650da7e43d3d1cb8f44af75dabeeb,c64bc09c902315f42bc03df5356999d4
Assets/01.Sprites/00_New_Graphic_Resources/6_Cocktail_and_Ingredient_Assets/4_Refrigerator_Shelf/champagne.png,Assets/01.Game/03.Content/03.Crafting/02.Ingredients/Refrigerator/01.Sprites/champagne.png,f94b7f886f5bda260cedb576885267282a09247bb1d72f1ad9a8137123a2552e,6651c129d20d0dc44a3a7977fe7a8a5e
Assets/01.Sprites/00_New_Graphic_Resources/6_Cocktail_and_Ingredient_Assets/4_Refrigerator_Shelf/cola.png,Assets/01.Game/03.Content/03.Crafting/02.Ingredients/Refrigerator/01.Sprites/cola.png,69a2a00d2da7c5c32e4abcf80599051224950085be886c598dfac92478327546,80c1bc62efde68c41ad55abc7f9b905e
Assets/01.Sprites/00_New_Graphic_Resources/6_Cocktail_and_Ingredient_Assets/4_Refrigerator_Shelf/cola_decoration.png,Assets/02.ArtStaging/01.GoogleDrive/03.Crafting/02.Ingredients/Refrigerator/01.Sprites/cola_decoration.png,0cbec358fc5baa5a0c9c5e9dac43bd544d7551c1ae93d646b1612a480bc581ad,8456512615f9004489b7771b35d5d6c1
Assets/01.Sprites/00_New_Graphic_Resources/6_Cocktail_and_Ingredient_Assets/4_Refrigerator_Shelf/martini_dry_vermouth.png,Assets/01.Game/03.Content/03.Crafting/02.Ingredients/Refrigerator/01.Sprites/martini_dry_vermouth.png,8cbc91b266a018872079b7c5108d51c8191c0a2908462c8d6cec62903f1cb032,3a0f55f49ee6bdf429b084c763140566
Assets/01.Sprites/00_New_Graphic_Resources/6_Cocktail_and_Ingredient_Assets/4_Refrigerator_Shelf/orange_juice.png,Assets/01.Game/03.Content/03.Crafting/02.Ingredients/Refrigerator/01.Sprites/orange_juice.png,03115358c8847d1cf3c2b7f969164f26400cd77c5d3ef5160dc30588cf9b4b7f,dbc519e1a74e6f249886cfcb50e2f470
Assets/01.Sprites/00_New_Graphic_Resources/6_Cocktail_and_Ingredient_Assets/4_Refrigerator_Shelf/orange_juice_decoration.png,Assets/02.ArtStaging/01.GoogleDrive/03.Crafting/02.Ingredients/Refrigerator/01.Sprites/orange_juice_decoration.png,0b0c8bf68c648e329602ae6b7fc6393bc21616c2aee3b49924f90256a36f0486,c734043edaf98824c8314ad4e5200859
Assets/01.Sprites/00_New_Graphic_Resources/6_Cocktail_and_Ingredient_Assets/4_Refrigerator_Shelf/red_wine.png,Assets/01.Game/03.Content/03.Crafting/02.Ingredients/Refrigerator/01.Sprites/red_wine.png,0e8f4cf211368e940ae9c6ce8e81f4633a91d27d2eec5cbd76e322494cedc1f1,f0c5f14ed17815345907f6b8ccc17630
Assets/01.Sprites/00_New_Graphic_Resources/6_Cocktail_and_Ingredient_Assets/4_Refrigerator_Shelf/sparkling_water.png,Assets/01.Game/03.Content/03.Crafting/02.Ingredients/Refrigerator/01.Sprites/sparkling_water.png,b78e79b48d943b48f63a897dd9e3bd3129f973e2c9e1eaf65b80ca7cb522d0b2,c1c6706a487280b4b82bad9a2c6f4af1
Assets/01.Sprites/00_New_Graphic_Resources/6_Cocktail_and_Ingredient_Assets/4_Refrigerator_Shelf/sparkling_water_decoration.png,Assets/02.ArtStaging/01.GoogleDrive/03.Crafting/02.Ingredients/Refrigerator/01.Sprites/sparkling_water_decoration.png,3399005219444081b28e4add99e7f6d525394659a2b49a7761151015b43be95b,6cfab1d83966c4f42bb54776092bfefe
Assets/01.Sprites/00_New_Graphic_Resources/6_Cocktail_and_Ingredient_Assets/5_Cocktail_Making_Minigame_Screen/Cap/bottled_beer_gimmick.png,Assets/01.Game/03.Content/03.Crafting/04.Minigames/01.Sprites/05.Cap/bottled_beer_gimmick.png,f6b24eb56d5528353477a9208692f652f111634d0f55f70b50e4e47dad111d89,cda8f76904ba7ba448a3ba01e61765a4
Assets/01.Sprites/00_New_Graphic_Resources/6_Cocktail_and_Ingredient_Assets/5_Cocktail_Making_Minigame_Screen/Cap/bottled_beer_gimmick_cap.png,Assets/01.Game/03.Content/03.Crafting/04.Minigames/01.Sprites/05.Cap/bottled_beer_gimmick_cap.png,ede49fd8860c81fbf38b33dd24565e5306a7d955757e59017aad424faf5ba5f4,5a5406d2acd61da47a4209bdc2b99dde
Assets/01.Sprites/00_New_Graphic_Resources/6_Cocktail_and_Ingredient_Assets/5_Cocktail_Making_Minigame_Screen/Shaking_Screen/Placeholders/ice.png,Assets/02.ArtStaging/01.GoogleDrive/03.Crafting/04.Minigames/01.Sprites/02.Shake/Placeholders/ice.png,41c81046a7c74ff1ae42bd755f4585d548c1764b6a44455f18faa46f8d3c2942,cb817e904bbceb34e828260c6aba1a6f
Assets/01.Sprites/00_New_Graphic_Resources/6_Cocktail_and_Ingredient_Assets/5_Cocktail_Making_Minigame_Screen/Shaking_Screen/Placeholders/ice_scoop.png,Assets/02.ArtStaging/01.GoogleDrive/03.Crafting/04.Minigames/01.Sprites/02.Shake/Placeholders/ice_scoop.png,8e6a8f690147cdadb8ad80a61fb72fa31ddcfe934b8585fb993c81e3663dd1cb,36a78ea936313f546a9619bb897f330f
Assets/01.Sprites/00_New_Graphic_Resources/6_Cocktail_and_Ingredient_Assets/5_Cocktail_Making_Minigame_Screen/Shaking_Screen/Placeholders/shaker_body.png,Assets/02.ArtStaging/01.GoogleDrive/03.Crafting/04.Minigames/01.Sprites/02.Shake/Placeholders/shaker_body.png,a9eef8d4ffe84d57a62adb9af5d909d25630c92af3572dc19b486d7c48d26fea,29b7b36061cf13c44b69cfe84d3a5be1
Assets/01.Sprites/00_New_Graphic_Resources/6_Cocktail_and_Ingredient_Assets/5_Cocktail_Making_Minigame_Screen/Shaking_Screen/Placeholders/shaker_lid.png,Assets/02.ArtStaging/01.GoogleDrive/03.Crafting/04.Minigames/01.Sprites/02.Shake/Placeholders/shaker_lid.png,0cad02dd76242fabe2a62c3d104eefde157531511620004da9fdcbb459b7ec41,cc9ef45cc7b838946a392c2e8861d49c
Assets/01.Sprites/00_New_Graphic_Resources/6_Cocktail_and_Ingredient_Assets/6_Cocktails_Rating_Reveal/Cocktail_Glasses/beer_glass.png,Assets/02.ArtStaging/01.GoogleDrive/03.Crafting/03.Cocktails/Reveal/01.Sprites/Cocktail_Glasses/beer_glass.png,7a9cd2bd5599a29a694120de1e059c2cead830b1fc7c1d0beaecce5e68a54bc7,3e768a5e2a7c70b4f80557c732988aae
Assets/01.Sprites/00_New_Graphic_Resources/6_Cocktail_and_Ingredient_Assets/6_Cocktails_Rating_Reveal/Cocktail_Glasses/cocktail_glass.png,Assets/02.ArtStaging/01.GoogleDrive/03.Crafting/03.Cocktails/Reveal/01.Sprites/Cocktail_Glasses/cocktail_glass.png,4ad6bfbdba3ec22cb4e67238da891a1bfba71886846135f2dc443d5aea3e9666,9d9f3316496c1b94c888e3a88fd98033
Assets/01.Sprites/00_New_Graphic_Resources/6_Cocktail_and_Ingredient_Assets/6_Cocktails_Rating_Reveal/Cocktail_Glasses/long_drink_glass.png,Assets/02.ArtStaging/01.GoogleDrive/03.Crafting/03.Cocktails/Reveal/01.Sprites/Cocktail_Glasses/long_drink_glass.png,98287a71c72e6707d63d1d5e68b05b5ace9b113f3e3a5f99fc933cecec3d7234,f1f4952149d0bbc4594b6509d48af01e
Assets/01.Sprites/00_New_Graphic_Resources/6_Cocktail_and_Ingredient_Assets/6_Cocktails_Rating_Reveal/Cocktail_Glasses/old_fashioned_glass.png,Assets/02.ArtStaging/01.GoogleDrive/03.Crafting/03.Cocktails/Reveal/01.Sprites/Cocktail_Glasses/old_fashioned_glass.png,5b6b9bdcaceadbb3beafe7e3b90d9e4b681bb40f33d461538f5719825f33d1a6,a3015153eec69f9468223d6c57ec0550
Assets/01.Sprites/00_New_Graphic_Resources/6_Cocktail_and_Ingredient_Assets/6_Cocktails_Rating_Reveal/Cocktail_Glasses/sour_glass.png,Assets/02.ArtStaging/01.GoogleDrive/03.Crafting/03.Cocktails/Reveal/01.Sprites/Cocktail_Glasses/sour_glass.png,b6f6c614c5d3ae89b9e88bc66b7766eee2dacbf0a8c5f291fcc87c125ef6108d,a6cb06c12b2ee53458889ba03bd481cf
Assets/01.Sprites/00_New_Graphic_Resources/6_Cocktail_and_Ingredient_Assets/6_Cocktails_Rating_Reveal/Cocktail_Glasses/wine_glass.png,Assets/02.ArtStaging/01.GoogleDrive/03.Crafting/03.Cocktails/Reveal/01.Sprites/Cocktail_Glasses/wine_glass.png,77eddc65581446d5fc161fd63a0ea7109a9db8f67f8b1557c4deae41bf22938c,86ba00191a6d66a4d9f5067a5290c669
Assets/01.Sprites/00_New_Graphic_Resources/6_Cocktail_and_Ingredient_Assets/6_Cocktails_Rating_Reveal/Finished_Cocktails/cosmopolitan_final.png,Assets/01.Game/03.Content/03.Crafting/03.Cocktails/Reveal/01.Sprites/Finished_Cocktails/cosmopolitan_final.png,504798dae0b0ccbbb77b17f9b4fc6aa09f562794fa748243f7e2e8f6df3b9e49,f07e3ed86e8b5dc499dcbf16013e09f8
Assets/01.Sprites/00_New_Graphic_Resources/6_Cocktail_and_Ingredient_Assets/6_Cocktails_Rating_Reveal/Finished_Cocktails/dry_martini_final.png,Assets/02.ArtStaging/01.GoogleDrive/03.Crafting/03.Cocktails/Reveal/01.Sprites/Finished_Cocktails/dry_martini_final.png,729f703cf4dabecd1f755719fedcf0e6b19f72826256e77351ff9366e509cad0,abb6db2645bb45444b9ff82ae3f61f47
Assets/01.Sprites/00_New_Graphic_Resources/6_Cocktail_and_Ingredient_Assets/6_Cocktails_Rating_Reveal/Finished_Cocktails/failed_cocktail_final.png,Assets/02.ArtStaging/01.GoogleDrive/03.Crafting/03.Cocktails/Reveal/01.Sprites/Finished_Cocktails/failed_cocktail_final.png,77b3f7caf4a948d7bb6b59d67481c7fea8843506ace9fee885a342c68f6d7426,dfc3d71a455ad29449fa13e1dc8cb6a8
Assets/01.Sprites/00_New_Graphic_Resources/6_Cocktail_and_Ingredient_Assets/6_Cocktails_Rating_Reveal/Finished_Cocktails/gin_and_tonic_final.png,Assets/01.Game/03.Content/03.Crafting/03.Cocktails/Reveal/01.Sprites/Finished_Cocktails/gin_and_tonic_final.png,ce92277d96b6027ac7b7cb78833202a5936be376b277c0b9b9677de07903930f,1166e28047fcf914996ffb7127946416
Assets/01.Sprites/00_New_Graphic_Resources/6_Cocktail_and_Ingredient_Assets/6_Cocktails_Rating_Reveal/Finished_Cocktails/gin_fizz_final.png,Assets/02.ArtStaging/01.GoogleDrive/03.Crafting/03.Cocktails/Reveal/01.Sprites/Finished_Cocktails/gin_fizz_final.png,1786f35cf95b918a19a429dbf7fb2e01e75eec373998d15f7651c7a3a203830a,ff59ae73f95d392409ea8a7ae02ed633
Assets/01.Sprites/00_New_Graphic_Resources/6_Cocktail_and_Ingredient_Assets/6_Cocktails_Rating_Reveal/Finished_Cocktails/godfather_final.png,Assets/01.Game/03.Content/03.Crafting/03.Cocktails/Reveal/01.Sprites/Finished_Cocktails/godfather_final.png,4a09bc34298f70a514442384630e96b7d5627edd6d71dbb931a4d704e865e86b,2d20bbfb5692efa49a8446afdffc40ee
Assets/01.Sprites/00_New_Graphic_Resources/6_Cocktail_and_Ingredient_Assets/6_Cocktails_Rating_Reveal/Finished_Cocktails/kahlua_milk_final.png,Assets/01.Game/03.Content/03.Crafting/03.Cocktails/Reveal/01.Sprites/Finished_Cocktails/kahlua_milk_final.png,fac4201e69404698716f8f0ba3f79958fd7ee8d80f57d5bab2f46c7355911fff,a81ad5b466529a84dbf5a7d2f29f6344
Assets/01.Sprites/00_New_Graphic_Resources/6_Cocktail_and_Ingredient_Assets/6_Cocktails_Rating_Reveal/Finished_Cocktails/mojito_final.png,Assets/02.ArtStaging/01.GoogleDrive/03.Crafting/03.Cocktails/Reveal/01.Sprites/Finished_Cocktails/mojito_final.png,2bb43b0979edaf26b0c53d747fbd531d92c7b6c7df5ab4e198f64063b4406a70,28271b341361da646aefb8601df03fec
Assets/01.Sprites/00_New_Graphic_Resources/6_Cocktail_and_Ingredient_Assets/7_Cocktails_On_the_Bar_Counter/Cocktail_Glasses/long_drink_glass.png,Assets/02.ArtStaging/01.GoogleDrive/03.Crafting/03.Cocktails/Counter/01.Sprites/Cocktail_Glasses/long_drink_glass.png,5442757204106291f29fb9182f8134457cee357b16ec07ee3d68c49c4764392c,a158bb88b249c124da7ec5a98e8ccf48
Assets/01.Sprites/00_New_Graphic_Resources/6_Cocktail_and_Ingredient_Assets/7_Cocktails_On_the_Bar_Counter/Finished_Cocktails/gin_and_tonic.png,Assets/02.ArtStaging/01.GoogleDrive/03.Crafting/03.Cocktails/Counter/01.Sprites/Finished_Cocktails/gin_and_tonic.png,3b2b528bd88490013ba76d63d9097855bc39926a04f8b939d1cb439d9b481f0e,36e5529dd55cbe140abd4f2e327cecde
Assets/01.Sprites/00_New_Graphic_Resources/6_Cocktail_and_Ingredient_Assets/7_Cocktails_On_the_Bar_Counter/Finished_Cocktails/gin_fizz.png,Assets/02.ArtStaging/01.GoogleDrive/03.Crafting/03.Cocktails/Counter/01.Sprites/Finished_Cocktails/gin_fizz.png,97d585b5b19090e22c908fa76bc913876ed8176e77124bf9031e4dd459afea60,d7e593ab1239cd3409c4609c8d2ffd7c
Assets/01.Sprites/00_New_Graphic_Resources/6_Cocktail_and_Ingredient_Assets/8_Coaster/coaster.png,Assets/01.Game/03.Content/03.Crafting/05.Serving/Coaster/01.Sprites/coaster.png,06d38679b12e7c6cced2248d952ed0aebd842b347626e7c356a757e029c91adc,66a1293b67e1d8f4ca14ec15eb083d83
Assets/01.Sprites/00_New_Graphic_Resources/6_Cocktail_and_Ingredient_Assets/KeyBoard_Icon_BG.png,Assets/02.ArtStaging/01.GoogleDrive/03.Crafting/04.Minigames/01.Shared/01.Sprites/KeyBoard_Icon_BG.png,65340bb17b09eb3a07ca32401d3dd00a4c1b74bc616cd3fee27ab03537ab1b75,3c2cbaee83c29fa48bf7e807b0fa1436
Assets/01.Sprites/00_New_Graphic_Resources/6_Cocktail_and_Ingredient_Assets/Legacy/Placeholders_Unused/Ingredients/cranberry_j.png,Assets/02.ArtStaging/01.GoogleDrive/03.Crafting/90.PreviousVersions/01.Sprites/Placeholders_Unused/Ingredients/cranberry_j.png,48ffdb853978f99de39f60dc2f2aa14309b451378507beb7df03391ffc1d74c7,f450ec35aac5a1e4c8755afccdd70570
Assets/01.Sprites/00_New_Graphic_Resources/6_Cocktail_and_Ingredient_Assets/Legacy/Placeholders_Unused/Ingredients/disaronno.png,Assets/02.ArtStaging/01.GoogleDrive/03.Crafting/90.PreviousVersions/01.Sprites/Placeholders_Unused/Ingredients/disaronno.png,631f812bd78f0a73abc66cffb5e63cf8ac7a25cc3be419c8c6e5beb26a6a2c68,a23c3583786f84e4da4a950da564b6e3
Assets/01.Sprites/00_New_Graphic_Resources/6_Cocktail_and_Ingredient_Assets/Legacy/Placeholders_Unused/Ingredients/ice.png,Assets/02.ArtStaging/01.GoogleDrive/03.Crafting/90.PreviousVersions/01.Sprites/Placeholders_Unused/Ingredients/ice.png,7f2a47531d599a56239f4659069607254bcc6c9a469f14df9611ecf30ab2c760,45f99d0e974b373439b2287c86d07f99
Assets/01.Sprites/00_New_Graphic_Resources/6_Cocktail_and_Ingredient_Assets/Legacy/Placeholders_Unused/Ingredients/lemon_j.png,Assets/02.ArtStaging/01.GoogleDrive/03.Crafting/90.PreviousVersions/01.Sprites/Placeholders_Unused/Ingredients/lemon_j.png,66424549ec2f442262ef5ebdfc251c8002f85d374a8689e24e207fb7e8c57f59,8ca3e2557c30f404c89d5483f7bede2e
Assets/01.Sprites/00_New_Graphic_Resources/6_Cocktail_and_Ingredient_Assets/Legacy/Placeholders_Unused/Ingredients/lemon_s.png,Assets/02.ArtStaging/01.GoogleDrive/03.Crafting/90.PreviousVersions/01.Sprites/Placeholders_Unused/Ingredients/lemon_s.png,1c416208b4dfaa2502561a432841e5ee5ccea10f5c55905525b728c262536412,f3d5405b92ff721459d2ccb5f0acbbba
Assets/01.Sprites/00_New_Graphic_Resources/6_Cocktail_and_Ingredient_Assets/Legacy/Placeholders_Unused/Ingredients/lime_j.png,Assets/02.ArtStaging/01.GoogleDrive/03.Crafting/90.PreviousVersions/01.Sprites/Placeholders_Unused/Ingredients/lime_j.png,40a45afd4f5de0262e34944e186b767722192201e73cee2af307b3f66cb3c94a,bb2c87db8987f6947a5263cba6dda564
Assets/01.Sprites/00_New_Graphic_Resources/6_Cocktail_and_Ingredient_Assets/Legacy/Placeholders_Unused/Ingredients/liqueur.png,Assets/02.ArtStaging/01.GoogleDrive/03.Crafting/90.PreviousVersions/01.Sprites/Placeholders_Unused/Ingredients/liqueur.png,a1b6f4991e21024cf262f86e5524955a2b0893d310ac3743e8b52837317804e7,00f267910e8cadb4d823b70e3e8fda4d
Assets/01.Sprites/00_New_Graphic_Resources/6_Cocktail_and_Ingredient_Assets/Legacy/Placeholders_Unused/Ingredients/milk.png,Assets/02.ArtStaging/01.GoogleDrive/03.Crafting/90.PreviousVersions/01.Sprites/Placeholders_Unused/Ingredients/milk.png,3a0c7c8a2007685f36133280fcaf1911f280de4a8ab2513d3ec5b80e951d8d14,d52bc7a3e7d3f384385c0bd53698adf2
Assets/01.Sprites/00_New_Graphic_Resources/6_Cocktail_and_Ingredient_Assets/Legacy/Placeholders_Unused/Ingredients/mint.png,Assets/02.ArtStaging/01.GoogleDrive/03.Crafting/90.PreviousVersions/01.Sprites/Placeholders_Unused/Ingredients/mint.png,16d30f3724a5ff76c0ef5ece42dabb00715f33f8a96dadc9079327669fb237f4,807bf25926324a54e99b75f67c112bad
Assets/01.Sprites/00_New_Graphic_Resources/6_Cocktail_and_Ingredient_Assets/Legacy/Placeholders_Unused/Ingredients/rum.png,Assets/02.ArtStaging/01.GoogleDrive/03.Crafting/90.PreviousVersions/01.Sprites/Placeholders_Unused/Ingredients/rum.png,c44dd38115d70457cf26f958f181d5df713d7427d79037535140d8fa4598a0cd,16f926a8ccd929e42b72ea6244c2cc53
Assets/01.Sprites/00_New_Graphic_Resources/6_Cocktail_and_Ingredient_Assets/Legacy/Placeholders_Unused/Ingredients/sparkling.png,Assets/02.ArtStaging/01.GoogleDrive/03.Crafting/90.PreviousVersions/01.Sprites/Placeholders_Unused/Ingredients/sparkling.png,dcb3cb87438f81331095f4a65ea90e4ae25ae68e0dfe1bd5441aebdc38afa1d4,cb8a33587086c92419c9a1746f4fc407
Assets/01.Sprites/00_New_Graphic_Resources/6_Cocktail_and_Ingredient_Assets/Legacy/Placeholders_Unused/Ingredients/sugar_sirop.png,Assets/02.ArtStaging/01.GoogleDrive/03.Crafting/90.PreviousVersions/01.Sprites/Placeholders_Unused/Ingredients/sugar_sirop.png,c259cbdb7225108e43630bf3a26aae2031c09c8ce4d72949212988f3f0ef5982,94f52a0ca54dabf4791b9e2064f1d360
Assets/01.Sprites/00_New_Graphic_Resources/6_Cocktail_and_Ingredient_Assets/Legacy/Placeholders_Unused/Ingredients/tanqueray.png,Assets/02.ArtStaging/01.GoogleDrive/03.Crafting/90.PreviousVersions/01.Sprites/Placeholders_Unused/Ingredients/tanqueray.png,527fc62f5959b08a3c2eab5b5985d177610c3574739c896f10b6e3c0c6f7e5c0,e49c431eebdfbd4439afc3cbc266a29b
Assets/01.Sprites/00_New_Graphic_Resources/6_Cocktail_and_Ingredient_Assets/Legacy/Placeholders_Unused/Ingredients/triple_sec.png,Assets/02.ArtStaging/01.GoogleDrive/03.Crafting/90.PreviousVersions/01.Sprites/Placeholders_Unused/Ingredients/triple_sec.png,64fe7474c991005cffa238470654f6f55e41f42094750b8963878bab3c2a2ab4,ff33fd98084683c40a108be56f91b4ad
Assets/01.Sprites/00_New_Graphic_Resources/6_Cocktail_and_Ingredient_Assets/Legacy/Placeholders_Unused/Ingredients/vodka.png,Assets/02.ArtStaging/01.GoogleDrive/03.Crafting/90.PreviousVersions/01.Sprites/Placeholders_Unused/Ingredients/vodka.png,69993075d32cca966b457acd047eb86c33234d88d5b66fbebddad15d70360351,094140ea42e9de7469fbd0df8988fed4
Assets/01.Sprites/00_New_Graphic_Resources/6_Cocktail_and_Ingredient_Assets/Legacy/Placeholders_Unused/Ingredients/whisky.png,Assets/02.ArtStaging/01.GoogleDrive/03.Crafting/90.PreviousVersions/01.Sprites/Placeholders_Unused/Ingredients/whisky.png,f7ea2be0c40d2e1cb42bb26a9ee16ef934940a24bb3e5554c4399f393d39aea9,889869abbc50d204baf9192dcf1b167b
Assets/01.Sprites/00_New_Graphic_Resources/6_Cocktail_and_Ingredient_Assets/Legacy/cosmopolitan.png,Assets/02.ArtStaging/01.GoogleDrive/03.Crafting/90.PreviousVersions/01.Sprites/cosmopolitan.png,d20b94e9dd9c858306bac411ea66f5c973bc0ede608fb2643b5378e29ebc177a,f946d4f0e55e55e4fa16c3775d09bee7
Assets/01.Sprites/00_New_Graphic_Resources/6_Cocktail_and_Ingredient_Assets/Legacy/cosmopolitan_ui.png,Assets/02.ArtStaging/01.GoogleDrive/03.Crafting/90.PreviousVersions/01.Sprites/cosmopolitan_ui.png,c85d109e42f08ca15b6163cfe306e4f87530805c355b68df30086012bb785ac2,ae678fe9e994d6f418cd2d8308acc614
Assets/01.Sprites/00_New_Graphic_Resources/6_Cocktail_and_Ingredient_Assets/Legacy/failed_cocktail_ui.png,Assets/02.ArtStaging/01.GoogleDrive/03.Crafting/90.PreviousVersions/01.Sprites/failed_cocktail_ui.png,e944d3c2c18e1f5175a490a492c5ab0397f471ae8f203e4ec8f37c46b0b7f164,4bf0a678d89f43c4aa49de6cc83f9f91
Assets/01.Sprites/00_New_Graphic_Resources/6_Cocktail_and_Ingredient_Assets/Legacy/gin_fizz.png,Assets/02.ArtStaging/01.GoogleDrive/03.Crafting/90.PreviousVersions/01.Sprites/gin_fizz.png,5e788e410d5988f0e3105a92a02e8cbcb2204cafc1b51fde87aef56ebd794dd2,70654d05027fcf748bf5e05446871cc8
Assets/01.Sprites/00_New_Graphic_Resources/6_Cocktail_and_Ingredient_Assets/Legacy/gin_fizz_ui.png,Assets/02.ArtStaging/01.GoogleDrive/03.Crafting/90.PreviousVersions/01.Sprites/gin_fizz_ui.png,a2f47c3a5adb5f86520d849427657a7a0cd7c501a8fd8695f038eef3e488c871,c06479cba1653fe43a93f399c82143f1
Assets/01.Sprites/00_New_Graphic_Resources/6_Cocktail_and_Ingredient_Assets/Legacy/godfather_ui.png,Assets/02.ArtStaging/01.GoogleDrive/03.Crafting/90.PreviousVersions/01.Sprites/godfather_ui.png,d9e3cd36068486121af2a8887f595a97d9496943c6a648c0c54c22468a921550,4938fff4d0f9c6a4ab6c9f7e3190d6d4
Assets/01.Sprites/00_New_Graphic_Resources/6_Cocktail_and_Ingredient_Assets/Legacy/kahlua_milk.png,Assets/02.ArtStaging/01.GoogleDrive/03.Crafting/90.PreviousVersions/01.Sprites/kahlua_milk.png,e69f7fa2493dea61dd7f53cf41fdcccd756212a0b3668cd028833f72d6ee32f6,3508536aadb415447bd9bf7559614d1e
Assets/01.Sprites/00_New_Graphic_Resources/6_Cocktail_and_Ingredient_Assets/Legacy/kahlua_milk_ui.png,Assets/02.ArtStaging/01.GoogleDrive/03.Crafting/90.PreviousVersions/01.Sprites/kahlua_milk_ui.png,bdb79d35fc8f020d80bd2f38f90ac6e8740ae8a16750b53e22301d63b688897e,61681f200e429064992f4a5e7c18ff8a
Assets/01.Sprites/00_New_Graphic_Resources/6_Cocktail_and_Ingredient_Assets/Legacy/mojito_ui.png,Assets/02.ArtStaging/01.GoogleDrive/03.Crafting/90.PreviousVersions/01.Sprites/mojito_ui.png,dd71fa8eeb45dbd651dfc86f1541d9d026f76949cd35294418ba1c6b3a796150,6cc43260493eca24690629b6a4902561
Assets/01.Sprites/00_New_Graphic_Resources/7_scene/Cartoon_Style/Cat_and_Milk/Previous/cat_milk1.png,Assets/02.ArtStaging/01.GoogleDrive/04.Cutscenes/02.Bubi/01.Sprites/Cat_and_Milk/Previous/cat_milk1.png,011f89153fd2b7d6007b9214ef80a5904b0d37bcbe8a6123b33d541df49dcb92,c08a6bccbcf422a4695431e6e840e2df
Assets/01.Sprites/00_New_Graphic_Resources/7_scene/Cartoon_Style/Cat_and_Milk/Previous/cat_milk2.png,Assets/02.ArtStaging/01.GoogleDrive/04.Cutscenes/02.Bubi/01.Sprites/Cat_and_Milk/Previous/cat_milk2.png,098db7019daee8f3fa7ae64ba641d6122dd3ed9526ffda2951325d7a1592308b,c60f0a14720c63b41b600262a5d6762e
Assets/01.Sprites/00_New_Graphic_Resources/7_scene/Cartoon_Style/Cat_and_Milk/Previous/cat_milk3.png,Assets/02.ArtStaging/01.GoogleDrive/04.Cutscenes/02.Bubi/01.Sprites/Cat_and_Milk/Previous/cat_milk3.png,ad87b71bb2c3b6fdbf10725dec9b1ba0015b07d91715e35045000c7947f014da,a834092038f88ee45991b0437c9e7f9e
Assets/01.Sprites/00_New_Graphic_Resources/7_scene/Cartoon_Style/Cat_and_Milk/Previous/cat_milk4.png,Assets/02.ArtStaging/01.GoogleDrive/04.Cutscenes/02.Bubi/01.Sprites/Cat_and_Milk/Previous/cat_milk4.png,d42cd8270d9963d2f62fb4a80ce1d5e3d462d603173d2abca5455ae7be5daea4,1a89a037d12202546bdce8961b2a1a8d
Assets/01.Sprites/00_New_Graphic_Resources/7_scene/Cartoon_Style/Cat_and_Milk/Previous/cat_milk5.png,Assets/02.ArtStaging/01.GoogleDrive/04.Cutscenes/02.Bubi/01.Sprites/Cat_and_Milk/Previous/cat_milk5.png,a45f30fb979f2d7695736cc4c28fcb07ea67751da40c0efe6bfb85e0fbf035f5,cf64a14e949bcd34487a78c710d56bf6
Assets/01.Sprites/00_New_Graphic_Resources/7_scene/Cartoon_Style/Cat_and_Milk/Previous/cat_milk5_1.png,Assets/02.ArtStaging/01.GoogleDrive/04.Cutscenes/02.Bubi/01.Sprites/Cat_and_Milk/Previous/cat_milk5_1.png,cd834fe5ff257f6732559851615c787a571b79bde992f07335b7f2b71f7e4844,b66a46f95efee354187a40cfbb376379
Assets/01.Sprites/00_New_Graphic_Resources/7_scene/Cartoon_Style/Cat_and_Milk/Previous/cat_milk5_2.png,Assets/02.ArtStaging/01.GoogleDrive/04.Cutscenes/02.Bubi/01.Sprites/Cat_and_Milk/Previous/cat_milk5_2.png,42357e0a5cb91931ec747130ec9df39fbc87979af3179babb7d2bbb7838d5ea0,3a119c14726b81b49953fa8b3f5e69e6
Assets/01.Sprites/00_New_Graphic_Resources/7_scene/Cartoon_Style/Cat_and_Milk/Previous/cat_milk5_3.png,Assets/02.ArtStaging/01.GoogleDrive/04.Cutscenes/02.Bubi/01.Sprites/Cat_and_Milk/Previous/cat_milk5_3.png,1bde182a7148873372d3c631b5745503f9e6c03119a6ce9e0c89a786cbd1d5a9,ddc19c33413f3b545aa78af2edebb081
Assets/01.Sprites/00_New_Graphic_Resources/7_scene/Cartoon_Style/Cat_and_Milk/Previous/cat_milk5_4.png,Assets/02.ArtStaging/01.GoogleDrive/04.Cutscenes/02.Bubi/01.Sprites/Cat_and_Milk/Previous/cat_milk5_4.png,09cc4c64dd723a2670d7e4159d11cbce823612a021dc6b780df50eed95bd438a,2f5b7a87c06219e4e8ae020392c95287
Assets/01.Sprites/00_New_Graphic_Resources/7_scene/Cartoon_Style/Cat_and_Milk/Previous/cat_milk6.png,Assets/02.ArtStaging/01.GoogleDrive/04.Cutscenes/02.Bubi/01.Sprites/Cat_and_Milk/Previous/cat_milk6.png,fa68ec28fb2e178e7845821f7e187ea7be5c4df878f6045759ebbe7027663859,bcf5d4d01d6ec314ea41452bb81dd40c
Assets/01.Sprites/00_New_Graphic_Resources/7_scene/Cartoon_Style/Cat_and_Milk/cat_milk1.png,Assets/02.ArtStaging/01.GoogleDrive/04.Cutscenes/02.Bubi/01.Sprites/Cat_and_Milk/cat_milk1.png,9beafefc3ae698fccfe426ceb173c0a9984707cb006056ace7ee88ba16b89bdb,7553b0803a14f514581da9dabd15ce15
Assets/01.Sprites/00_New_Graphic_Resources/7_scene/Cartoon_Style/Cat_and_Milk/cat_milk2.png,Assets/02.ArtStaging/01.GoogleDrive/04.Cutscenes/02.Bubi/01.Sprites/Cat_and_Milk/cat_milk2.png,5ede28e7afb57baf17651795103631fa1206d9306f7f6c0b4e219237ed48941b,1b27df312b61a9946bcb6fee80b5c11b
Assets/01.Sprites/00_New_Graphic_Resources/7_scene/Cartoon_Style/Cat_and_Milk/cat_milk3.png,Assets/02.ArtStaging/01.GoogleDrive/04.Cutscenes/02.Bubi/01.Sprites/Cat_and_Milk/cat_milk3.png,df239545208cbbf86eec3aa7a3fed5f94457dd0246060409963cfeef69fbaabb,ebe02ebf28607b14e890116f699793b5
Assets/01.Sprites/00_New_Graphic_Resources/7_scene/Cartoon_Style/Cat_and_Milk/cat_milk4.png,Assets/02.ArtStaging/01.GoogleDrive/04.Cutscenes/02.Bubi/01.Sprites/Cat_and_Milk/cat_milk4.png,59c1cddcb72445e721919a36a7f8677f770f34a8e946301df91374a14d3ec9ea,8473cdaf728a82d4b868af0dcb8fcffe
Assets/01.Sprites/00_New_Graphic_Resources/7_scene/Cartoon_Style/Cat_and_Milk/cat_milk5.png,Assets/02.ArtStaging/01.GoogleDrive/04.Cutscenes/02.Bubi/01.Sprites/Cat_and_Milk/cat_milk5.png,17d3d5f37a22e5de554f561f60e917f0887723587988bc8403651ec642ef6e04,4b1bb114550fa3e48a6cbc1723c655d0
Assets/01.Sprites/00_New_Graphic_Resources/7_scene/Cartoon_Style/Cat_and_Milk/cat_milk5_1.png,Assets/02.ArtStaging/01.GoogleDrive/04.Cutscenes/02.Bubi/01.Sprites/Cat_and_Milk/cat_milk5_1.png,617f04f42692c2b89948ad9897e17de1353bda6e152fb2318c52df9c37a2b291,a2a3cb39e1e4d1344ae1f220da3dd868
Assets/01.Sprites/00_New_Graphic_Resources/7_scene/Cartoon_Style/Cat_and_Milk/cat_milk5_2.png,Assets/02.ArtStaging/01.GoogleDrive/04.Cutscenes/02.Bubi/01.Sprites/Cat_and_Milk/cat_milk5_2.png,8a34a903d794fcba5c965acaf906970521c9c633cd19bcc3cbfa53dedf6ca4b3,f1fdf25333d5c75459f6f9ac5f555141
Assets/01.Sprites/00_New_Graphic_Resources/7_scene/Cartoon_Style/Cat_and_Milk/cat_milk5_3.png,Assets/02.ArtStaging/01.GoogleDrive/04.Cutscenes/02.Bubi/01.Sprites/Cat_and_Milk/cat_milk5_3.png,d59177af3915afd869db1eee4e73b07aba27f902c83f8959a8641934ca695ef2,3c4195c348c7fe647bc58b2547d537d7
Assets/01.Sprites/00_New_Graphic_Resources/7_scene/Cartoon_Style/Cat_and_Milk/cat_milk5_4.png,Assets/02.ArtStaging/01.GoogleDrive/04.Cutscenes/02.Bubi/01.Sprites/Cat_and_Milk/cat_milk5_4.png,e24128e53df18f9ee4ac73e547008a2e4129644270dd12a06fc83c742ea6f389,8fedf15f02f79e94b909257551d6a8fd
Assets/01.Sprites/00_New_Graphic_Resources/7_scene/Cartoon_Style/Cat_and_Milk/cat_milk6.png,Assets/02.ArtStaging/01.GoogleDrive/04.Cutscenes/02.Bubi/01.Sprites/Cat_and_Milk/cat_milk6.png,85088fb5e9dbff3e0ed9fa21ab6f09b8b35f4fb06ab9420cf6202ace8f221718,4c4ba190cd31fe046ad9a44b18934fd6
Assets/01.Sprites/00_New_Graphic_Resources/7_scene/Cartoon_Style/Cat_and_Milk/cat_milk_Sheet.png,Assets/02.ArtStaging/01.GoogleDrive/04.Cutscenes/02.Bubi/01.Sprites/Cat_and_Milk/cat_milk_Sheet.png,25d06b25ab0b554ddd8932296626ff76e00df8a95a5bcc5ebd324ed9f87f9f09,bdf3920416f1fd4498562e983d11ede8
Assets/01.Sprites/00_New_Graphic_Resources/7_scene/Cocktail_Making_Screen/Legacy/Cosmopolitan_Making_Screen/cosmopolitan_1.png,Assets/02.ArtStaging/01.GoogleDrive/03.Crafting/03.Cocktails/Reveal/01.Sprites/Legacy/Cosmopolitan_Making_Screen/cosmopolitan_1.png,810ea96cd4999f0c357cf57f2779553b1ec808feec4ec9f8fcde414c1c911314,4a552083376001141bcda49932a7d330
Assets/01.Sprites/00_New_Graphic_Resources/7_scene/Cocktail_Making_Screen/Legacy/Cosmopolitan_Making_Screen/cosmopolitan_2.png,Assets/02.ArtStaging/01.GoogleDrive/03.Crafting/03.Cocktails/Reveal/01.Sprites/Legacy/Cosmopolitan_Making_Screen/cosmopolitan_2.png,2bdd483a5c4b23bf890b0954fdc32c018eeab093b89629b6a84cc60961da0794,046a6a63319e2f64883583af56305112
Assets/01.Sprites/00_New_Graphic_Resources/7_scene/Cocktail_Making_Screen/Legacy/Cosmopolitan_Making_Screen/cosmopolitan_3.png,Assets/02.ArtStaging/01.GoogleDrive/03.Crafting/03.Cocktails/Reveal/01.Sprites/Legacy/Cosmopolitan_Making_Screen/cosmopolitan_3.png,096a52704ddcb93d96251dfedf5094d5dda38309196ac279d55bfa599e3933fc,b4f1084df2a0e6743bdf5ceb8b160150
Assets/01.Sprites/00_New_Graphic_Resources/7_scene/Cocktail_Making_Screen/Legacy/Dry_Martini_Making_Screen/dry_martini_1.png,Assets/02.ArtStaging/01.GoogleDrive/03.Crafting/03.Cocktails/Reveal/01.Sprites/Legacy/Dry_Martini_Making_Screen/dry_martini_1.png,f5176ce56d89970ddf30d21a43cf29636f9f8f25ae40a292ad0172dfc9f82a94,13f6f3fb50a192f46b259620ae224a7e
Assets/01.Sprites/00_New_Graphic_Resources/7_scene/Cocktail_Making_Screen/Legacy/Dry_Martini_Making_Screen/dry_martini_2.png,Assets/02.ArtStaging/01.GoogleDrive/03.Crafting/03.Cocktails/Reveal/01.Sprites/Legacy/Dry_Martini_Making_Screen/dry_martini_2.png,d1c5fd837acabe78795ddad979f216490e1e049000d576d708482efd6b130549,74b7fb985cd312c4ba4435345b0bd6c1
Assets/01.Sprites/00_New_Graphic_Resources/7_scene/Cocktail_Making_Screen/Legacy/Dry_Martini_Making_Screen/dry_martini_3.png,Assets/02.ArtStaging/01.GoogleDrive/03.Crafting/03.Cocktails/Reveal/01.Sprites/Legacy/Dry_Martini_Making_Screen/dry_martini_3.png,3dfe0ef10c1f0449a74a6ca96e68de8cdd2986bcc1d64e4c04c99250b97ba7cf,b5be095e44f3d124c9b33cbf5c40765a
Assets/01.Sprites/00_New_Graphic_Resources/7_scene/Cocktail_Making_Screen/Legacy/Gin_Fizz_Making_Screen/gin_fizz_1.png,Assets/02.ArtStaging/01.GoogleDrive/03.Crafting/03.Cocktails/Reveal/01.Sprites/Legacy/Gin_Fizz_Making_Screen/gin_fizz_1.png,290bdb981b9a70142b751861fe72163bff013a11294fcbf6ff131b8dcba56abf,453773bd9a460314ebcde82508a1cc48
Assets/01.Sprites/00_New_Graphic_Resources/7_scene/Cocktail_Making_Screen/Legacy/Gin_Fizz_Making_Screen/gin_fizz_2.png,Assets/02.ArtStaging/01.GoogleDrive/03.Crafting/03.Cocktails/Reveal/01.Sprites/Legacy/Gin_Fizz_Making_Screen/gin_fizz_2.png,eec0cb1fab3b1eb01d30d493c9cee65b3df1716a71b657093524050953acd285,aed97fe7751d66b4c843c5f333b2e7d9
Assets/01.Sprites/00_New_Graphic_Resources/7_scene/Cocktail_Making_Screen/Legacy/Gin_Fizz_Making_Screen/gin_fizz_3.png,Assets/02.ArtStaging/01.GoogleDrive/03.Crafting/03.Cocktails/Reveal/01.Sprites/Legacy/Gin_Fizz_Making_Screen/gin_fizz_3.png,15b89f439a120a1c0662429007e5107029fe634d974b46a4798fe618c8c48f2d,74f2bf007e22a9b43abf587a85470ae4
Assets/01.Sprites/00_New_Graphic_Resources/7_scene/Cocktail_Making_Screen/Legacy/Kahlua_Milk_Making_Screen/kahlua_milk_1.png,Assets/02.ArtStaging/01.GoogleDrive/03.Crafting/03.Cocktails/Reveal/01.Sprites/Legacy/Kahlua_Milk_Making_Screen/kahlua_milk_1.png,2e59f88126eb504c212436655463cff9efe25dac140dd4d6bcb4a33639eb5a8f,5aa2692ad0baa224db85bd69430e5334
Assets/01.Sprites/00_New_Graphic_Resources/7_scene/Cocktail_Making_Screen/Legacy/Kahlua_Milk_Making_Screen/kahlua_milk_2.png,Assets/02.ArtStaging/01.GoogleDrive/03.Crafting/03.Cocktails/Reveal/01.Sprites/Legacy/Kahlua_Milk_Making_Screen/kahlua_milk_2.png,e546bab477a731397e4296575cb8fd524969d8223ab160240d8f1e9049b16d50,5c935111075150d42a4916d37c2be593
Assets/01.Sprites/00_New_Graphic_Resources/7_scene/Cocktail_Making_Screen/Legacy/Kahlua_Milk_Making_Screen/kahlua_milk_3.png,Assets/02.ArtStaging/01.GoogleDrive/03.Crafting/03.Cocktails/Reveal/01.Sprites/Legacy/Kahlua_Milk_Making_Screen/kahlua_milk_3.png,2ea6a8ae304d66d5a301e4cbbf29de1e403f81503c830005e554d54ea9cde073,1e704e568c395a64381aa78ce8932abd
Assets/01.Sprites/00_New_Graphic_Resources/7_scene/Cocktail_Making_Screen/Legacy/images/BG.png,Assets/02.ArtStaging/01.GoogleDrive/03.Crafting/03.Cocktails/Reveal/01.Sprites/Legacy/images/BG.png,fba301b24d801dc584340d607188213e4e61ce39253c319be93189890b763aa4,172b3c09d114af94894f6a61c48386d3
Assets/01.Sprites/00_New_Graphic_Resources/7_scene/Cocktail_Making_Screen/Legacy/images/FRAME.png,Assets/02.ArtStaging/01.GoogleDrive/03.Crafting/03.Cocktails/Reveal/01.Sprites/Legacy/images/FRAME.png,96c6d1413130214481ba01ee6aab9cf50b7a20271bfe5257c373e45f48172e67,804bb893253dc674a831c62f1d28a06d
Assets/01.Sprites/00_New_Graphic_Resources/7_scene/Cocktail_Making_Screen/Legacy/images/gin_fizz1.png,Assets/02.ArtStaging/01.GoogleDrive/03.Crafting/03.Cocktails/Reveal/01.Sprites/Legacy/images/gin_fizz1.png,6738186651657d57cd05de2f0cb476bb0362c54ca6a4efd8f7b6767fbc5b383d,3dc83b36e317a484daddf49e47744759
Assets/01.Sprites/00_New_Graphic_Resources/7_scene/Cocktail_Making_Screen/Legacy/images/gin_fizz2.png,Assets/02.ArtStaging/01.GoogleDrive/03.Crafting/03.Cocktails/Reveal/01.Sprites/Legacy/images/gin_fizz2.png,75ddd9f0154a4edc0da9b03b0aba7094d32e26d48fad583ac440482f3bd315f0,627ad9825d62b344db418cd3463f3b98
Assets/01.Sprites/00_New_Graphic_Resources/7_scene/Cocktail_Making_Screen/Legacy/images/gin_fizz3.png,Assets/02.ArtStaging/01.GoogleDrive/03.Crafting/03.Cocktails/Reveal/01.Sprites/Legacy/images/gin_fizz3.png,c60f530ae4f0fb54b680d5ee7a8e9708101c6b0ed7c0cf5cc4dd66e44cce5019,778ce0de0046a4b40a33e4348af245f2
Assets/01.Sprites/00_New_Graphic_Resources/7_scene/Cocktail_Making_Screen/Legacy/images/make_kalua_milk_1.png,Assets/02.ArtStaging/01.GoogleDrive/03.Crafting/03.Cocktails/Reveal/01.Sprites/Legacy/images/make_kalua_milk_1.png,def964cb9c51610c80fdaa3604ca67383d520c3eddc8f768496dfa4f86ab49a8,9bfe675da118c3c4992b92573334d3c5
Assets/01.Sprites/00_New_Graphic_Resources/7_scene/Cocktail_Making_Screen/Legacy/images/make_kalua_milk_2.png,Assets/02.ArtStaging/01.GoogleDrive/03.Crafting/03.Cocktails/Reveal/01.Sprites/Legacy/images/make_kalua_milk_2.png,db677c6ff0d8c32615788df6e27be2ed1424f28d48a5af2d1da28caabaa9ed51,929aa4823162a074782935f26b35e77f
Assets/01.Sprites/00_New_Graphic_Resources/7_scene/Cocktail_Making_Screen/Legacy/images/make_kalua_milk_3.png,Assets/02.ArtStaging/01.GoogleDrive/03.Crafting/03.Cocktails/Reveal/01.Sprites/Legacy/images/make_kalua_milk_3.png,7312c46618efce9a8285ce3ba6d5effbf84a603db25d1cdb4cc79292dbfaf6df,3c3809e8ec201d94cbc15cd3146049c0
Assets/01.Sprites/00_New_Graphic_Resources/7_scene/Cocktail_Making_Screen/Legacy/make_jin_fizz_Sheet.png,Assets/02.ArtStaging/01.GoogleDrive/03.Crafting/03.Cocktails/Reveal/01.Sprites/Legacy/make_jin_fizz_Sheet.png,3e8ee3814196197627ad99d6cbcbc9e11188116d1a2c6588560eeb602c51f77a,ea8c70af12c367b4f9892496faf582ce
Assets/01.Sprites/00_New_Graphic_Resources/7_scene/Cocktail_Making_Screen/Legacy/make_kalua_milk_Sheet.png,Assets/02.ArtStaging/01.GoogleDrive/03.Crafting/03.Cocktails/Reveal/01.Sprites/Legacy/make_kalua_milk_Sheet.png,b7bfa70c2654672612a9bef476e933c076b5f8e31fd9ad58a59ae827b0e4f58d,cf6dea86fa63673429e69c6398c4241c
Assets/01.Sprites/00_New_Graphic_Resources/7_scene/Cocktail_Serving_Screen/Drink_Serving_Screen_Sheets/Old_Screen/give_drink_spine_ginfizz_Sheet.png,Assets/02.ArtStaging/01.GoogleDrive/03.Crafting/05.Serving/01.Sprites/Drink_Serving_Screen_Sheets/Old_Screen/give_drink_spine_ginfizz_Sheet.png,9f8a6aa96825a18957596451dcd2c1fdf5d1a3699045c94fbf4d7ae261e31ac8,7cb9fe812db50c740aab3c5401deb373
Assets/01.Sprites/00_New_Graphic_Resources/7_scene/Cocktail_Serving_Screen/Drink_Serving_Screen_Sheets/Old_Screen/give_drink_spine_kaluaMilk_Sheet.png,Assets/02.ArtStaging/01.GoogleDrive/03.Crafting/05.Serving/01.Sprites/Drink_Serving_Screen_Sheets/Old_Screen/give_drink_spine_kaluaMilk_Sheet.png,6a3fda753cfa1ef752edd2f75bdbb9f535129c3e83e77ead0ebe57c852ded719,1ffc0d4524af51345b1c2da354c3a448
Assets/01.Sprites/00_New_Graphic_Resources/7_scene/Cocktail_Serving_Screen/Drink_Serving_Screen_Sheets/Old_Screen/give_drink_spine_missingNo_export_Sheet.png,Assets/02.ArtStaging/01.GoogleDrive/03.Crafting/05.Serving/01.Sprites/Drink_Serving_Screen_Sheets/Old_Screen/give_drink_spine_missingNo_export_Sheet.png,156ce652087b63d275da4e8fa10d97347ebd676f8d0bbfdd4ef9f1ebc2ff954d,6f0b4a93d7e9496408d1d8913052fd33
Assets/01.Sprites/00_New_Graphic_Resources/7_scene/Cocktail_Serving_Screen/Drink_Serving_Screen_Sheets/give_drink_cosmo_hand_ezgif_com_gif_to_sprite_converter.png,Assets/02.ArtStaging/01.GoogleDrive/03.Crafting/05.Serving/01.Sprites/Drink_Serving_Screen_Sheets/give_drink_cosmo_hand_ezgif_com_gif_to_sprite_converter.png,2fd9a4541389db2dd42c38feaf6a93067c700d19dbc3a4916f995af81e3b7c9c,e641baddf39358741b773e5471ccc462
Assets/01.Sprites/00_New_Graphic_Resources/7_scene/Cocktail_Serving_Screen/Drink_Serving_Screen_Sheets/give_drink_drymartini_hand_ezgif_com_gif_to_sprite_converter.png,Assets/02.ArtStaging/01.GoogleDrive/03.Crafting/05.Serving/01.Sprites/Drink_Serving_Screen_Sheets/give_drink_drymartini_hand_ezgif_com_gif_to_sprite_converter.png,6210484b82703b0e357d74c983a024ca36e183723e0cb0510d4e40b7e4df2a68,4f3de32fd5f50c5469c98661e2725597
Assets/01.Sprites/00_New_Graphic_Resources/7_scene/Cocktail_Serving_Screen/Drink_Serving_Screen_Sheets/give_drink_failue2_ezgif_com_gif_to_sprite_converter.png,Assets/02.ArtStaging/01.GoogleDrive/03.Crafting/05.Serving/01.Sprites/Drink_Serving_Screen_Sheets/give_drink_failue2_ezgif_com_gif_to_sprite_converter.png,6cc2eb6f55aa283790acb1733424db0392b3bd898638bbd373676a6bdd6a968e,fa6d7fdf82161df45bb1ef30db0594c1
Assets/01.Sprites/00_New_Graphic_Resources/7_scene/Cocktail_Serving_Screen/Drink_Serving_Screen_Sheets/give_drink_gin_fizz_ezgif_com_gif_to_sprite_converter.png,Assets/02.ArtStaging/01.GoogleDrive/03.Crafting/05.Serving/01.Sprites/Drink_Serving_Screen_Sheets/give_drink_gin_fizz_ezgif_com_gif_to_sprite_converter.png,bcfcde7a9348d9e90ac02ce76156fba014a78a973fc2cb82f43dcb941b587505,57f5514394ce694428be847b603c1cc8
Assets/01.Sprites/00_New_Graphic_Resources/7_scene/Cocktail_Serving_Screen/Drink_Serving_Screen_Sheets/give_drink_gin_tonic.png,Assets/02.ArtStaging/01.GoogleDrive/03.Crafting/05.Serving/01.Sprites/Drink_Serving_Screen_Sheets/give_drink_gin_tonic.png,98aa360ae2874b580dc49104977e21ae4fc3268df73f1834a2215956cf3336ad,ac1fc9bffd228dc43bc7c6b98b0b5ab5
Assets/01.Sprites/00_New_Graphic_Resources/7_scene/Cocktail_Serving_Screen/Drink_Serving_Screen_Sheets/give_drink_kalua_ezgif_com_gif_to_sprite_converter.png,Assets/02.ArtStaging/01.GoogleDrive/03.Crafting/05.Serving/01.Sprites/Drink_Serving_Screen_Sheets/give_drink_kalua_ezgif_com_gif_to_sprite_converter.png,58f59d8cc58b6b5c6b04b229f986d1242e58d970520fb73c73561d6510efc11d,e4ec8e1aa22ab6344b485f444aa89c32
Assets/01.Sprites/00_New_Graphic_Resources/7_scene/Cocktail_Serving_Screen/give_drink_parts.json,Assets/02.ArtStaging/01.GoogleDrive/03.Crafting/05.Serving/01.Sprites/give_drink_parts.json,a7bf7c1ad246cbc4abac995b8e0adb00f88c845acaaf8b36a4d8ae71f7843729,ac98a0f7f7475ed44ab26e87ec71c0de
Assets/01.Sprites/00_New_Graphic_Resources/7_scene/Cocktail_Serving_Screen/give_drink_spine.spine,01.SourceAssets/02.Working/03.Crafting/05.Serving/01.Sprites/give_drink_spine.spine,15202a7396521310f0748e73f64581289d500b242301230a1cc351da688a8a49,16222c4d660a84144a654bef2cf8e5c6
Assets/01.Sprites/00_New_Graphic_Resources/7_scene/Cocktail_Serving_Screen/images,Assets/02.ArtStaging/01.GoogleDrive/03.Crafting/05.Serving/01.Sprites/images,fd7a021c85bd167d9734ce429016db8ca53921d9fa12a5a3a75ccad170e4a1bd,3bbfe13708d28b04695aaeb22e678ed5
Assets/01.Sprites/00_New_Graphic_Resources/7_scene/Shaking_Animation/shake.png,Assets/02.ArtStaging/01.GoogleDrive/03.Crafting/04.Minigames/02.Shake/01.Sprites/shake.png,c1fd1f492eb29692aca8d3528f29876b4bfab9c3423740d75a94c4bf3abe5656,6ef5acdb1dcfbd440969cc0c0766758a
Assets/01.Sprites/00_New_Graphic_Resources/7_scene/Shaking_Animation/shake_nbg.png,Assets/02.ArtStaging/01.GoogleDrive/03.Crafting/04.Minigames/02.Shake/01.Sprites/shake_nbg.png,13b9651639b3772db9415ca6c971a80344f94d392a738e04c5cf3ce03efd5092,265a0611d0798794caa78745256dc85b
Assets/01.Sprites/00_New_Graphic_Resources/7_scene/Stirring_Animation/stir_Sheet.png,Assets/01.Game/03.Content/03.Crafting/04.Minigames/03.Stir/01.Sprites/stir_Sheet.png,1e6b1e16081d94ec7e82d52d1878828750d9f8dc911616c9332c42538809feb8,25b1d53237134864888ec3a25ed94b1c
Assets/01.Sprites/00_New_Graphic_Resources/8_UI/1_Logo/IMG_logo.png,Assets/02.ArtStaging/01.GoogleDrive/05.UI/02.Title/Logo/01.Sprites/IMG_logo.png,0c174f19b8facb09dbee5f8dca9db6287d3c963c028e777cb7399de02e88287e,1a072d4cae5a884418b37c732f151267
Assets/01.Sprites/00_New_Graphic_Resources/8_UI/1_Logo/IMG_logo_black.png,Assets/02.ArtStaging/01.GoogleDrive/05.UI/02.Title/Logo/01.Sprites/IMG_logo_black.png,e68275ca41485902166e1ca9499b58530bbc5be6cd00ee7043d894f177633e15,1914911af78150946af00a3a7bbac4fa
Assets/01.Sprites/00_New_Graphic_Resources/8_UI/1_Logo/IMG_logo_m.png,Assets/02.ArtStaging/01.GoogleDrive/05.UI/02.Title/Logo/01.Sprites/IMG_logo_m.png,079bc5fa2a0efdf8cd81f118f1d5faeb94940379c747441ed9aa6d3fe4d8f6df,095e1f3876d6530468480846c0c185de
Assets/01.Sprites/00_New_Graphic_Resources/8_UI/1_Logo/IMG_logo_r.png,Assets/02.ArtStaging/01.GoogleDrive/05.UI/02.Title/Logo/01.Sprites/IMG_logo_r.png,0e206a60a518b260b679fb3d122d5093d6b4dd5097c107299de7c386e51138af,af95339e5e93b5c40aadfb1a09054e90
Assets/01.Sprites/00_New_Graphic_Resources/8_UI/1_Logo/IMG_logo_white.png,Assets/02.ArtStaging/01.GoogleDrive/05.UI/02.Title/Logo/01.Sprites/IMG_logo_white.png,c6b5b7879ba1fe71acd797289534fd5d2c57340e1e8c93426e5f65ec5edd74e1,d3c155397d85aa24e8a4fc3e6fcaee14
Assets/01.Sprites/00_New_Graphic_Resources/8_UI/2_Main_Title_Screen/BTN_Disable.png,Assets/02.ArtStaging/01.GoogleDrive/05.UI/02.Title/01.Sprites/BTN_Disable.png,668902616ea486674c0ebf7d7d5e3d84c01f7ed013eba289b5b4039c60f6525c,30bf35f57c286e54d8b750b140ca651e
Assets/01.Sprites/00_New_Graphic_Resources/8_UI/2_Main_Title_Screen/BTN_Enable.png,Assets/02.ArtStaging/01.GoogleDrive/05.UI/02.Title/01.Sprites/BTN_Enable.png,7b58998d768bebeb59c968494542e0a75d82d61544884d3a62586fdd4d71aec4,bf87ad8c337498d48a72529f81b12e16
Assets/01.Sprites/00_New_Graphic_Resources/8_UI/2_Main_Title_Screen/IMG_Deco_button.png,Assets/02.ArtStaging/01.GoogleDrive/05.UI/02.Title/01.Sprites/IMG_Deco_button.png,71bf9b2965b364c393cb599aa030617c462d085545255cad6ced7395166c7148,640d16c202afa3d4eb9b39c5230785aa
Assets/01.Sprites/00_New_Graphic_Resources/8_UI/2_Main_Title_Screen/IMG_logo.png,Assets/02.ArtStaging/01.GoogleDrive/05.UI/02.Title/01.Sprites/IMG_logo.png,3e70cc9dffe015eaad848f8a785779ec3b349bc6fea1a05eb01b508fc9d0f0bc,784ddf8c39ac03149aa93c728385ad56
Assets/01.Sprites/00_New_Graphic_Resources/8_UI/2_Main_Title_Screen/PTN_Dot.png,Assets/02.ArtStaging/01.GoogleDrive/05.UI/02.Title/01.Sprites/PTN_Dot.png,02cebbc1046ad84884fa6e1e9549ac67a944b9b805b9f2aee06b8880c4f6fc47,881d9b0d4eadb2247aa6acd7c5b933cb
Assets/01.Sprites/00_New_Graphic_Resources/8_UI/2_Main_Title_Screen/title_font.txt,Assets/02.ArtStaging/01.GoogleDrive/05.UI/02.Title/01.Sprites/title_font.txt,0442fcb46924ac9481ba94935b2f6e852b60570042fe181ff67a22c2e0e47db5,6b66e6bb89a69bc4d956d62139c88f17
Assets/01.Sprites/00_New_Graphic_Resources/8_UI/2_Main_Title_Screen/title_screen.png,Assets/02.ArtStaging/01.GoogleDrive/05.UI/02.Title/01.Sprites/title_screen.png,e980fc96451fe56c6ec4c76ed8e4acb5f29698d33e6b17f405fb1bbde7407c93,1bd3912d381f7864fac27f42d769bc73
Assets/01.Sprites/00_New_Graphic_Resources/8_UI/3_Main_Screen/GRD_textbox.png,Assets/02.ArtStaging/01.GoogleDrive/05.UI/01.Shared/Dialogue/01.Sprites/GRD_textbox.png,8c0139da55b75aaa35906f34e180cbfb274eb4f395a9e66106386135c6677d2d,a434570947414cc43ace352cc0fdda8c
Assets/01.Sprites/00_New_Graphic_Resources/8_UI/3_Main_Screen/GRD_textbox_1.png,Assets/02.ArtStaging/01.GoogleDrive/05.UI/01.Shared/Dialogue/01.Sprites/GRD_textbox_1.png,9352b2e570a78933cf7cf4d6abdd167111e0af297d78f622383407dcdaee0b19,679c60ccda01efc4fbe4506ce2555635
Assets/01.Sprites/00_New_Graphic_Resources/8_UI/3_Main_Screen/GRD_textbox_2.png,Assets/02.ArtStaging/01.GoogleDrive/05.UI/01.Shared/Dialogue/01.Sprites/GRD_textbox_2.png,92e1300dd4fd9c2c32900e170f968258b26d5bf9b68fa992d1a6c308e49b568e,83f5ea85ed493c943b1902115e96ddfd
Assets/01.Sprites/00_New_Graphic_Resources/8_UI/3_Main_Screen/GRD_textbox_3.png,Assets/02.ArtStaging/01.GoogleDrive/05.UI/01.Shared/Dialogue/01.Sprites/GRD_textbox_3.png,a03a58029e63e7eae640e5afc928a24c401a8194e67e518f81fbdf28e3dfa25a,49802fa754f13914fa5034d975f5e946
Assets/01.Sprites/00_New_Graphic_Resources/8_UI/3_Main_Screen/GRD_textbox_4.png,Assets/02.ArtStaging/01.GoogleDrive/05.UI/01.Shared/Dialogue/01.Sprites/GRD_textbox_4.png,a27abde8b1774a08bf8c6c7eb8f39b9d812f001ba8ca96d06993e5971193dca2,06b624f9cafa1064a84d145b9fef3512
Assets/01.Sprites/00_New_Graphic_Resources/8_UI/3_Main_Screen/GRD_textbox_5.png,Assets/02.ArtStaging/01.GoogleDrive/05.UI/01.Shared/Dialogue/01.Sprites/GRD_textbox_5.png,a25e3d777c6dc5e196829743bf1846320bec89fb01fe08b480cf2a7b189453d0,d62962567e509df44b4017e82b7fe4ea
Assets/01.Sprites/00_New_Graphic_Resources/8_UI/3_Main_Screen/GRD_textbox_6.png,Assets/02.ArtStaging/01.GoogleDrive/05.UI/01.Shared/Dialogue/01.Sprites/GRD_textbox_6.png,c12700725e1c5ebb19bc29b0eac9768aaafac2f0d30a80e39f2280b4bd7118c3,21122f52e799f8f46a0f8b357e075c4c
Assets/01.Sprites/00_New_Graphic_Resources/8_UI/3_Main_Screen/GRD_textbox_7.png,Assets/02.ArtStaging/01.GoogleDrive/05.UI/01.Shared/Dialogue/01.Sprites/GRD_textbox_7.png,eafcf57adfc909c627472f485af4c3fdfbb029518f0b563e4566815529807f31,75ead6d08f383e54aa4d04f048dd2881
Assets/01.Sprites/00_New_Graphic_Resources/8_UI/3_Main_Screen/GRD_textbox_8.png,Assets/02.ArtStaging/01.GoogleDrive/05.UI/01.Shared/Dialogue/01.Sprites/GRD_textbox_8.png,b812d277e929629f3b3a5e12d4588458551c994d35906bc45c3089717f2d5b5f,e835b575396effe429ab7f312d5eff1a
Assets/01.Sprites/00_New_Graphic_Resources/8_UI/3_Main_Screen/GRD_textbox_9.png,Assets/02.ArtStaging/01.GoogleDrive/05.UI/01.Shared/Dialogue/01.Sprites/GRD_textbox_9.png,7b0135b46f0cd00a24b1b8f2454b365813574851fb73eedad5064f9990c72c07,815d1f800f5402a448d377f28a4d84f7
Assets/01.Sprites/00_New_Graphic_Resources/8_UI/3_Main_Screen/GRD_textbox_luna.png,Assets/02.ArtStaging/01.GoogleDrive/05.UI/01.Shared/Dialogue/01.Sprites/GRD_textbox_luna.png,13bf4fc6b910de146db295dd4bbd4866599720ec7096f366bcf240ba19db193e,51fa7f5ce05190d44bfe5f2e102bac23
Assets/01.Sprites/00_New_Graphic_Resources/8_UI/3_Main_Screen/IMG_choice_A.png,Assets/02.ArtStaging/01.GoogleDrive/05.UI/01.Shared/Dialogue/01.Sprites/IMG_choice_A.png,222fce0bdf7ac7e4c14cac8889733d293db15b98385a9bb1f2c1eefeea208f85,c5e37299bfd13e74a9ca35f7f0e657a6
Assets/01.Sprites/00_New_Graphic_Resources/8_UI/3_Main_Screen/IMG_choice_B.png,Assets/02.ArtStaging/01.GoogleDrive/05.UI/01.Shared/Dialogue/01.Sprites/IMG_choice_B.png,a245484c1e68d7d84d4711f22cfba13959b9367501354a1a921d6fec9d620af1,3570f037e456717479f7bc6f9416f410
Assets/01.Sprites/00_New_Graphic_Resources/8_UI/3_Main_Screen/IMG_choice_arrow.png,Assets/01.Game/03.Content/05.UI/01.Shared/Dialogue/01.Sprites/IMG_choice_arrow.png,a8b8dee7f9801df44345dcad4da2fd0fb128db293e3c9cd220288a34c2b90b2e,0dad2876001cf4246bf961c716895248
Assets/01.Sprites/00_New_Graphic_Resources/8_UI/3_Main_Screen/IMG_indicator_A.png,Assets/01.Game/03.Content/05.UI/01.Shared/Dialogue/01.Sprites/IMG_indicator_A.png,8068f79768c4964c917b91753e652477a9279b619ea146757b53d03e037bf069,6cf0edae60852df4f936ca9c869d62c8
Assets/01.Sprites/00_New_Graphic_Resources/8_UI/3_Main_Screen/IMG_indicator_B.png,Assets/01.Game/03.Content/05.UI/01.Shared/Dialogue/01.Sprites/IMG_indicator_B.png,ac3c5804b91878afce4453d789f6fe5a24f0523429098ea21940835b05c0a62e,f5997ec44abd4344b9d2dbce2309c3b6
Assets/01.Sprites/00_New_Graphic_Resources/8_UI/3_Main_Screen/IMG_money.png,Assets/02.ArtStaging/01.GoogleDrive/05.UI/01.Shared/Dialogue/01.Sprites/IMG_money.png,a68bcda5c0d8a112fba6a4b18cf26a142157d917b96ca752531b69fe6b7d1659,5bb52eec6e0ef9f489fe20ebbc3d2d45
Assets/01.Sprites/00_New_Graphic_Resources/8_UI/3_Main_Screen/IMG_textbox_Next.png,Assets/02.ArtStaging/01.GoogleDrive/05.UI/01.Shared/Dialogue/01.Sprites/IMG_textbox_Next.png,d995c93d2b39b844d3ca01c46f0336550657586427871daa2cf328df1e2dbcf4,a86df20b53dbe3142bce6642a861ac19
Assets/01.Sprites/00_New_Graphic_Resources/8_UI/3_Main_Screen/dialogue_screen_choices.png,Assets/02.ArtStaging/01.GoogleDrive/05.UI/01.Shared/Dialogue/01.Sprites/dialogue_screen_choices.png,906deacf7ae51e919c12918402dbb734bfab1f9fc07fba973610e325fe7c4b6a,d32308ebee5c86c4ab834d099d4c17ad
Assets/01.Sprites/00_New_Graphic_Resources/8_UI/3_Main_Screen/dialogue_screen_customer.png,Assets/02.ArtStaging/01.GoogleDrive/05.UI/01.Shared/Dialogue/01.Sprites/dialogue_screen_customer.png,d85449254379d31daa30f590ef531426d4042a7e166433d528977ee79e2a2db3,88c2fd17fbead314b804385e67004df8
Assets/01.Sprites/00_New_Graphic_Resources/8_UI/3_Main_Screen/dialogue_screen_luna.png,Assets/02.ArtStaging/01.GoogleDrive/05.UI/01.Shared/Dialogue/01.Sprites/dialogue_screen_luna.png,1841afd0300890f1f53f64fd08b135535bf1c8a4845d10f0d4cf515dea796e82,7898a7eb23affe245a3c23491e88eca2
Assets/01.Sprites/00_New_Graphic_Resources/8_UI/3_Main_Screen/main_font.txt,Assets/02.ArtStaging/01.GoogleDrive/05.UI/01.Shared/Dialogue/01.Sprites/main_font.txt,b485e2a2972b22a38af8c3c52238feb9a6686f1f0c2b4737b3e40525b8cc94ef,7ef43bb94789b0547a28390614c93e26
Assets/01.Sprites/00_New_Graphic_Resources/8_UI/4_Ingredient_Selection/BTN_arrow_L_A.png,Assets/01.Game/03.Content/03.Crafting/01.Preparation/UI/01.Sprites/BTN_arrow_L_A.png,65335dc40a6bf3c0e89ac2a2880d570817979b37d5d7f42f07b9ea6de33b8396,55b56e80756b68f499decdee5ffa762a
Assets/01.Sprites/00_New_Graphic_Resources/8_UI/4_Ingredient_Selection/BTN_arrow_L_B.png,Assets/02.ArtStaging/01.GoogleDrive/03.Crafting/01.Preparation/UI/01.Sprites/BTN_arrow_L_B.png,cff19098a1a752076ea5ab47e038ca9742ed14c3c2c3e411a479be3ff94325ea,514a179eac169e24fa12817db6b23874
Assets/01.Sprites/00_New_Graphic_Resources/8_UI/4_Ingredient_Selection/BTN_arrow_R_A.png,Assets/01.Game/03.Content/03.Crafting/01.Preparation/UI/01.Sprites/BTN_arrow_R_A.png,dcb61cabd3845bd1fca768dafa2e0a4093236ea2adbb9847bc548470c3c50502,fc4ef3487b5b15f4e911c504753ec99d
Assets/01.Sprites/00_New_Graphic_Resources/8_UI/4_Ingredient_Selection/BTN_arrow_R_B.png,Assets/02.ArtStaging/01.GoogleDrive/03.Crafting/01.Preparation/UI/01.Sprites/BTN_arrow_R_B.png,a94a756766b43f1bc6df4718251d4d308a10965687cab1601c49ae8fda7296a0,ea77d30653e8a6e4abb9f2a5a705ca22
Assets/01.Sprites/00_New_Graphic_Resources/8_UI/4_Ingredient_Selection/BTN_recipe.png,Assets/01.Game/03.Content/03.Crafting/01.Preparation/UI/01.Sprites/BTN_recipe.png,bc907e498b297333b0da4ac9e6b04c9ca210ecb91b5ce384e4a4510e50c07002,14f88544e3e4b2647b1f2fdceee5fb19
Assets/01.Sprites/00_New_Graphic_Resources/8_UI/4_Ingredient_Selection/BTN_start.png,Assets/01.Game/03.Content/03.Crafting/01.Preparation/UI/01.Sprites/BTN_start.png,017b4a125712928085a05b365226fab656caf0a76c9f9192fef95e5f4bed2d38,4d2845eae07165a40ad29b15f487ad81
Assets/01.Sprites/00_New_Graphic_Resources/8_UI/4_Ingredient_Selection/GRD_igd_info.png,Assets/01.Game/03.Content/03.Crafting/01.Preparation/UI/01.Sprites/GRD_igd_info.png,3aeee4e868e3f922d14fe67501817f86bebde6cb2c0a3936a239f8eb1ffc842c,7b03fb9396c5b374ebe95aff30159808
Assets/01.Sprites/00_New_Graphic_Resources/8_UI/4_Ingredient_Selection/GRD_igd_info_A.png,Assets/02.ArtStaging/01.GoogleDrive/03.Crafting/01.Preparation/UI/01.Sprites/GRD_igd_info_A.png,6dc937455c75cf18062cb6bb1d6179e8bd5ebf9a2b7c849cd0f7d1f41509d814,226bdbc2c3930474c894e8623c44d1ab
Assets/01.Sprites/00_New_Graphic_Resources/8_UI/4_Ingredient_Selection/GRD_igd_info_B.png,Assets/02.ArtStaging/01.GoogleDrive/03.Crafting/01.Preparation/UI/01.Sprites/GRD_igd_info_B.png,339e081702236b4c87c6466a5fb67897569b0ed8c51e21866940f1ac0414abd4,f7ca1f4fdc2aa74418d83c88dccc8e52
Assets/01.Sprites/00_New_Graphic_Resources/8_UI/4_Ingredient_Selection/GRD_igd_info_C.png,Assets/02.ArtStaging/01.GoogleDrive/03.Crafting/01.Preparation/UI/01.Sprites/GRD_igd_info_C.png,7fa8d1965c0389fec339dfa9e62a6b42c7aa0f6a1e00f5dcaa8c34d2aef8e136,cab0dd60b3dbb2d45a03d8cd96f5c1af
Assets/01.Sprites/00_New_Graphic_Resources/8_UI/4_Ingredient_Selection/GRD_igd_info_D.png,Assets/02.ArtStaging/01.GoogleDrive/03.Crafting/01.Preparation/UI/01.Sprites/GRD_igd_info_D.png,d472674eb94b7377ce6b779353345a2f414ace14c9b46f48eabb61af618a7293,8581fea21d7169742b8c2cb487eecd17
Assets/01.Sprites/00_New_Graphic_Resources/8_UI/4_Ingredient_Selection/IMG_igd_backround.png,Assets/01.Game/03.Content/03.Crafting/01.Preparation/UI/01.Sprites/IMG_igd_backround.png,99796d6a9199bd93816a39ca85aeff4282b082edf7f449a0545b6b2eb3c5e852,b07ef82798937e94ea85efc0383b166f
Assets/01.Sprites/00_New_Graphic_Resources/8_UI/4_Ingredient_Selection/IMG_igd_box_A.png,Assets/01.Game/03.Content/03.Crafting/01.Preparation/UI/01.Sprites/IMG_igd_box_A.png,2391c13fe4320b351ab87c425b5a1fe7e1fe2a17ea8bf172f5e15ec7c9728608,a79b3404262afd742ac616baa9979861
Assets/01.Sprites/00_New_Graphic_Resources/8_UI/4_Ingredient_Selection/IMG_igd_box_B.png,Assets/01.Game/03.Content/03.Crafting/01.Preparation/UI/01.Sprites/IMG_igd_box_B.png,e08cd3bfb7ec64e94ac1b25a088b58cd3cdf32b884b7691424d91ea2387311df,8fe14a291fe7081409a261b2fed23ade
Assets/01.Sprites/00_New_Graphic_Resources/8_UI/4_Ingredient_Selection/Recipes/BTN_recipe_close.png,Assets/01.Game/03.Content/03.Crafting/01.Preparation/UI/01.Sprites/Recipes/BTN_recipe_close.png,a7f02bf53571f538b4f714495652ce2c27d5347df1a66b22ed8b92e1f46034e4,18d8bbb222b2dec40b94ee83d36fc032
Assets/01.Sprites/00_New_Graphic_Resources/8_UI/4_Ingredient_Selection/Recipes/IMG_ESC.png,Assets/02.ArtStaging/01.GoogleDrive/03.Crafting/01.Preparation/UI/01.Sprites/Recipes/IMG_ESC.png,40075050deb84c4d775fafc9868b8d0b9bd3e175f56ade4a7ad9f8de35813231,63113ef53884b1b4ea06dc9b0c9c8dc8
Assets/01.Sprites/00_New_Graphic_Resources/8_UI/4_Ingredient_Selection/Recipes/IMG_cocktail_box.png,Assets/01.Game/03.Content/03.Crafting/01.Preparation/UI/01.Sprites/Recipes/IMG_cocktail_box.png,a1e966b8f46b7d3a947382efc3420e0c7eb761a4dd80026c10713af7327e8187,0b32b796c1fcbd146a454199f68b2d76
Assets/01.Sprites/00_New_Graphic_Resources/8_UI/4_Ingredient_Selection/Recipes/IMG_recipe_box.png,Assets/01.Game/03.Content/03.Crafting/01.Preparation/UI/01.Sprites/Recipes/IMG_recipe_box.png,d3bc899a089aa2633a92e1763a1ad76a8de123b24a6df6b586e87f4eb3b474c9,eba8e93ee4fba90439121e3710caec16
Assets/01.Sprites/00_New_Graphic_Resources/8_UI/4_Ingredient_Selection/Recipes/IMG_recipe_igd_box.png,Assets/01.Game/03.Content/03.Crafting/01.Preparation/UI/01.Sprites/Recipes/IMG_recipe_igd_box.png,7f4a6d0cac1c23845160137a90e9192861c9c493ce8a5349a5ea816b0520ae9a,82f67efaedc36ac4ca60e7a4f75718b3
Assets/01.Sprites/00_New_Graphic_Resources/8_UI/4_Ingredient_Selection/ingredient_font.txt,Assets/02.ArtStaging/01.GoogleDrive/03.Crafting/01.Preparation/UI/01.Sprites/ingredient_font.txt,5717688e405b16dec2fb8b62744dc1f120875cbba93cd234631d84257a0b9dbd,7d4d3c968f933f74c86281f5bb420fa8
Assets/01.Sprites/00_New_Graphic_Resources/8_UI/4_Ingredient_Selection/ingredient_selection_V1.png,Assets/02.ArtStaging/01.GoogleDrive/03.Crafting/01.Preparation/UI/01.Sprites/ingredient_selection_V1.png,f02e540ca43790df15f6dcec1fb2fcfc152d70be8e62f748d21249e1a904775b,c0c3403592496884294280baa1cb3ecc
Assets/01.Sprites/00_New_Graphic_Resources/8_UI/5_Stirring_Screen/BG_stir.png,Assets/01.Game/03.Content/03.Crafting/04.Minigames/03.Stir/UI/01.Sprites/BG_stir.png,30d6179191518a200dcb71f9fa8acb5f4d2c4dfb9b23648dd896bbe668a2d310,91bbeeaa5c529cf4fa040b413af7d02c
Assets/01.Sprites/00_New_Graphic_Resources/8_UI/5_Stirring_Screen/BTN_key_A.png,Assets/02.ArtStaging/01.GoogleDrive/03.Crafting/04.Minigames/03.Stir/UI/01.Sprites/BTN_key_A.png,78c935e3a0640a0222a5db1cee70ef001f45dc4acb770f73e8a75d39d149a7c9,bf015d8353c03354d8758590999d2f5d
Assets/01.Sprites/00_New_Graphic_Resources/8_UI/5_Stirring_Screen/BTN_key_B.png,Assets/01.Game/03.Content/03.Crafting/04.Minigames/03.Stir/UI/01.Sprites/BTN_key_B.png,f4c77ac45461d4b9d17cddfb8d6c96aa2df07b0301710c0e639e6f4235917d70,eff108ef71c633c4da9d4373f6fec054
Assets/01.Sprites/00_New_Graphic_Resources/8_UI/5_Stirring_Screen/BTN_key_C.png,Assets/02.ArtStaging/01.GoogleDrive/03.Crafting/04.Minigames/03.Stir/UI/01.Sprites/BTN_key_C.png,2fd38e8d300713ae631ba552e9789b005aca1597ab6444b453a3aa36d131e724,16db67cfe66569e4ebefeb650a93478b
Assets/01.Sprites/00_New_Graphic_Resources/8_UI/5_Stirring_Screen/GAU_stir_basic.png,Assets/02.ArtStaging/01.GoogleDrive/03.Crafting/04.Minigames/03.Stir/UI/01.Sprites/GAU_stir_basic.png,acadc44ea57e05815d87d5641b6235cf3817601dc22212bd664e34ec1c132908,0df6c575b6d71ca43b0b500bf42c6efc
Assets/01.Sprites/00_New_Graphic_Resources/8_UI/5_Stirring_Screen/GAU_stir_fail.png,Assets/02.ArtStaging/01.GoogleDrive/03.Crafting/04.Minigames/03.Stir/UI/01.Sprites/GAU_stir_fail.png,6af1a97413fae439d6370094f80d3851d0309a58d95203e7d58f56073b1af58f,e6f361cac65cd18438ea992f17173ab5
Assets/01.Sprites/00_New_Graphic_Resources/8_UI/5_Stirring_Screen/GAU_stir_round_A.png,Assets/02.ArtStaging/01.GoogleDrive/03.Crafting/04.Minigames/03.Stir/UI/01.Sprites/GAU_stir_round_A.png,8daf7607e3f2d14a7ae2ce7f3df45438b55d1bd99558bf1f1c6e4f66ea7b7401,fe14c71c0f4821b43933a5905afe827a
Assets/01.Sprites/00_New_Graphic_Resources/8_UI/5_Stirring_Screen/GAU_stir_round_B.png,Assets/02.ArtStaging/01.GoogleDrive/03.Crafting/04.Minigames/03.Stir/UI/01.Sprites/GAU_stir_round_B.png,ccecee3886cce990649f49aef2a9f3000ebec417e43c331c319899387b92dd04,e23b8b1bb0046b2479cbcef4876c2c23
Assets/01.Sprites/00_New_Graphic_Resources/8_UI/5_Stirring_Screen/GAU_stir_success.png,Assets/02.ArtStaging/01.GoogleDrive/03.Crafting/04.Minigames/03.Stir/UI/01.Sprites/GAU_stir_success.png,b1c6b002178a1b879b5be661a66cd50b76a168c77e82a3401d83cd1fd879ed06,26bff05a1f5352b458686a4048294214
Assets/01.Sprites/00_New_Graphic_Resources/8_UI/5_Stirring_Screen/ICN_sitr_time.png,Assets/02.ArtStaging/01.GoogleDrive/03.Crafting/04.Minigames/03.Stir/UI/01.Sprites/ICN_sitr_time.png,c83f5aafcd6741eaba926da086d04491d03cda0e54464608931c5ea53fa0d53f,6cac8cd73b34c5942a53f086a652cf4b
Assets/01.Sprites/00_New_Graphic_Resources/8_UI/5_Stirring_Screen/stir_font.txt,Assets/02.ArtStaging/01.GoogleDrive/03.Crafting/04.Minigames/03.Stir/UI/01.Sprites/stir_font.txt,46a3c3d22aaffc342b23ae0cdc46fc4bf7b58fe82c9b8427162da711ae1d936e,054f5fc1fe08efb44893d3a6fae0ef9d
Assets/01.Sprites/00_New_Graphic_Resources/8_UI/5_Stirring_Screen/stirring_minigame_V3.png,Assets/02.ArtStaging/01.GoogleDrive/03.Crafting/04.Minigames/03.Stir/UI/01.Sprites/stirring_minigame_V3.png,63d7ce7888fb67dd23b7d3c0d86187042dbdd71198ce97039431b3d38e23429d,b548c899633a2a144bbbaecd4d7c2c7a
Assets/01.Sprites/00_New_Graphic_Resources/8_UI/KeyBoard_Icon_BG.png,Assets/01.Game/03.Content/05.UI/01.Shared/01.Sprites/KeyBoard_Icon_BG.png,65340bb17b09eb3a07ca32401d3dd00a4c1b74bc616cd3fee27ab03537ab1b75,4735ca004db8c6e4ea60879b463ed13c
Assets/01.Sprites/00_New_Graphic_Resources/8_UI/Legacy/Crafting_Confirmation_Dialog/makecheck_back.png,Assets/02.ArtStaging/01.GoogleDrive/05.UI/90.PreviousVersions/01.Sprites/Crafting_Confirmation_Dialog/makecheck_back.png,461a2126529bf09e914fcdc8ad5c2734acf17613715ff7179c890f979528d635,0e5ed7dd2f3d635419e7d1c9518c66cf
Assets/01.Sprites/00_New_Graphic_Resources/8_UI/Legacy/Crafting_Confirmation_Dialog/makecheck_butten_pressed_L.png,Assets/02.ArtStaging/01.GoogleDrive/05.UI/90.PreviousVersions/01.Sprites/Crafting_Confirmation_Dialog/makecheck_butten_pressed_L.png,00da61b468411e0760f00327f5488934dcbcef612dfc01b4e4ea34cb89fb1880,883cc4c3bd080974a8521c4ce44b7a9d
Assets/01.Sprites/00_New_Graphic_Resources/8_UI/Legacy/Crafting_Confirmation_Dialog/makecheck_butten_pressed_R.png,Assets/02.ArtStaging/01.GoogleDrive/05.UI/90.PreviousVersions/01.Sprites/Crafting_Confirmation_Dialog/makecheck_butten_pressed_R.png,8969140fa23557f7a71e3a71ae729305ceec11fa7dd0709cd41bed2f13e5d3a2,4e9c3222e40ec7b4cb7067e61d9a1953
Assets/01.Sprites/00_New_Graphic_Resources/8_UI/Legacy/Crafting_Confirmation_Dialog/makecheck_butten_unpressed_L.png,Assets/02.ArtStaging/01.GoogleDrive/05.UI/90.PreviousVersions/01.Sprites/Crafting_Confirmation_Dialog/makecheck_butten_unpressed_L.png,675d953256b9be506e0100178e428ed1f7add954cb7ba776c5d1c747185820d0,5ff75ffc2201b684c952a410e9dffba5
Assets/01.Sprites/00_New_Graphic_Resources/8_UI/Legacy/Drink_Icons/Cosmopolitan.png,Assets/02.ArtStaging/01.GoogleDrive/05.UI/90.PreviousVersions/01.Sprites/Drink_Icons/Cosmopolitan.png,a513cecf2b135e81f86e56aa9dd6fd1cd91e3cb0ce72d272cc3496e2601446e2,dd58dc5ad5cb4ac4ca8d494546529f30
Assets/01.Sprites/00_New_Graphic_Resources/8_UI/Legacy/Drink_Icons/Dry_Martini.png,Assets/02.ArtStaging/01.GoogleDrive/05.UI/90.PreviousVersions/01.Sprites/Drink_Icons/Dry_Martini.png,9dfcdaa278ca8f02d78ca5a3bd7617d6b1c5aaec55c4426247fc900923959825,5ab24b731cddc254a8866f9b87db06f1
Assets/01.Sprites/00_New_Graphic_Resources/8_UI/Legacy/Drink_Icons/Gin_Fizz.png,Assets/02.ArtStaging/01.GoogleDrive/05.UI/90.PreviousVersions/01.Sprites/Drink_Icons/Gin_Fizz.png,6bd97105049f0ba901a8f644e4973283256e69fc2ea2adb2c375bb7d7b5f7560,9258ee8cf6ef4414e9efbacd59d27667
Assets/01.Sprites/00_New_Graphic_Resources/8_UI/Legacy/Drink_Icons/Godfather.png,Assets/02.ArtStaging/01.GoogleDrive/05.UI/90.PreviousVersions/01.Sprites/Drink_Icons/Godfather.png,6aa5f26a48583856f55dee9f14467d0bcd9321873e27e6d1903a8959beeb93d5,9b2977adfa468d643843395e264f5db4
Assets/01.Sprites/00_New_Graphic_Resources/8_UI/Legacy/Drink_Icons/Kahlua_Milk.png,Assets/02.ArtStaging/01.GoogleDrive/05.UI/90.PreviousVersions/01.Sprites/Drink_Icons/Kahlua_Milk.png,d6e95a77021cc3a277cdf65ee744aa96fa999597c45ae4bfe7f0535851897f8a,e58df4687d9515b488fd65fa24c27df8
Assets/01.Sprites/00_New_Graphic_Resources/8_UI/Legacy/Drink_Icons/Mojito.png,Assets/02.ArtStaging/01.GoogleDrive/05.UI/90.PreviousVersions/01.Sprites/Drink_Icons/Mojito.png,f06583807978a03795e0426fc7b929769327e0ed281827c64000af72c949b291,da67487821b3d9e4e90e45dd6d159c27
Assets/01.Sprites/00_New_Graphic_Resources/8_UI/Legacy/Drink_Making_Button/make_icon_L_export.png,Assets/02.ArtStaging/01.GoogleDrive/05.UI/90.PreviousVersions/01.Sprites/Drink_Making_Button/make_icon_L_export.png,c0b20fdf396f903ffaca48f7b7277bdd63f505dd8f4dcb5361e21f42228f9269,558b24b9830ff074eabb077d32a6c28b
Assets/01.Sprites/00_New_Graphic_Resources/8_UI/Legacy/Drink_Making_Button/make_icon_M_export.png,Assets/02.ArtStaging/01.GoogleDrive/05.UI/90.PreviousVersions/01.Sprites/Drink_Making_Button/make_icon_M_export.png,60f42931bf34370e038bd7e975803a928b7165ddf72ef494b1136920bb915130,5e8e916f0d46bcb42b79588b8e14ac08
Assets/01.Sprites/00_New_Graphic_Resources/8_UI/Legacy/Drink_Making_Button/make_icon_R_export.png,Assets/02.ArtStaging/01.GoogleDrive/05.UI/90.PreviousVersions/01.Sprites/Drink_Making_Button/make_icon_R_export.png,bcf6fd2f37979007b7e03248403e1cf6b069594ba6e9513781462d6c0a3d175b,5efed3eac9aea1848ae5b58792930e4a
Assets/01.Sprites/00_New_Graphic_Resources/8_UI/Legacy/Drink_Making_Button/make_pressed_L.png,Assets/02.ArtStaging/01.GoogleDrive/05.UI/90.PreviousVersions/01.Sprites/Drink_Making_Button/make_pressed_L.png,3523d8bf6273c14d0f58fb2c79efb96546aa9a6efd68349d86fff80d51943dba,7d70c7891585442478d5883bd75750fa
Assets/01.Sprites/00_New_Graphic_Resources/8_UI/Legacy/Drink_Making_Button/make_pressed_M.png,Assets/02.ArtStaging/01.GoogleDrive/05.UI/90.PreviousVersions/01.Sprites/Drink_Making_Button/make_pressed_M.png,dfc0d8e2654a1ce89e4e4fce220cfecd5707874624d6658bcbb7e2e822d5a228,10acb80262eaea84ba5ace2f9fbfd0ed
Assets/01.Sprites/00_New_Graphic_Resources/8_UI/Legacy/Drink_Making_Button/make_pressed_R.png,Assets/02.ArtStaging/01.GoogleDrive/05.UI/90.PreviousVersions/01.Sprites/Drink_Making_Button/make_pressed_R.png,688adc7f2aa1c4641b87dfbe1f8a4fffb75dd548dd8c9cdc0ed9162bf3860463,7ef497d2f0fef01498bf228cd3697b80
Assets/01.Sprites/00_New_Graphic_Resources/8_UI/Legacy/Drink_Making_Button/make_unpressed_L.png,Assets/02.ArtStaging/01.GoogleDrive/05.UI/90.PreviousVersions/01.Sprites/Drink_Making_Button/make_unpressed_L.png,a2b8887d53c9508cdc1d6def558ef72619b598ed79fc1d763025031a8fb53361,6de254d74fc614e478455bbda060324b
Assets/01.Sprites/00_New_Graphic_Resources/8_UI/Legacy/Drink_Making_Button/make_unpressed_M.png,Assets/02.ArtStaging/01.GoogleDrive/05.UI/90.PreviousVersions/01.Sprites/Drink_Making_Button/make_unpressed_M.png,64a868dbc7acc7f42c3ae48fa3926a0c78a0125d62d627136cad0ce50007ab2c,c7b11c9e6b461a34b808d1497d312907
Assets/01.Sprites/00_New_Graphic_Resources/8_UI/Legacy/Drink_Making_Button/make_unpressed_R.png,Assets/02.ArtStaging/01.GoogleDrive/05.UI/90.PreviousVersions/01.Sprites/Drink_Making_Button/make_unpressed_R.png,7f65673cec95e5b6aa295cbb81cea178e855007eca085859fb6dda29c169c310,400b4bfb67fe55148a0759c31a33b68f
Assets/01.Sprites/00_New_Graphic_Resources/8_UI/Legacy/History/history_back.png,Assets/02.ArtStaging/01.GoogleDrive/05.UI/90.PreviousVersions/01.Sprites/History/history_back.png,82d5c1a62839a32c840fd0209bee1eaf993f97bd27e17096da4ccfecdec93d1d,6dd526a03c254d44c80b1a6cecc47e21
Assets/01.Sprites/00_New_Graphic_Resources/8_UI/Legacy/History/history_main_back.png,Assets/02.ArtStaging/01.GoogleDrive/05.UI/90.PreviousVersions/01.Sprites/History/history_main_back.png,703a59af4a71288a2a62239644704f78ab867da30bc7e8fd0dce85852fd45538,ce95c06cb4894cf43a2ab880ed36b64d
Assets/01.Sprites/00_New_Graphic_Resources/8_UI/Legacy/History/history_scroll_button.png,Assets/02.ArtStaging/01.GoogleDrive/05.UI/90.PreviousVersions/01.Sprites/History/history_scroll_button.png,1f2c72539bc72e62cec83ad8f6a39b6d589d548b63f4f6921dfa6184b52781d9,2ec946efc76e74f48b376152c117c617
Assets/01.Sprites/00_New_Graphic_Resources/8_UI/Legacy/History/history_scroll_line.png,Assets/02.ArtStaging/01.GoogleDrive/05.UI/90.PreviousVersions/01.Sprites/History/history_scroll_line.png,ce5a3a7521e58ac57238949d66f180c375813d9272d827f578eb18ca57c245ac,e6f54de8a697de64681ec42e7055d46e
Assets/01.Sprites/00_New_Graphic_Resources/8_UI/Legacy/History/tap_select_back.png,Assets/02.ArtStaging/01.GoogleDrive/05.UI/90.PreviousVersions/01.Sprites/History/tap_select_back.png,703a59af4a71288a2a62239644704f78ab867da30bc7e8fd0dce85852fd45538,13e7e6f01a03c01418c8f8856205d1c5
Assets/01.Sprites/00_New_Graphic_Resources/8_UI/Legacy/History/tap_select_butten.png,Assets/02.ArtStaging/01.GoogleDrive/05.UI/90.PreviousVersions/01.Sprites/History/tap_select_butten.png,573dacf36e58b97fa9b333cf21effc8077786b1d9595aaa5c1ee20295598f53f,a067776afc3e6824dac00a67557a335e
Assets/01.Sprites/00_New_Graphic_Resources/8_UI/Legacy/Ingredient_Panel/ICE_pressed.png,Assets/02.ArtStaging/01.GoogleDrive/05.UI/90.PreviousVersions/01.Sprites/Ingredient_Panel/ICE_pressed.png,7f0f4c4b49849291c8080d55fe2e1569e4729bc1f31fe791373597423c0e66ee,a0c540d060062b74b89bc7ee0477d71c
Assets/01.Sprites/00_New_Graphic_Resources/8_UI/Legacy/Ingredient_Panel/ICE_unpressed.png,Assets/02.ArtStaging/01.GoogleDrive/05.UI/90.PreviousVersions/01.Sprites/Ingredient_Panel/ICE_unpressed.png,0b49f9ff7ef9f7882a79adb1a6970c808da16282544e5ffbf1ff29d19e7e77e8,9880216a5dd8c714f8b6b5410b1a0d53
Assets/01.Sprites/00_New_Graphic_Resources/8_UI/Legacy/Ingredient_Panel/back.png,Assets/02.ArtStaging/01.GoogleDrive/05.UI/90.PreviousVersions/01.Sprites/Ingredient_Panel/back.png,b84335a5a7671e3f19dd863e135756a405c3578550fb6b1e7da4901c152e7b62,308c73eb67809254b9032cc668fdcff8
Assets/01.Sprites/00_New_Graphic_Resources/8_UI/Legacy/Ingredient_Panel/back_line.png,Assets/02.ArtStaging/01.GoogleDrive/05.UI/90.PreviousVersions/01.Sprites/Ingredient_Panel/back_line.png,8aeac84359d812742021680dce1c97e881f88e920e5547353e137a86f1dabdca,41c3046faf1d987458b0b10f58a4454f
Assets/01.Sprites/00_New_Graphic_Resources/8_UI/Legacy/Ingredient_Panel/item_back_01.png,Assets/02.ArtStaging/01.GoogleDrive/05.UI/90.PreviousVersions/01.Sprites/Ingredient_Panel/item_back_01.png,e5584827e26ecb265f369b8467b8578f9b0ad4966aa11c07ee60d7b0cf95006d,d11cb4bc06a0fcf4da488e8a7b86c09d
Assets/01.Sprites/00_New_Graphic_Resources/8_UI/Legacy/Ingredient_Panel/item_back_02.png,Assets/02.ArtStaging/01.GoogleDrive/05.UI/90.PreviousVersions/01.Sprites/Ingredient_Panel/item_back_02.png,9e65421ae056a1bf185c8f4df5214a441024a4c4af2f9269016ef4ac02c9fcc3,e6d2d4ba2d3c7fe4bafce5241fcda89e
Assets/01.Sprites/00_New_Graphic_Resources/8_UI/Legacy/Ingredient_Panel/item_back_03.png,Assets/02.ArtStaging/01.GoogleDrive/05.UI/90.PreviousVersions/01.Sprites/Ingredient_Panel/item_back_03.png,f2c7d950fe66ef0d0a482327c9fe4b2327f63fadb465530a0af4e30e70e42676,9c7075fb10324c542a53824977ec4daf
Assets/01.Sprites/00_New_Graphic_Resources/8_UI/Legacy/Ingredient_Panel/item_back_04.png,Assets/02.ArtStaging/01.GoogleDrive/05.UI/90.PreviousVersions/01.Sprites/Ingredient_Panel/item_back_04.png,3583465f988e52333703e9f3779ed3a64bc823f2be666809b47f7ba78801147b,edcb5b7a4d7a4234ba10308a5ce60a54
Assets/01.Sprites/00_New_Graphic_Resources/8_UI/Legacy/Ingredient_Panel/item_back_v2_01.png,Assets/02.ArtStaging/01.GoogleDrive/05.UI/90.PreviousVersions/01.Sprites/Ingredient_Panel/item_back_v2_01.png,2960245e4b47b1d637785f9ca2286608937f6efb438eecf245ad5c0d795e2c94,615b2b0c8f2d57e4091f574c06bd4854
Assets/01.Sprites/00_New_Graphic_Resources/8_UI/Legacy/Ingredient_Panel/item_back_v2_02.png,Assets/02.ArtStaging/01.GoogleDrive/05.UI/90.PreviousVersions/01.Sprites/Ingredient_Panel/item_back_v2_02.png,bbecc1680f423641a537ca0d33f84dc22f76b2d2842d3b3bfc47ed9980cb9261,b62473d353de2a04bbf3b12cd1fb57fc
Assets/01.Sprites/00_New_Graphic_Resources/8_UI/Legacy/Ingredient_Panel/item_back_v2_03.png,Assets/02.ArtStaging/01.GoogleDrive/05.UI/90.PreviousVersions/01.Sprites/Ingredient_Panel/item_back_v2_03.png,0fe9ea6d0e91647ede505a45612e19bf1c01eaf2109c2f98367f931f7d9a2af1,10e074e1bc878794cbf3992d77a3a15f
Assets/01.Sprites/00_New_Graphic_Resources/8_UI/Legacy/Ingredient_Panel/item_back_v2_04.png,Assets/02.ArtStaging/01.GoogleDrive/05.UI/90.PreviousVersions/01.Sprites/Ingredient_Panel/item_back_v2_04.png,cbebd6f518a5df45494a50bc3687e294a6dfbb3681101e682cf9254e4d8f1e8a,9c4156d19a94bb84fbc7b6c07840bd5f
Assets/01.Sprites/00_New_Graphic_Resources/8_UI/Legacy/Ingredient_Panel/item_scroll_back.png,Assets/02.ArtStaging/01.GoogleDrive/05.UI/90.PreviousVersions/01.Sprites/Ingredient_Panel/item_scroll_back.png,25a00f65774ed4e032831c4d9edbde7f966d3d961227371c09145f4586ffef67,7d2267f775d69874781af682fbf7e962
Assets/01.Sprites/00_New_Graphic_Resources/8_UI/Legacy/Ingredient_Panel/item_select.png,Assets/02.ArtStaging/01.GoogleDrive/05.UI/90.PreviousVersions/01.Sprites/Ingredient_Panel/item_select.png,a2497496aab981fbc97cf449dd7f227845e23a93a946a76ae4dcb4f6148510fa,ea562cd64a59eff41a69a206b11fbc1f
Assets/01.Sprites/00_New_Graphic_Resources/8_UI/Legacy/Ingredient_Panel/item_select_pressed_back.png,Assets/02.ArtStaging/01.GoogleDrive/05.UI/90.PreviousVersions/01.Sprites/Ingredient_Panel/item_select_pressed_back.png,04e3f99ec5d6e2bda90bd193a2624b1a87bd33cd9b20e6c89ee7abebeb86f35e,157ce283e483e2e419aad13ca4117cb4
Assets/01.Sprites/00_New_Graphic_Resources/8_UI/Legacy/Ingredient_Panel/item_select_unpressed_back.png,Assets/02.ArtStaging/01.GoogleDrive/05.UI/90.PreviousVersions/01.Sprites/Ingredient_Panel/item_select_unpressed_back.png,e6195aa097312beabef02aa98035d229b842be8da3db20aef9399ccd7375f506,7b84cfc0ea3f3b24da02902d49de4c78
Assets/01.Sprites/00_New_Graphic_Resources/8_UI/Legacy/Ingredient_Panel/reset_pressed.png,Assets/02.ArtStaging/01.GoogleDrive/05.UI/90.PreviousVersions/01.Sprites/Ingredient_Panel/reset_pressed.png,630ef2a4fd5e47ae0ca7c6f8e5610cc4a5517465b876a49317b0104897df0d97,0c61d288c2b1a484084d4bbfeaa6d0e5
Assets/01.Sprites/00_New_Graphic_Resources/8_UI/Legacy/Ingredient_Panel/reset_unpressed.png,Assets/02.ArtStaging/01.GoogleDrive/05.UI/90.PreviousVersions/01.Sprites/Ingredient_Panel/reset_unpressed.png,27187d510e76465e3d190cc545ca2edcab7d3b10194bca59ba4761d5b6c534dc,968daf54bcfc2fa4bb530ced0a8f77d8
Assets/01.Sprites/00_New_Graphic_Resources/8_UI/Legacy/Ingredient_Panel/scrollbar1.png,Assets/02.ArtStaging/01.GoogleDrive/05.UI/90.PreviousVersions/01.Sprites/Ingredient_Panel/scrollbar1.png,6c2fbc03ae1d40477b2940d20dc878dfa5898206cab78fc183afeac4970cdb4f,b01721d7697f02f4489d5fa462f599dc
Assets/01.Sprites/00_New_Graphic_Resources/8_UI/Legacy/Ingredient_Panel/scrollbar2.png,Assets/02.ArtStaging/01.GoogleDrive/05.UI/90.PreviousVersions/01.Sprites/Ingredient_Panel/scrollbar2.png,4cc0cab8a7d86c5b5006dfd4d7a7ec1d47a6bc5e2880fd78b43944f2f656b4ff,03cc087c74bdfa04b80be2c4e0d7c008
Assets/01.Sprites/00_New_Graphic_Resources/8_UI/Legacy/Ingredients/cranberry_j.png,Assets/02.ArtStaging/01.GoogleDrive/05.UI/90.PreviousVersions/01.Sprites/Ingredients/cranberry_j.png,317fe17d0659ec6741550db6b996c96eef1396dd55e5beae6248b5245965e212,6e896e0454a9c7048a0fcde5f7648f63
Assets/01.Sprites/00_New_Graphic_Resources/8_UI/Legacy/Ingredients/disaronno.png,Assets/02.ArtStaging/01.GoogleDrive/05.UI/90.PreviousVersions/01.Sprites/Ingredients/disaronno.png,e2fcbaa5d940b2d7923a8bad1067f1a2bc1a9c263b50a7ef938e4b4937ac6c83,1063773f5c4d275459a58d50f66bf4e1
Assets/01.Sprites/00_New_Graphic_Resources/8_UI/Legacy/Ingredients/lemon_j.png,Assets/02.ArtStaging/01.GoogleDrive/05.UI/90.PreviousVersions/01.Sprites/Ingredients/lemon_j.png,827509e4e7fb92a43687d2f82da45e150fd3e36ef42866db4256626360399bc4,fdea368a87b1a6240806f35b420a22d7
Assets/01.Sprites/00_New_Graphic_Resources/8_UI/Legacy/Ingredients/lemon_s.png,Assets/02.ArtStaging/01.GoogleDrive/05.UI/90.PreviousVersions/01.Sprites/Ingredients/lemon_s.png,c18904997f7edb3ab3adb6b5d5ab1202466148a08a571171283123a1ef5358ec,aac8a728aa06a2249a0a7c6b87b83032
Assets/01.Sprites/00_New_Graphic_Resources/8_UI/Legacy/Ingredients/lime_j.png,Assets/02.ArtStaging/01.GoogleDrive/05.UI/90.PreviousVersions/01.Sprites/Ingredients/lime_j.png,ee3c004d3694e683c6f942355ce04a9f04ed74d078d067de8ef2763180da7058,0fcb4ef5ea618a842882c6bc7b9b235d
Assets/01.Sprites/00_New_Graphic_Resources/8_UI/Legacy/Ingredients/liqueur.png,Assets/02.ArtStaging/01.GoogleDrive/05.UI/90.PreviousVersions/01.Sprites/Ingredients/liqueur.png,65b81c0a247dde779b0caa965a16539489ad837f1451e80c9c9ddccb3e4b6417,cbd33a666e7e9ad4fbe3ec7ef4feeaac
Assets/01.Sprites/00_New_Graphic_Resources/8_UI/Legacy/Ingredients/milk.png,Assets/02.ArtStaging/01.GoogleDrive/05.UI/90.PreviousVersions/01.Sprites/Ingredients/milk.png,588a74ff03c371963043f5a4a4b086d2c2b9e2eb6739041dc28980988ed6a9d0,1d8787a8d3b5620478e4e6310cf1edb3
Assets/01.Sprites/00_New_Graphic_Resources/8_UI/Legacy/Ingredients/mint.png,Assets/02.ArtStaging/01.GoogleDrive/05.UI/90.PreviousVersions/01.Sprites/Ingredients/mint.png,06fbf7fa34e9dee743b1e029a01e07af79d1c4a4e37ab4a13c4ea361fac943c6,1a03fc9fd80a7be44a7b199b4024f910
Assets/01.Sprites/00_New_Graphic_Resources/8_UI/Legacy/Ingredients/olive.png,Assets/02.ArtStaging/01.GoogleDrive/05.UI/90.PreviousVersions/01.Sprites/Ingredients/olive.png,d478a232505e8475254d8eb601f07a171d0771a568af4e6ef485e19b4acd68b7,8ce9439fdb5f4fd4a9f8dadc4acadd8f
Assets/01.Sprites/00_New_Graphic_Resources/8_UI/Legacy/Ingredients/rum.png,Assets/02.ArtStaging/01.GoogleDrive/05.UI/90.PreviousVersions/01.Sprites/Ingredients/rum.png,a411502cecbf3729245fd7ebe49f64be99d4e81bd2e8927bcb87da118b54effb,3d2442c8195d92847811e37e8f3aac2b
Assets/01.Sprites/00_New_Graphic_Resources/8_UI/Legacy/Ingredients/sparkling.png,Assets/02.ArtStaging/01.GoogleDrive/05.UI/90.PreviousVersions/01.Sprites/Ingredients/sparkling.png,58542eb6ee2913b2710c6504bc1997ba60dbd70cf4be9c0cbeca5f39debf4df1,df3f0f88d38e8374e80897093bef38c0
Assets/01.Sprites/00_New_Graphic_Resources/8_UI/Legacy/Ingredients/sugar_sirop.png,Assets/02.ArtStaging/01.GoogleDrive/05.UI/90.PreviousVersions/01.Sprites/Ingredients/sugar_sirop.png,8f67c43a53c83009431e6bd64999726c21e1db76f8fd5291463ea9105b9b6142,538d0cc4c492db545b872ccec7bf9dbd
Assets/01.Sprites/00_New_Graphic_Resources/8_UI/Legacy/Ingredients/tanqueray.png,Assets/02.ArtStaging/01.GoogleDrive/05.UI/90.PreviousVersions/01.Sprites/Ingredients/tanqueray.png,8f0d38111b89071997feb2662d5a6487d6af330644f131c11c087e10b1f5a5ee,0db38a34415fbc94fb1358a223290b41
Assets/01.Sprites/00_New_Graphic_Resources/8_UI/Legacy/Ingredients/triple_sec.png,Assets/02.ArtStaging/01.GoogleDrive/05.UI/90.PreviousVersions/01.Sprites/Ingredients/triple_sec.png,5faa53255083f5ef86f12f8c2f35404d18d3365ce3b219d58464860387192fb4,86e8994f999bc5a4c9edd53e8799e058
Assets/01.Sprites/00_New_Graphic_Resources/8_UI/Legacy/Ingredients/vermouth.png,Assets/02.ArtStaging/01.GoogleDrive/05.UI/90.PreviousVersions/01.Sprites/Ingredients/vermouth.png,60ad4ffbad04b1cbae4ecd0cd6f66c9234b0e79fd0174317dbfdef2e1c1f8387,35fd8dda021cce64d84798fdaceefc9c
Assets/01.Sprites/00_New_Graphic_Resources/8_UI/Legacy/Ingredients/vodka.png,Assets/02.ArtStaging/01.GoogleDrive/05.UI/90.PreviousVersions/01.Sprites/Ingredients/vodka.png,abd0836665d60f9a0173da1be59a42cda529bb329065ce803df4fc454a9e10fb,57e2dd6a77af08f44921d44455a0de82
Assets/01.Sprites/00_New_Graphic_Resources/8_UI/Legacy/Ingredients/whisky.png,Assets/02.ArtStaging/01.GoogleDrive/05.UI/90.PreviousVersions/01.Sprites/Ingredients/whisky.png,5dec8a2f18dce28436a0f34bcb386b592321f2f99a2c1292a4f16bb04b27821a,793ad92b460e8054d8c1ce9ad4b0b864
Assets/01.Sprites/00_New_Graphic_Resources/8_UI/Legacy/Menu/X.png,Assets/02.ArtStaging/01.GoogleDrive/05.UI/90.PreviousVersions/01.Sprites/Menu/X.png,85be844bb9e434ac98c8ec692a6aba59c4915d5b0dc7064694c9a1a94376a972,65ca542a413c192439972a1e45f9357d
Assets/01.Sprites/00_New_Graphic_Resources/8_UI/Legacy/Menu/guidelines.png,Assets/02.ArtStaging/01.GoogleDrive/05.UI/90.PreviousVersions/01.Sprites/Menu/guidelines.png,286d3621a929e746f34818d41a54e23dc6756cc4bf94a3504b8d4c024e4bce12,2fd9eee0ea5bfea49a13a157de4cc2f8
Assets/01.Sprites/00_New_Graphic_Resources/8_UI/Legacy/Menu/menu_arrow.png,Assets/02.ArtStaging/01.GoogleDrive/05.UI/90.PreviousVersions/01.Sprites/Menu/menu_arrow.png,b1a5bffeab3cb6990bbecfe536e27faf2242fe71f3f018aa2c709108101dbc6b,10567e0ae4ca98d48ba87dec3f462d98
Assets/01.Sprites/00_New_Graphic_Resources/8_UI/Legacy/Menu/menu_back.png,Assets/02.ArtStaging/01.GoogleDrive/05.UI/90.PreviousVersions/01.Sprites/Menu/menu_back.png,0534973f0836b673b7de005cd5624ccffba928ef25211ea8a9da31468584868d,52a56ec318b08994689dea2fc7026b76
Assets/01.Sprites/00_New_Graphic_Resources/8_UI/Legacy/Menu/menu_back_v2.png,Assets/02.ArtStaging/01.GoogleDrive/05.UI/90.PreviousVersions/01.Sprites/Menu/menu_back_v2.png,f77a03b5a9fd15d73713efc3a1e9f897421c0a1c9eb5e543ee949043c96b3d29,7f00cc7233423d84ca7878df6879d00b
Assets/01.Sprites/00_New_Graphic_Resources/8_UI/Legacy/Menu/menu_line.png,Assets/02.ArtStaging/01.GoogleDrive/05.UI/90.PreviousVersions/01.Sprites/Menu/menu_line.png,0c5824a0f714117a03b93dd63296fefb802b434f0c6e1e9e2bb7d61396855be4,948a38acd45ff014b906344f408c8c68
Assets/01.Sprites/00_New_Graphic_Resources/8_UI/Legacy/Menu/menu_logo.png,Assets/02.ArtStaging/01.GoogleDrive/05.UI/90.PreviousVersions/01.Sprites/Menu/menu_logo.png,c7e939bed5a94a06cac7ecae742067f694a4360fcaa08be9227edbe8fb48093c,1c167f8f7fcb8584b9ba17f6cdf426e4
Assets/01.Sprites/00_New_Graphic_Resources/8_UI/Legacy/Menu/menu_off_button.png,Assets/02.ArtStaging/01.GoogleDrive/05.UI/90.PreviousVersions/01.Sprites/Menu/menu_off_button.png,bf49a148fac26acc241f5ccad3a4895a198081057196ee8fc7a8844a1b47676f,b0dec9e2b6048ab4e8924e341c302541
Assets/01.Sprites/00_New_Graphic_Resources/8_UI/Legacy/Menu/menu_on_button.png,Assets/02.ArtStaging/01.GoogleDrive/05.UI/90.PreviousVersions/01.Sprites/Menu/menu_on_button.png,4c25fcbfb7d042d553cb1d4b873f8c149fc273418812e00f7afe9b37c5f3cefc,4b9767ab3e26a704984ed25ce6ef3be3
Assets/01.Sprites/00_New_Graphic_Resources/8_UI/Legacy/Menu/menu_scroll_back.png,Assets/02.ArtStaging/01.GoogleDrive/05.UI/90.PreviousVersions/01.Sprites/Menu/menu_scroll_back.png,4fbcd62832d9a3a51b6232e97825a023385b8dcd9bd490189e426761be5c61d8,ecb1ad54ca565e64ab3198cae3e68c2d
Assets/01.Sprites/00_New_Graphic_Resources/8_UI/Legacy/Menu/menu_scroll_back_v2.png,Assets/02.ArtStaging/01.GoogleDrive/05.UI/90.PreviousVersions/01.Sprites/Menu/menu_scroll_back_v2.png,83b1e88a8a4b7688a4629e56651dd0af0f95f47e915658fab5351df428a90f5e,8ef3fcde09ce8ce478b470b3b1cc9666
Assets/01.Sprites/00_New_Graphic_Resources/8_UI/Legacy/Menu/menu_scroll_button.png,Assets/02.ArtStaging/01.GoogleDrive/05.UI/90.PreviousVersions/01.Sprites/Menu/menu_scroll_button.png,a27d00abc2f0df4943ba0c6e99f56cbbacfad9e6c45554f32650b5d3340345ac,d408686001ce45246801a5430405946e
Assets/01.Sprites/00_New_Graphic_Resources/8_UI/Legacy/Menu/menu_scroll_line.png,Assets/02.ArtStaging/01.GoogleDrive/05.UI/90.PreviousVersions/01.Sprites/Menu/menu_scroll_line.png,2285186a9de512ef7a64728cb9ee3bf0c4bdf180aa7c3f536cf082ff8719b3f5,662cd82708215494097926d6611b1e7c
Assets/01.Sprites/00_New_Graphic_Resources/8_UI/Legacy/Menu/menu_sound_line.png,Assets/02.ArtStaging/01.GoogleDrive/05.UI/90.PreviousVersions/01.Sprites/Menu/menu_sound_line.png,a806f02e38aa73cf7be14249b42a19d8132f25a558a6ac343507df83a5808d53,ebd8e323df449ff4e95cbbcba6c05b8a
Assets/01.Sprites/00_New_Graphic_Resources/8_UI/Legacy/Menu/menu_sound_line_on.png,Assets/02.ArtStaging/01.GoogleDrive/05.UI/90.PreviousVersions/01.Sprites/Menu/menu_sound_line_on.png,fd2731037d26be88b8920c21a5e0e33454e819da651799d9ab24bab1987f66e7,38699ded41e7a2d43904e37a6d36cd09
Assets/01.Sprites/00_New_Graphic_Resources/8_UI/Legacy/Recipes/Gauge.png,Assets/02.ArtStaging/01.GoogleDrive/05.UI/90.PreviousVersions/01.Sprites/Recipes/Gauge.png,9b7ec854dcad11adf2f6c6365208d11318a9f15023cfa3c8df6622023c2241d8,395b9c7ddc902f040839def399c38760
Assets/01.Sprites/00_New_Graphic_Resources/8_UI/Legacy/Recipes/Gauge_back.png,Assets/02.ArtStaging/01.GoogleDrive/05.UI/90.PreviousVersions/01.Sprites/Recipes/Gauge_back.png,cdbd4a290860151228dbadef6fe7da7a8da0533023b3936e18f6e1221e68dd07,b10ed5e3055d9404fa7dc7f5df81c1d3
Assets/01.Sprites/00_New_Graphic_Resources/8_UI/Legacy/Recipes/Gauge_line.png,Assets/02.ArtStaging/01.GoogleDrive/05.UI/90.PreviousVersions/01.Sprites/Recipes/Gauge_line.png,943e1a3f3642119562a0ca8ecb84c36c6f6d1eaaa9a4451759168e4d14c71028,0328c5b9b8ace8c4f8abd927fd3980df
Assets/01.Sprites/00_New_Graphic_Resources/8_UI/Legacy/Recipes/arrow_under.png,Assets/02.ArtStaging/01.GoogleDrive/05.UI/90.PreviousVersions/01.Sprites/Recipes/arrow_under.png,ef721a98f03cb692a30080188616a2ba2e10e53ebb7391fa045b336d886faf13,038ef4b68bd737044aed98a68fb9e99e
Assets/01.Sprites/00_New_Graphic_Resources/8_UI/Legacy/Recipes/recipe_back.png,Assets/02.ArtStaging/01.GoogleDrive/05.UI/90.PreviousVersions/01.Sprites/Recipes/recipe_back.png,32f1364af93f003c3adf113c3e12947e37eb2e5037e7a8c5f7cca6153d55b74f,254b3b699d7af1545aed59d9bc4ffb31
Assets/01.Sprites/00_New_Graphic_Resources/8_UI/Legacy/Recipes/recipe_back_V2.png,Assets/02.ArtStaging/01.GoogleDrive/05.UI/90.PreviousVersions/01.Sprites/Recipes/recipe_back_V2.png,73787d8e2b2775a4a46c3a7fdcdd598689b7696437fb36919ad4af7f2a892c79,8364706544d30384c8b6fec9faebfd30
Assets/01.Sprites/00_New_Graphic_Resources/8_UI/Legacy/Recipes/recipe_name.png,Assets/02.ArtStaging/01.GoogleDrive/05.UI/90.PreviousVersions/01.Sprites/Recipes/recipe_name.png,002a8b48e074e9cacaa0bcf77927cf3700d6a68e9de7215f7e3d23b821ed1d63,965074fa937148d46a5c8a91b52a799c
Assets/01.Sprites/00_New_Graphic_Resources/8_UI/Legacy/Settlement_Details/Not_selected.png,Assets/02.ArtStaging/01.GoogleDrive/05.UI/90.PreviousVersions/01.Sprites/Settlement_Details/Not_selected.png,ca7779b879cf556cf91cccb8f84a1209b5978e0d43459f7f9089701fe4ad78a2,468a2dfde8645f14d92668518ff7b518
Assets/01.Sprites/00_New_Graphic_Resources/8_UI/Legacy/Settlement_Details/Receipt_back.png,Assets/02.ArtStaging/01.GoogleDrive/05.UI/90.PreviousVersions/01.Sprites/Settlement_Details/Receipt_back.png,8c8c2af8e1dee9255c3cc30a7b33af1b7bb799cbf79bf2be711ae74d0c25fe84,3ac7e4070c53e2a4ba5e312bd4f1cd0f
Assets/01.Sprites/00_New_Graphic_Resources/8_UI/Legacy/Settlement_Details/Receipt_line.png,Assets/02.ArtStaging/01.GoogleDrive/05.UI/90.PreviousVersions/01.Sprites/Settlement_Details/Receipt_line.png,2b74deb2870e83720d0bbbc22032447ccf95a115e4184ef26bf34642e7f447b4,0b7eab2665413974d87b9d6dec29fa40
Assets/01.Sprites/00_New_Graphic_Resources/8_UI/Legacy/Settlement_Details/Receipt_scroll_button.png,Assets/02.ArtStaging/01.GoogleDrive/05.UI/90.PreviousVersions/01.Sprites/Settlement_Details/Receipt_scroll_button.png,dc88db3410fa2903818a2e892a6bda36337e7a8be00c972f194e31cc0bb63035,13baef6f19d0c5040a30a21159bbe672
Assets/01.Sprites/00_New_Graphic_Resources/8_UI/Legacy/Settlement_Details/Receipt_scroll_line.png,Assets/02.ArtStaging/01.GoogleDrive/05.UI/90.PreviousVersions/01.Sprites/Settlement_Details/Receipt_scroll_line.png,2285186a9de512ef7a64728cb9ee3bf0c4bdf180aa7c3f536cf082ff8719b3f5,82cb24c7d85c49942a4a58d95bcda72f
Assets/01.Sprites/00_New_Graphic_Resources/8_UI/Legacy/Settlement_Details/cocktail_Receipt_back.png,Assets/02.ArtStaging/01.GoogleDrive/05.UI/90.PreviousVersions/01.Sprites/Settlement_Details/cocktail_Receipt_back.png,39efba095f33775529de186f4e737eab807da8aeb497bd04f90bd605abc8cbdd,1e140548c297c3c4592f9d8e6d424023
Assets/01.Sprites/00_New_Graphic_Resources/8_UI/Legacy/Settlement_Details/cocktail_scroll_button.png,Assets/02.ArtStaging/01.GoogleDrive/05.UI/90.PreviousVersions/01.Sprites/Settlement_Details/cocktail_scroll_button.png,0e248c29515cbfd30e8635b04389360d1e4f6d6508abebee62f98da363f4f529,a6dcce82a191b494c9a8233524fe4429
Assets/01.Sprites/00_New_Graphic_Resources/8_UI/Legacy/Settlement_Details/cocktail_scroll_line.png,Assets/02.ArtStaging/01.GoogleDrive/05.UI/90.PreviousVersions/01.Sprites/Settlement_Details/cocktail_scroll_line.png,68039e2133130355240428d9ce6a19c991932a4727ffadc4b351956c0d262878,6da336ec62f42d4409f8ccd0a6e981a2
Assets/01.Sprites/00_New_Graphic_Resources/8_UI/Legacy/Settlement_Details/guidelines.png,Assets/02.ArtStaging/01.GoogleDrive/05.UI/90.PreviousVersions/01.Sprites/Settlement_Details/guidelines.png,223537e80bda25688be770b946319aafe09e26cc36d981597253e2a23c96d55c,385d26327374730428a0cf75a31bb7db
Assets/01.Sprites/00_New_Graphic_Resources/8_UI/Legacy/Settlement_Details/minus.png,Assets/02.ArtStaging/01.GoogleDrive/05.UI/90.PreviousVersions/01.Sprites/Settlement_Details/minus.png,913eae86f8c856c1bb4ec70f93b0117adb67f4fbec3dd8cf9e05b43fa838a99d,6a8abe62bb7d16640b0214d687a24a5b
Assets/01.Sprites/00_New_Graphic_Resources/8_UI/Legacy/Settlement_Details/plus.png,Assets/02.ArtStaging/01.GoogleDrive/05.UI/90.PreviousVersions/01.Sprites/Settlement_Details/plus.png,a265900480dc64df47dce901566c0b321892a8f3983483e50c4970da2996405a,27279dc6e6a75b4448dabf7a7ce7abff
Assets/01.Sprites/00_New_Graphic_Resources/8_UI/Legacy/Settlement_Details/sales_history_back.png,Assets/02.ArtStaging/01.GoogleDrive/05.UI/90.PreviousVersions/01.Sprites/Settlement_Details/sales_history_back.png,bab2df30b12f84e42a0a7e615c1fd4b49f8b1138097ebc06f7195b301ee719b4,ec650b87bc664444f82171a7e257122e
Assets/01.Sprites/00_New_Graphic_Resources/8_UI/Legacy/Settlement_Details/sales_history_box.png,Assets/02.ArtStaging/01.GoogleDrive/05.UI/90.PreviousVersions/01.Sprites/Settlement_Details/sales_history_box.png,61a8b1921c26bc17ef77b7c5345510916f3db4383759723a28195594fc3ae4d5,d28ffac6228dba145aa5507b3962ad2e
Assets/01.Sprites/00_New_Graphic_Resources/8_UI/Legacy/Settlement_Details/select.png,Assets/02.ArtStaging/01.GoogleDrive/05.UI/90.PreviousVersions/01.Sprites/Settlement_Details/select.png,a04fc36ea09e6b58e32304dc70ba6dbd44505889204c0e9cf7bd7f4610bc4c53,549765e5638b07941acf342f171c2279
Assets/01.Sprites/00_New_Graphic_Resources/8_UI/Legacy/Shaking/Shaking_back.png,Assets/02.ArtStaging/01.GoogleDrive/05.UI/90.PreviousVersions/01.Sprites/Shaking/Shaking_back.png,0604c50e99612e56e9f0810fa2428eccd8442b619b4795ca4c316771ec018621,506b6fcf8dddc4044baf98dc36b9991e
Assets/01.Sprites/00_New_Graphic_Resources/8_UI/Legacy/Shaking/Shaking_background.png,Assets/02.ArtStaging/01.GoogleDrive/05.UI/90.PreviousVersions/01.Sprites/Shaking/Shaking_background.png,58909915976712d571a0b4788e90f635edd0b94a05c9ab0f5d4f5d25cb45ecf3,1219ea67c601cf441810ed218f448b45
Assets/01.Sprites/00_New_Graphic_Resources/8_UI/Legacy/Shaking/Shaking_circle.png,Assets/02.ArtStaging/01.GoogleDrive/05.UI/90.PreviousVersions/01.Sprites/Shaking/Shaking_circle.png,ddabcf6d81bba14f793990caba8870a014083606bdbd2d565658ba29ee261c80,58e4e38558d308049bd22ce66825c07c
Assets/01.Sprites/00_New_Graphic_Resources/8_UI/Legacy/Shaking/Shaking_gauge_back.png,Assets/02.ArtStaging/01.GoogleDrive/05.UI/90.PreviousVersions/01.Sprites/Shaking/Shaking_gauge_back.png,a80862a65f27ad387a49fc31e2b83e6c044668e0360b4c5a64e9a31b0d8bd3f8,0c9511ec3f517fa43aba35c93a492ec2
Assets/01.Sprites/00_New_Graphic_Resources/8_UI/Legacy/Shaking/Shaking_gauge_fail.png,Assets/02.ArtStaging/01.GoogleDrive/05.UI/90.PreviousVersions/01.Sprites/Shaking/Shaking_gauge_fail.png,eee0fef49763261024ae2b98c1e7e582809361031e12aa3e6c5142bf5fd2af31,16eb9a18eb6006f42ac37a866d9f2f5a
Assets/01.Sprites/00_New_Graphic_Resources/8_UI/Legacy/Shaking/Shaking_gauge_line.png,Assets/02.ArtStaging/01.GoogleDrive/05.UI/90.PreviousVersions/01.Sprites/Shaking/Shaking_gauge_line.png,5fea49127328f9d23924b949aee3342e4043e146825e29a10a35c882dd2a37a6,8541da4216620f442804319c78c80a50
Assets/01.Sprites/00_New_Graphic_Resources/8_UI/Legacy/Shaking/Shaking_gauge_success.png,Assets/02.ArtStaging/01.GoogleDrive/05.UI/90.PreviousVersions/01.Sprites/Shaking/Shaking_gauge_success.png,13f92a000c5fe2f011f0a8116729999df629ef9cc2eb492fff61c8accca11740,3853e41ba3787e34d8c84dcf85611344
Assets/01.Sprites/00_New_Graphic_Resources/8_UI/Legacy/Shaking/Shaking_line_L.png,Assets/02.ArtStaging/01.GoogleDrive/05.UI/90.PreviousVersions/01.Sprites/Shaking/Shaking_line_L.png,bc5837dafddc1d72bce98244d8cd568d99c92f93f70f89550f5f2d00c5346558,7791d6aa7bc348141947ebfd67adcaad
Assets/01.Sprites/00_New_Graphic_Resources/8_UI/Legacy/Shaking/Shaking_line_R.png,Assets/02.ArtStaging/01.GoogleDrive/05.UI/90.PreviousVersions/01.Sprites/Shaking/Shaking_line_R.png,f455f083f6c525a89a1af78876a258991d15c14d0d9878c932830f4fc9bb00bb,a98556432d8cc29409d650f257edb08e
Assets/01.Sprites/00_New_Graphic_Resources/8_UI/Legacy/Shaking/shaking_guidelines.png,Assets/02.ArtStaging/01.GoogleDrive/05.UI/90.PreviousVersions/01.Sprites/Shaking/shaking_guidelines.png,c1359241416200825a08925e7e1be071ebdae4b0073b6b6b1c24a9b1628972c5,cfa7faea4710e24448b130deb79e7d1c
Assets/01.Sprites/00_New_Graphic_Resources/8_UI/Legacy/Shaking/shaking_node.png,Assets/02.ArtStaging/01.GoogleDrive/05.UI/90.PreviousVersions/01.Sprites/Shaking/shaking_node.png,3b40fe967803ff1c0e18f55576e5981dfef930fbda8e6ebaefe704c4c10ddef1,4b75749915e11974da42ac53c0f5d45f
Assets/01.Sprites/00_New_Graphic_Resources/8_UI/Legacy/Shaking/shaking_node_before_click.png,Assets/02.ArtStaging/01.GoogleDrive/05.UI/90.PreviousVersions/01.Sprites/Shaking/shaking_node_before_click.png,d6da3e3bb76e796084d6f883eff2cd3fb648fb7521cf4c57b2da895ed2528f5d,f97c849626ba72f49b444a052c6dc0e4
Assets/01.Sprites/00_New_Graphic_Resources/8_UI/Legacy/Speech_Bubbles/exterior_speech_bubble_merged.png,Assets/02.ArtStaging/01.GoogleDrive/05.UI/90.PreviousVersions/01.Sprites/Speech_Bubbles/exterior_speech_bubble_merged.png,c6353c8f346bddca119cb4c986d33ca3f00c1d240261b22d8c51a2441e2b8e41,1de4dbb0cbea33f43875e313ee8c10fb
Assets/01.Sprites/00_New_Graphic_Resources/8_UI/Legacy/Speech_Bubbles/nametag.png,Assets/02.ArtStaging/01.GoogleDrive/05.UI/90.PreviousVersions/01.Sprites/Speech_Bubbles/nametag.png,8a6a5e9fb312f68405ca794c82154723b5ff0b48144c9584d3d5d0d733cdd23e,ba5f3bd96bab7bd429a63d3d074bd644
Assets/01.Sprites/00_New_Graphic_Resources/8_UI/Legacy/Speech_Bubbles/phone_speech_bubble.png,Assets/02.ArtStaging/01.GoogleDrive/05.UI/90.PreviousVersions/01.Sprites/Speech_Bubbles/phone_speech_bubble.png,e92ac3a73603cdbfe4fd533cc75d3c6aef24a0c88907c260044f10943752e78e,005e38eca43327749954811186ef748b
Assets/01.Sprites/00_New_Graphic_Resources/8_UI/Legacy/Speech_Bubbles/phone_speech_bubble_noise.png,Assets/02.ArtStaging/01.GoogleDrive/05.UI/90.PreviousVersions/01.Sprites/Speech_Bubbles/phone_speech_bubble_noise.png,a3f96c55b4dea1739c343697f6af41a417b5fdc1ce1e26d902fe42b5ca42face,651e4a65265c4154cbe4871a27267d99
Assets/01.Sprites/00_New_Graphic_Resources/8_UI/Legacy/Speech_Bubbles/shouting_speech_bubble.png,Assets/02.ArtStaging/01.GoogleDrive/05.UI/90.PreviousVersions/01.Sprites/Speech_Bubbles/shouting_speech_bubble.png,28d2ecfd2d19ad2a1d3a668d6a3058f39367f94ae4f1ab3fe94d5c874359ca83,da53e578732627141988d05d871b1b12
Assets/01.Sprites/00_New_Graphic_Resources/8_UI/Legacy/Speech_Bubbles/shouting_speech_bubble_border.png,Assets/02.ArtStaging/01.GoogleDrive/05.UI/90.PreviousVersions/01.Sprites/Speech_Bubbles/shouting_speech_bubble_border.png,1bc6a21e901eafc71723f3a5621fcb462b2e55f5ef24b05f1cb0015f6b47a82f,159237a9420a8054c8f89d421c1db6fc
Assets/01.Sprites/00_New_Graphic_Resources/8_UI/Legacy/Speech_Bubbles/speech_bubble_merged.png,Assets/02.ArtStaging/01.GoogleDrive/05.UI/90.PreviousVersions/01.Sprites/Speech_Bubbles/speech_bubble_merged.png,82da8297adfb19c53d8f8d1c210b9b9c96cef0bf0ed0511db7a38acab396ba86,a5a7ba93c5842fd4892761c8d4f859bc
Assets/01.Sprites/00_New_Graphic_Resources/8_UI/Legacy/Speech_Bubbles/textbox_L.png,Assets/02.ArtStaging/01.GoogleDrive/05.UI/90.PreviousVersions/01.Sprites/Speech_Bubbles/textbox_L.png,902f0b361d782475faf4b3a06fcf7a0314e721bff67691240811606fbfbfa8c7,2d1d0b63a2f71094394c66a94603f25c
Assets/01.Sprites/00_New_Graphic_Resources/8_UI/Legacy/Speech_Bubbles/textbox_L_top.png,Assets/02.ArtStaging/01.GoogleDrive/05.UI/90.PreviousVersions/01.Sprites/Speech_Bubbles/textbox_L_top.png,34a0cfa7c89c339f52e9ee91295a7d193f2c557ac405b00eb7ce9f382f522266,31fc845ced6958d4ab127936fec56f11
Assets/01.Sprites/00_New_Graphic_Resources/8_UI/Legacy/Speech_Bubbles/textbox_L_under.png,Assets/02.ArtStaging/01.GoogleDrive/05.UI/90.PreviousVersions/01.Sprites/Speech_Bubbles/textbox_L_under.png,c0cfa86135c89b5e10e341e129e4befa53b56e98922907f75f0cde2a8fb5c03d,0ef4a0a543c67f449a4b62ea1c491490
Assets/01.Sprites/00_New_Graphic_Resources/8_UI/Legacy/Speech_Bubbles/textbox_R.png,Assets/02.ArtStaging/01.GoogleDrive/05.UI/90.PreviousVersions/01.Sprites/Speech_Bubbles/textbox_R.png,f39eff42e2416b13d5afa646fe93d8f779788b3eee2eba450383836aa5331a9e,18a51e032583a204a8c393692df81717
Assets/01.Sprites/00_New_Graphic_Resources/8_UI/Legacy/Speech_Bubbles/textbox_R_top.png,Assets/02.ArtStaging/01.GoogleDrive/05.UI/90.PreviousVersions/01.Sprites/Speech_Bubbles/textbox_R_top.png,13bf505d688dc1ea141b1af78644817577c482aef459eed25102fe6c81cfe120,adce15346d3d4bf498fdd1eae108acdf
Assets/01.Sprites/00_New_Graphic_Resources/8_UI/Legacy/Speech_Bubbles/textbox_R_under.png,Assets/02.ArtStaging/01.GoogleDrive/05.UI/90.PreviousVersions/01.Sprites/Speech_Bubbles/textbox_R_under.png,b070310903f14d87a0357ca76770c199ea341dd6669baa5587d3e714051d9941,d742d4dc5f5890e47a050ffd1db4867c
Assets/01.Sprites/00_New_Graphic_Resources/8_UI/Legacy/Speech_Bubbles/textbox_arrow_L.png,Assets/02.ArtStaging/01.GoogleDrive/05.UI/90.PreviousVersions/01.Sprites/Speech_Bubbles/textbox_arrow_L.png,285393f93ea88aaa31e8ee4feb3f432b7a36b734caa852ba2cfd44bb27425d81,a53a4ffec678a664e938ea52d1c19220
Assets/01.Sprites/00_New_Graphic_Resources/8_UI/Legacy/Speech_Bubbles/textbox_arrow_M.png,Assets/02.ArtStaging/01.GoogleDrive/05.UI/90.PreviousVersions/01.Sprites/Speech_Bubbles/textbox_arrow_M.png,fdc7b23455578b05d2e63da3fe3e9ef00ec8661df72193aa78f520a44818b12a,cd9450b99512a9549b158120c69351e0
Assets/01.Sprites/00_New_Graphic_Resources/8_UI/Legacy/Speech_Bubbles/textbox_arrow_R.png,Assets/02.ArtStaging/01.GoogleDrive/05.UI/90.PreviousVersions/01.Sprites/Speech_Bubbles/textbox_arrow_R.png,4ec44415fd44a422c1fa69d30728b4afde53073f8aee8a6a1e38d9700f9a6bfa,92c70570c8c2bea4ba1aa62fc0ddb498
Assets/01.Sprites/00_New_Graphic_Resources/8_UI/Legacy/Speech_Bubbles/textbox_center.png,Assets/02.ArtStaging/01.GoogleDrive/05.UI/90.PreviousVersions/01.Sprites/Speech_Bubbles/textbox_center.png,40eb5a41e14becdf6e5b3663ac072964ac4a7374ffcffa62da4523e978316aaa,2c46fe913ff2fd2469626b45739ae6ac
Assets/01.Sprites/00_New_Graphic_Resources/8_UI/Legacy/Speech_Bubbles/textbox_top.png,Assets/02.ArtStaging/01.GoogleDrive/05.UI/90.PreviousVersions/01.Sprites/Speech_Bubbles/textbox_top.png,7e98b41c38eb7177ebfa500d5e8290bb5b09b8b6e573df618c2aac5c08b46a6e,368c546b46e33a249b8423a9724c73dc
Assets/01.Sprites/00_New_Graphic_Resources/8_UI/Legacy/Speech_Bubbles/textbox_under.png,Assets/02.ArtStaging/01.GoogleDrive/05.UI/90.PreviousVersions/01.Sprites/Speech_Bubbles/textbox_under.png,b7138057b7815e48bffb197c1f5141f76ebfea50246a39618ea9f78ff44dc0e7,af599eb6ae8758c419441cd1f2242bd1
Assets/01.Sprites/00_New_Graphic_Resources/8_UI/Legacy/Stirring/stirring_background_export.png,Assets/02.ArtStaging/01.GoogleDrive/05.UI/90.PreviousVersions/01.Sprites/Stirring/stirring_background_export.png,6141feaab5635ea46621bdf853173199451b1e2fe1d42f9e3a16762a6a65f797,25ca899c83ab5ff48a2eaf242a406725
Assets/01.Sprites/00_New_Graphic_Resources/8_UI/Legacy/Stirring/stirring_cup.png,Assets/02.ArtStaging/01.GoogleDrive/05.UI/90.PreviousVersions/01.Sprites/Stirring/stirring_cup.png,fefd669fbea3bfc68e2039dfdbc1131e6e0db35cbbdc6654ef4c2a3910e2994c,8e3da9adc4b4e774fa33a0b129a0a53d
Assets/01.Sprites/00_New_Graphic_Resources/8_UI/Legacy/Stirring/stirring_line.png,Assets/02.ArtStaging/01.GoogleDrive/05.UI/90.PreviousVersions/01.Sprites/Stirring/stirring_line.png,be6b8fe588b5be6ef0b3a527abd1cf3795984469f6c63b0addd6e08c0e4bd795,4e9c1a2f3d55eda49b23983fa8aeb8d8
Assets/01.Sprites/00_New_Graphic_Resources/8_UI/Legacy/Stirring/stirring_node.png,Assets/02.ArtStaging/01.GoogleDrive/05.UI/90.PreviousVersions/01.Sprites/Stirring/stirring_node.png,cf7b281e7e351dd78624fc4a85b260cd165530b449937e1207eda3e65c51bc0e,00f472d9d15249b4c91685ee062ce735
Assets/01.Sprites/00_New_Graphic_Resources/8_UI/Legacy/Stirring/stirring_node_before_click.png,Assets/02.ArtStaging/01.GoogleDrive/05.UI/90.PreviousVersions/01.Sprites/Stirring/stirring_node_before_click.png,640f50a7f297b556a3966648196370a9044e798ae15c748ecbf54ea1f35a3152,2de5e1e6e24dae44fb558b95bc2f462c
Assets/01.Sprites/00_New_Graphic_Resources/8_UI/Legacy/butten.png,Assets/02.ArtStaging/01.GoogleDrive/05.UI/90.PreviousVersions/01.Sprites/butten.png,e176c4476f2b6cc5b208e7566727212d0ff5710fa348e83435e57a71acf99912,30fa5793c32fe77468597f0faa1c213d
Assets/01.Sprites/00_New_Graphic_Resources/8_UI/Legacy/butten_press.png,Assets/02.ArtStaging/01.GoogleDrive/05.UI/90.PreviousVersions/01.Sprites/butten_press.png,cc11606fcbdc2e78d3256808cae2d5f28c73c7268283ab5662e329c61831bb2f,13d431da68c82d24c8eb3327e565be98
Assets/01.Sprites/00_New_Graphic_Resources/8_UI/Legacy/choice_box_selected.png,Assets/02.ArtStaging/01.GoogleDrive/05.UI/90.PreviousVersions/01.Sprites/choice_box_selected.png,b9bd8f2e5e146c1b5bdbe888b18e97ecb481a2edf5be6691917e7f6c95a55b43,bfc9c0ca56f1c5c47819e9248a3c207a
Assets/01.Sprites/00_New_Graphic_Resources/8_UI/Legacy/choice_box_unselected.png,Assets/02.ArtStaging/01.GoogleDrive/05.UI/90.PreviousVersions/01.Sprites/choice_box_unselected.png,b18dc5af7a874a9ebb13dbcee14138a24b691001d2a48992253b2968c074d8e2,ca10dc50202913849a82228aa80a5b78
Assets/01.Sprites/00_New_Graphic_Resources/8_UI/Legacy/cocktail_making_screen_background.png,Assets/02.ArtStaging/01.GoogleDrive/05.UI/90.PreviousVersions/01.Sprites/cocktail_making_screen_background.png,a2653a1a56460497b8a182301cab0a73209be40224cb17232535c50235986cec,833afbd7f3f973141b81c468fc0071a4
Assets/01.Sprites/00_New_Graphic_Resources/8_UI/Legacy/cup_inside_export.png,Assets/02.ArtStaging/01.GoogleDrive/05.UI/90.PreviousVersions/01.Sprites/cup_inside_export.png,8451b4004ec0f72b757a0c836fac90b7d5f61e6e0ee0f72afac53c427ab2f921,c1cdd4a706e0d084db613d1f1ed5d5e2
Assets/01.Sprites/00_New_Graphic_Resources/8_UI/Legacy/cup_outside_export.png,Assets/02.ArtStaging/01.GoogleDrive/05.UI/90.PreviousVersions/01.Sprites/cup_outside_export.png,fb68f9a3327d1470650deac3b88a1b66560835449244fc7347b34814dff4d881,cbc011bd33a98cf4fb5453eaa5e85c34
Assets/01.Sprites/00_New_Graphic_Resources/8_UI/Legacy/logo.png,Assets/02.ArtStaging/01.GoogleDrive/05.UI/90.PreviousVersions/01.Sprites/logo.png,cc9c6f2a09fbba9cf16f90f2ed94e0322e9cda307533ee058703a8d87a256538,89d6ec0a57a23ad429f94402598f30df
Assets/01.Sprites/00_New_Graphic_Resources/8_UI/Legacy/logo_background.png,Assets/02.ArtStaging/01.GoogleDrive/05.UI/90.PreviousVersions/01.Sprites/logo_background.png,215dbd86214697b20202ecce5065e1399d1c450bb959af4ec356435ce98a98fa,3b8b2c60643f6534fa6fbcb4bcad2d97
Assets/01.Sprites/00_New_Graphic_Resources/8_UI/Legacy/money.png,Assets/02.ArtStaging/01.GoogleDrive/05.UI/90.PreviousVersions/01.Sprites/money.png,f47845f439aadf0e186f885c3ca0933aabead1e9a150486df25bca72ac467246,f2253b5729eff354985b1eeef18284d2
Assets/01.Sprites/00_New_Graphic_Resources/8_UI/Legacy/order/order_Line.png,Assets/02.ArtStaging/01.GoogleDrive/05.UI/90.PreviousVersions/01.Sprites/order/order_Line.png,c643e7d63d3cf9d84fd7c3edef62d5447937effcd6480d0a8f78e964718e08f5,acdbb73d57cc717479a13ef0bb3618fd
Assets/01.Sprites/00_New_Graphic_Resources/8_UI/Legacy/order/order_back.png,Assets/02.ArtStaging/01.GoogleDrive/05.UI/90.PreviousVersions/01.Sprites/order/order_back.png,b8ca708e502797ee8f40661a6058cc63e3a3513498ba34a6bfb083062b822c08,404ebec43ddff0849b55790f01012aff
Assets/01.Sprites/00_New_Graphic_Resources/8_UI/Legacy/recipe/Category_Line.png,Assets/02.ArtStaging/01.GoogleDrive/05.UI/90.PreviousVersions/01.Sprites/recipe/Category_Line.png,7e4da68cb4b9ea532eba0fc89de8217b7990762be45fbb6202e3dfd3bc5f0520,df8de46db4794e040a233eaf1dab6e7d
Assets/01.Sprites/00_New_Graphic_Resources/8_UI/Legacy/recipe/Category_not_select.png,Assets/02.ArtStaging/01.GoogleDrive/05.UI/90.PreviousVersions/01.Sprites/recipe/Category_not_select.png,16a3c51e56c0dbcc7900901429cfab35f74b2d6107dea4a5e6894810467d314d,a6304e3b3157caf428d847dfb33f2a5b
Assets/01.Sprites/00_New_Graphic_Resources/8_UI/Legacy/recipe/Category_not_select_v2.png,Assets/02.ArtStaging/01.GoogleDrive/05.UI/90.PreviousVersions/01.Sprites/recipe/Category_not_select_v2.png,335c92b5a461a1b382b98e0b9fa3e5ce8c34546605ab150242d9572f847b5528,c8e702c03a80745439d80922ce0351eb
Assets/01.Sprites/00_New_Graphic_Resources/8_UI/Legacy/recipe/Category_select.png,Assets/02.ArtStaging/01.GoogleDrive/05.UI/90.PreviousVersions/01.Sprites/recipe/Category_select.png,335c92b5a461a1b382b98e0b9fa3e5ce8c34546605ab150242d9572f847b5528,0c3f0938b621b3a4d98816f7a74a9ab8
Assets/01.Sprites/00_New_Graphic_Resources/8_UI/Legacy/recipe/Category_select_v2.png,Assets/02.ArtStaging/01.GoogleDrive/05.UI/90.PreviousVersions/01.Sprites/recipe/Category_select_v2.png,73e5e800f1d019bd38950d2e3090c4b11c63757f575b151322c15ee87894e9b7,6fb4acacaea3dde44950dded420e263b
Assets/01.Sprites/00_New_Graphic_Resources/8_UI/Legacy/recipe/Category_select_v3.png,Assets/02.ArtStaging/01.GoogleDrive/05.UI/90.PreviousVersions/01.Sprites/recipe/Category_select_v3.png,e2061e27f5562a4a2083493a46f3b1b349afbe0509b014a154de1cedac54e3d6,4865eedf6ee54504fbeda18efe13a5b2
Assets/01.Sprites/00_New_Graphic_Resources/8_UI/Legacy/recipe/Line.png,Assets/02.ArtStaging/01.GoogleDrive/05.UI/90.PreviousVersions/01.Sprites/recipe/Line.png,acabc87d672ce9affc60f8dd384752232c3ac76694ef3e5fd89ab1c7f56cf48f,1fee5a377ca397a469a917e9fc8fdf56
Assets/01.Sprites/00_New_Graphic_Resources/8_UI/Legacy/recipe/Tab_Bar_off.png,Assets/02.ArtStaging/01.GoogleDrive/05.UI/90.PreviousVersions/01.Sprites/recipe/Tab_Bar_off.png,4dc3007b774271185a86573cef367da68d39011258c12dff137baed02297f4b7,6d6e7d55727dbc54e9d6ce1d67387b21
Assets/01.Sprites/00_New_Graphic_Resources/8_UI/Legacy/recipe/Tab_Bar_on.png,Assets/02.ArtStaging/01.GoogleDrive/05.UI/90.PreviousVersions/01.Sprites/recipe/Tab_Bar_on.png,f78c04e9a2630ed929fb99f2203a0ed41fd487d705a2dd01d923d2e49b0539a8,04464de2563713b4c990d178ab74e61d
Assets/01.Sprites/00_New_Graphic_Resources/8_UI/Legacy/recipe/arrow_L.png,Assets/02.ArtStaging/01.GoogleDrive/05.UI/90.PreviousVersions/01.Sprites/recipe/arrow_L.png,5fd7dd993de95cfff440e73928240efcb923fc92d3978d25da2b9dba3a8cd72c,93b02d9da3b0b284db4fce43ac76005a
Assets/01.Sprites/00_New_Graphic_Resources/8_UI/Legacy/recipe/arrow_R.png,Assets/02.ArtStaging/01.GoogleDrive/05.UI/90.PreviousVersions/01.Sprites/recipe/arrow_R.png,d1867d9da4601decfbf590eec4d9c86a850e1f03f7e8b0637bccb2ee1e798fb8,480cc41c9e9f2c34a8423c103228790c
Assets/01.Sprites/00_New_Graphic_Resources/8_UI/Legacy/recipe/back.png,Assets/02.ArtStaging/01.GoogleDrive/05.UI/90.PreviousVersions/01.Sprites/recipe/back.png,6040f2d24cceddca9f47307d737a837958c3d1929dc769040141b06ab9b00a0b,39abb0fbb172ad4439816b15a0cf1cf1
Assets/01.Sprites/00_New_Graphic_Resources/8_UI/Legacy/recipe/cocktail_not_select.png,Assets/02.ArtStaging/01.GoogleDrive/05.UI/90.PreviousVersions/01.Sprites/recipe/cocktail_not_select.png,452b933593f5500f7afcdaafc975328948b81b9799b814c48ef3f206574c0dc0,5e5953aebb2679941b0f41f79a77165f
Assets/01.Sprites/00_New_Graphic_Resources/8_UI/Legacy/recipe/cocktail_not_select_Line.png,Assets/02.ArtStaging/01.GoogleDrive/05.UI/90.PreviousVersions/01.Sprites/recipe/cocktail_not_select_Line.png,553f1bef6f9c2a9ba5f2b0c3d57960332599559f6f717341740a6326e6e02966,1f57e912ee500894fb74ae72456342cc
Assets/01.Sprites/00_New_Graphic_Resources/8_UI/Legacy/recipe/cocktail_not_select_button.png,Assets/02.ArtStaging/01.GoogleDrive/05.UI/90.PreviousVersions/01.Sprites/recipe/cocktail_not_select_button.png,77f073b954b00603fdea3d139ff1c2890a3268ab3371424ab4ba9c7529d3f0d8,eedf62a923d424149812ebcce9a235e5
Assets/01.Sprites/00_New_Graphic_Resources/8_UI/Legacy/recipe/cocktail_select.png,Assets/02.ArtStaging/01.GoogleDrive/05.UI/90.PreviousVersions/01.Sprites/recipe/cocktail_select.png,0d34a4e002f965a77a0cf219f9d72e5dc7d565a32614fef3dbf1392c7a81755c,65fbcf586b2d502458b885d64dcadbfe
Assets/01.Sprites/00_New_Graphic_Resources/8_UI/Legacy/recipe/cocktail_select_Line.png,Assets/02.ArtStaging/01.GoogleDrive/05.UI/90.PreviousVersions/01.Sprites/recipe/cocktail_select_Line.png,5d3e574a798e55654b7e91a8b49a545b70ff0da2e86ae61b43db960f9233a8d1,4e8ba7cdca60d034a9f1d7e4bc580ff9
Assets/01.Sprites/00_New_Graphic_Resources/8_UI/Legacy/recipe/cocktail_select_button.png,Assets/02.ArtStaging/01.GoogleDrive/05.UI/90.PreviousVersions/01.Sprites/recipe/cocktail_select_button.png,9bdfebfae00c0eebe9138d9998dc39d89263d68c4731774e804f03682885ed73,1a729cb7f636ea44084b6e9942e6f737
Assets/01.Sprites/00_New_Graphic_Resources/8_UI/Legacy/recipe/recipe_back.png,Assets/02.ArtStaging/01.GoogleDrive/05.UI/90.PreviousVersions/01.Sprites/recipe/recipe_back.png,f42993333d4d2352674034d33980d6cb83ce810cdcb47e5d7c61622c677bf095,ce83771224a30c44c85b621fa8feb173
Assets/01.Sprites/00_New_Graphic_Resources/8_UI/Legacy/recipe/rock.png,Assets/02.ArtStaging/01.GoogleDrive/05.UI/90.PreviousVersions/01.Sprites/recipe/rock.png,2338e62c27abf37c4363e51f57879788822482d7ea07f507bd562336b19a08d9,d12e31a743da0fe4197a850e78df72a5
Assets/01.Sprites/00_New_Graphic_Resources/8_UI/Legacy/recipe/search_back.png,Assets/02.ArtStaging/01.GoogleDrive/05.UI/90.PreviousVersions/01.Sprites/recipe/search_back.png,b8b0d46eafbf7c4b410c0ac056fa89de801cefb3b68b0cfb9c8e780bfdb7eda0,9ed87728bb9751b49b99f54c4a461ec2
Assets/01.Sprites/00_New_Graphic_Resources/8_UI/Legacy/recipe/search_icon.png,Assets/02.ArtStaging/01.GoogleDrive/05.UI/90.PreviousVersions/01.Sprites/recipe/search_icon.png,9fb96e15b89d3567a4e2fcff9ffcaf9bc7ffd4e3fd458eb4d04751295c69fc76,92c2e66198a8e0649b40c5924cb58da5
Assets/01.Sprites/00_New_Graphic_Resources/8_UI/Legacy/recipe/search_line.png,Assets/02.ArtStaging/01.GoogleDrive/05.UI/90.PreviousVersions/01.Sprites/recipe/search_line.png,beae10ffacdbbf7cc32149ea0061ba99a8e5b8a9d39862e756059dfacbd1c666,8f31064dd094c764bb736cf7093e91eb
Assets/01.Sprites/00_New_Graphic_Resources/8_UI/PSD/dialogue_screen_V2.psd,01.SourceAssets/02.Working/05.UI/Source/01.Sprites/dialogue_screen_V2.psd,21957d0c9a465b17e5a56f49f8189ad9fe872d7297f0ef53eeb70c0c5b2896d7,f6ed7e368b0b0084a9340e2592944764
Assets/01.Sprites/00_New_Graphic_Resources/8_UI/PSD/ingredient_selection_V1.psd,01.SourceAssets/02.Working/05.UI/Source/01.Sprites/ingredient_selection_V1.psd,4cd92cade0706329a0334978f030041562ead40064863a8544456758b6c2a5a0,bf2db97623b686b4b8d492f535e2dab1
Assets/01.Sprites/00_New_Graphic_Resources/8_UI/PSD/main_screen_V4.psd,01.SourceAssets/02.Working/05.UI/Source/01.Sprites/main_screen_V4.psd,df835e3f5532769c0057eaece9e8aa9d397ef73d36e3ded6044c6815516cc9e0,071df75e2112f4348be1be044bc25036
Assets/01.Sprites/00_New_Graphic_Resources/8_UI/PSD/stirring_minigame_V3.psd,01.SourceAssets/02.Working/05.UI/Source/01.Sprites/stirring_minigame_V3.psd,05cc898bd1c1576d794a55b70bfc51bc32a7b53a9f4a1ca5d4c0ae689cfeb6cf,e6d33944eca5be64ba56e144fd2d14c4
Assets/01.Sprites/BG/Inside/DialogueBack.png,Assets/01.Game/03.Content/02.Environments/01.Bar/01.Sprites/DialogueBack.png,6baf7612d522766c766ab083bd2bc11b21aa615a567e936103ea0331d2aec06d,8d2de18cba1284b4c8535b980c37bbc6
Assets/01.Sprites/BG/Inside/DialogueFore.png,Assets/01.Game/03.Content/02.Environments/01.Bar/01.Sprites/DialogueFore.png,221be44d58c0763704c107c5ebea3f10317662086e31ec8e1d047ccc2a3bdb1e,5356074ff4bbca6459fdb90a6d8569f0
Assets/01.Sprites/BG/Inside/DialogueMiddle.png,Assets/01.Game/03.Content/02.Environments/01.Bar/01.Sprites/DialogueMiddle.png,ce0d4e46e85bb2ab0fb391e8672eee574f5d4b6427b6a4f7422a58707dec1d30,c24bf47e793a7de4aab1791ebd3e6890
Assets/01.Sprites/BG/Inside/DialogueMiddle_RemoveMenu.png,Assets/01.Game/03.Content/02.Environments/01.Bar/01.Sprites/DialogueMiddle_RemoveMenu.png,9ab9e8721ba3573496b419f3c1d42d277873a225dac0ed01bf5f0b8052e895e5,7ab773290e3210d42b3bec2b61654574
Assets/01.Sprites/BG/Inside/New/Back.png,Assets/01.Game/03.Content/02.Environments/01.Bar/01.Sprites/Layered/Back.png,3cacbad0e284d1ba31f93cf34b6cad07ed788f01b91adde1af5b53b8ac041e20,3bc467e930e98194da2d76b3dfcdd367
Assets/01.Sprites/BG/Inside/New/Fore.png,Assets/01.Game/03.Content/02.Environments/01.Bar/01.Sprites/Layered/Fore.png,f7e4bbac5684e1ada03fb5bd79fecc27ce51fbaf45ddd0dd6cba444e01d6b87c,2a5f055cd2801de45896636bae59f42a
Assets/01.Sprites/BG/Inside/New/Middle.png,Assets/01.Game/03.Content/02.Environments/01.Bar/01.Sprites/Layered/Middle.png,60d948965292a1223468f6e6efc40fe2f38a8216f5c9b648bf4e9e7e8810523c,903265d9b78d78a47a8c91a1c760132a
Assets/01.Sprites/BG/Logo.png,Assets/01.Game/03.Content/05.UI/02.Title/01.Sprites/Logo.png,cc9c6f2a09fbba9cf16f90f2ed94e0322e9cda307533ee058703a8d87a256538,c19ced3210a258843a83ce50f43ee7d6
Assets/01.Sprites/BG/LogoBG.png,Assets/01.Game/03.Content/05.UI/02.Title/01.Sprites/LogoBG.png,215dbd86214697b20202ecce5065e1399d1c450bb959af4ec356435ce98a98fa,c23a5edf203ed3643a33f6e58df55431
Assets/01.Sprites/BG/MainScreen.png,Assets/01.Game/03.Content/05.UI/02.Title/01.Sprites/MainScreen.png,344d94b61e982aa1e71078a3f2105ada8b70fc78506a9a292372ea1cfe6234cc,0b009599290d5e448a382a3f2be1fe43
Assets/01.Sprites/BG/OutsideBG/Home/main.png,Assets/01.Game/03.Content/02.Environments/03.Home/01.Sprites/main.png,afca59acbf3e4cb99373bc3b0fe4b9bbbe47b65e1116c1436c25fcb1fbe89284,addca8738ee728e4e9de6555060e76a8
Assets/01.Sprites/BG/OutsideBG/Last Last/BG/1F Floor.png,Assets/01.Game/03.Content/02.Environments/02.Street/01.Sprites/Layers/1F Floor.png,0e1f4400a31a4f83831cc3897ce5bef5988e4b0d3b86e4d5968a25b05e938fb3,295c84335ea8e9e45999842e8459bec5
Assets/01.Sprites/BG/OutsideBG/Last Last/BG/1F Left Building.png,Assets/01.Game/03.Content/02.Environments/02.Street/01.Sprites/Layers/1F Left Building.png,e774163c4490d9d5871abcbe3ae5d8311d3096f512eadf916513568d042984d6,761ab74ffbf879e4aacf5bbdac7a3e22
Assets/01.Sprites/BG/OutsideBG/Last Last/BG/2F Floor.png,Assets/01.Game/03.Content/02.Environments/02.Street/01.Sprites/Layers/2F Floor.png,81ba9cf7a4bcb8081616e1d7c9f0e54dc186fd9f0075bb9d0b2c719c7e717829,8f5aed9de094af345babe7420fb97430
Assets/01.Sprites/BG/OutsideBG/Last Last/BG/A_ForeFore_Object_1.png,Assets/01.Game/03.Content/02.Environments/02.Street/01.Sprites/Layers/A_ForeFore_Object_1.png,efbee9561d70e502e9c4a88b5551ed3bba7e6f6119f6dbf312d959426fbaa42b,cd78e644e33c84f46a839b4e8450af29
Assets/01.Sprites/BG/OutsideBG/Last Last/BG/A_Fore_Building.png,Assets/01.Game/03.Content/02.Environments/02.Street/01.Sprites/Layers/A_Fore_Building.png,f2d7f2226530315c4784aba372700836ffc51b1cd94155d1c38ae2cb6604c80a,39c32d3e31c26c547bb0e94134d242d4
Assets/01.Sprites/BG/OutsideBG/Last Last/BG/A_Middle_Building_1.png,Assets/01.Game/03.Content/02.Environments/02.Street/01.Sprites/Layers/A_Middle_Building_1.png,2fd8d73ccc0145be814952a84921df69a5b474d57b3c8e69ef43d81460e01740,6fc9e0c772b75d044946b1058d3312a2
Assets/01.Sprites/BG/OutsideBG/Last Last/BG/A_Middle_Building_2.png,Assets/01.Game/03.Content/02.Environments/02.Street/01.Sprites/Layers/A_Middle_Building_2.png,8af46920831ecfff9633c0d108abe2e1a4f00e345bb12ada8997f5136e6bf82b,20a6e36ecba98514ba86dbd8147706bb
Assets/01.Sprites/BG/OutsideBG/Last Last/BG/B_ForeFore_Object_1.png,Assets/01.Game/03.Content/02.Environments/02.Street/01.Sprites/Layers/B_ForeFore_Object_1.png,3c56e129d59ff10084ad823b1fccf1ee703d58127e90da9074dd8c8d126b05c6,d85ed6398656e45488a7bba4b1aa2067
Assets/01.Sprites/BG/OutsideBG/Last Last/BG/B_Fore_Building_1.png,Assets/01.Game/03.Content/02.Environments/02.Street/01.Sprites/Layers/B_Fore_Building_1.png,18f24eafa457af93b8fd1c9ff1a6809cc13aba89154ad0736cada2fd31817e5b,f645ff8188c8d0f4684ac1eccf367c21
Assets/01.Sprites/BG/OutsideBG/Last Last/BG/B_Fore_StandLight_1.png,Assets/01.Game/03.Content/02.Environments/02.Street/01.Sprites/Layers/B_Fore_StandLight_1.png,a3cf32b242a4a8ea41af9dacf376a72fffd98a801dcf586a8335e01b00fb71a7,8e3b3a89a4d89d7418a4e71290bd0152
Assets/01.Sprites/BG/OutsideBG/Last Last/BG/C_Back_Building_1.png,Assets/01.Game/03.Content/02.Environments/02.Street/01.Sprites/Layers/C_Back_Building_1.png,58c3b57b08591e51c0bd486f23ef5260ec35761160e912252a7e9f8b7ba46228,4a1626a0e14649f47b3096cdd230ccf6
Assets/01.Sprites/BG/OutsideBG/Last Last/BG/C_Back_Building_2.png,Assets/01.Game/03.Content/02.Environments/02.Street/01.Sprites/Layers/C_Back_Building_2.png,8e7b981e6be6109b353a75f59b8d81abe3ebc2d494a32715f7272328b3b5a8db,aeb99d701aca12044a990814524cd6a6
Assets/01.Sprites/BG/OutsideBG/Last Last/BG/C_Middle_Building_1.png,Assets/01.Game/03.Content/02.Environments/02.Street/01.Sprites/Layers/C_Middle_Building_1.png,ac30cc7049369f24a8976ad5dc2b44f84f064b9491dd7aecfbd0e5d231632fb4,e8ef9b65ea47e8e4da38c23e6458f422
Assets/01.Sprites/BG/OutsideBG/Last Last/BG/C_Middle_Building_2.png,Assets/01.Game/03.Content/02.Environments/02.Street/01.Sprites/Layers/C_Middle_Building_2.png,f6d48b7443f092122d09505020222059e92cf8da72df1e77e16b5102c430d06e,8bb7aa3ee9e099f4fa1c2abcc0c8d344
Assets/01.Sprites/BG/OutsideBG/Last Last/BG/C_Middle_Building_3.png,Assets/01.Game/03.Content/02.Environments/02.Street/01.Sprites/Layers/C_Middle_Building_3.png,4963b29180acdcc74a07bb630cda04e7dece06d90293b2676a2ca70251898199,ecb56b4b4e863c84ea8f70d6a255077c
Assets/01.Sprites/BG/OutsideBG/Last Last/BG/C_Middle_Object_1.png,Assets/01.Game/03.Content/02.Environments/02.Street/01.Sprites/Layers/C_Middle_Object_1.png,a3ab6dbb5a8c98c4480044411325a62c2ea623eb2ba25c9a9bf7ce92c4a376b1,5d13d53f2bdef804ca07424b32474077
Assets/01.Sprites/BG/OutsideBG/Last Last/BG/C_Middle_Object_2.png,Assets/01.Game/03.Content/02.Environments/02.Street/01.Sprites/Layers/C_Middle_Object_2.png,8a80d5b374c6ce0707ce8028c180a0e7ea77859749804af84e3d94d53016ecd2,64b4e35eb6b61184e8e630775ce53168
Assets/01.Sprites/BG/OutsideBG/Last Last/BG/Fence.png,Assets/01.Game/03.Content/02.Environments/02.Street/01.Sprites/Layers/Fence.png,8c0048cc47da05aa2559eb2ceeaea97ededc2a90e0ede20f959dd38b70d01177,858ac5cbb1af8a44eaec229de33d382a
Assets/01.Sprites/BG/OutsideBG/Last Last/Elevator/Elavator.png,Assets/01.Game/03.Content/02.Environments/02.Street/01.Sprites/Elevator/Elavator.png,a6cb4f2caa2edce31b419d557cd7299aad56f656f336db1d10ece76a24f28dfe,31ea9178a6bbda54f971cfc246ab2240
Assets/01.Sprites/BG/OutsideBG/Last Last/Elevator/Elavator_Fore.png,Assets/01.Game/03.Content/02.Environments/02.Street/01.Sprites/Elevator/Elavator_Fore.png,7804fb0ce01e52cdffa21ec070398992475c03a8cca95a3fdf716047cb3b8958,a5745b4216deab945ac9f1f6b1fb3649
Assets/01.Sprites/BG/OutsideBG/Last Last/Elevator/Elevator Line.png,Assets/01.Game/03.Content/02.Environments/02.Street/01.Sprites/Elevator/Elevator Line.png,a2c3aaa197a0318ee268f1f325718356d674213e72d6e497bb61c0e3da3c4149,78e9b41ddea53ff4c9b55ddff3409dc1
Assets/01.Sprites/BG/OutsideBG/Last Last/Elevator/ElevatorDoor.png,Assets/01.Game/03.Content/02.Environments/02.Street/01.Sprites/Elevator/ElevatorDoor.png,d6d9f0b9c4056c458ba84a8158ff4aabe4b1d87baa088029d6e2894fdcb84060,6f2abcdf7c94d3447b81c197dd9dcdd4
Assets/01.Sprites/BG/OutsideBG/Last Last/Object/A_Obect.png,Assets/01.Game/03.Content/02.Environments/02.Street/01.Sprites/Objects/A_Obect.png,45d1d29936926cb7bc4fc49c61b43dbd458f8284fd5bf7181337046e0f4ef711,c91994dd946081a47bac0419c418266c
Assets/01.Sprites/BG/OutsideBG/Last Last/Object/B_Obects.png,Assets/01.Game/03.Content/02.Environments/02.Street/01.Sprites/Objects/B_Obects.png,7e0f684e4be33f0bc90def1c6c7b319ca3dc8290c2073e9698ae54a72c26e4f0,9d93cf32f8272ee44ad7f8a721066e01
Assets/01.Sprites/BG/OutsideBG/Last Last/Object/Bar Entrance.png,Assets/01.Game/03.Content/02.Environments/02.Street/01.Sprites/Objects/Bar Entrance.png,66c64bd9a7c116c0b2d77e69e1ec911ee4896ff2c9b48a5fc665a99a5193dfa2,f890e5ef0f71a7d4ba982b99618aa1cb
Assets/01.Sprites/BG/OutsideBG/Last Last/Object/House Entrance.png,Assets/01.Game/03.Content/02.Environments/02.Street/01.Sprites/Objects/House Entrance.png,92eb2e36496b39165ff2c7d382d9a031202d4800e7a64591877377248d60a3c2,e64a704a7519fc144af21d788c92f966
Assets/01.Sprites/BG/OutsideBG/Last Last/Object/IntractObjects.png,Assets/01.Game/03.Content/02.Environments/02.Street/01.Sprites/Objects/IntractObjects.png,e4adecb8ff1c9c0e59071fa30f012292fef812e1c86fcb1c5f819ad29f6d5a34,9dfbb6fadbee4ae47b95d969cce26d2d
Assets/01.Sprites/BG/OutsideBG/Last Last/Sprite Light/A_Light.png,Assets/01.Game/03.Content/02.Environments/02.Street/01.Sprites/Lights/A_Light.png,55486b3ba9da0f1380ae1588493290cd4ffa596c34cbeff2b18f2f3f19079b68,4bef8cebcdd87b245b7a2a34b6aa97ed
Assets/01.Sprites/BG/OutsideBG/Last Last/Sprite Light/B_Light_1.png,Assets/01.Game/03.Content/02.Environments/02.Street/01.Sprites/Lights/B_Light_1.png,c5577b027416a0ae7c24dcaca4cf457c785bf1cf89f4ce599ef22fba8a09f6e7,5349c919c2cbc144bbc0402a74f62f6a
Assets/01.Sprites/BG/OutsideBG/Last Last/Sprite Light/B_Light_2.png,Assets/01.Game/03.Content/02.Environments/02.Street/01.Sprites/Lights/B_Light_2.png,5f40d6ffd22fa23df989e12741f47dcb3526c5b13872c4becc7222068fe16561,0c9ba7dbf1e98214196066a8481fa513
Assets/01.Sprites/BG/OutsideBG/Last Last/Sprite Light/B_Light_3.png,Assets/01.Game/03.Content/02.Environments/02.Street/01.Sprites/Lights/B_Light_3.png,853714fb879b33c2f1b3e8e05de2a82e119eee79eac9f0ecea222e4f3f70b562,5ec82c3c40d713c4297961e00e965080
Assets/01.Sprites/BG/OutsideBG/Last Last/Sprite Light/ElevatorLight.png,Assets/01.Game/03.Content/02.Environments/02.Street/01.Sprites/Lights/ElevatorLight.png,9d7357eb39e72902a14e18876aa013b1f3c42c2fc268d90a218eb45a99f60df4,63535cdc5d79cd843a1e9439404f556c
Assets/01.Sprites/BG/OutsideBG/Last Last/Vignette.png,Assets/01.Game/03.Content/02.Environments/02.Street/01.Sprites/Vignette.png,c3471aa5e1840a191556354f2ece1d35eed845395aad02d75eb26596a00089fd,427db5008445f69449209bb0b69f1c3c
Assets/01.Sprites/BG/OutsideBG/Last Last/sky.png,Assets/01.Game/03.Content/02.Environments/02.Street/01.Sprites/sky.png,077d7eeeba7ded061ae2af457da473e1ec83488ea63cb2f286e7bc944359881b,7e7fd8a579690a74187563dcc4bff92d
Assets/01.Sprites/Ch/3/SAMHO_DEAD-OPNING-Sheet.png,Assets/01.Game/03.Content/01.Characters/03.Samho/01.Sprites/SAMHO_DEAD-OPNING-Sheet.png,75525934b9714fd86d94660f6e59918ba3d40a07e2750c9b2a68daa93f658026,55b3bb1833298dc4b82a572c435e0fa9
Assets/01.Sprites/Ch/3/SAMHO_DEAD-Sheet.png,Assets/01.Game/03.Content/01.Characters/03.Samho/01.Sprites/SAMHO_DEAD-Sheet.png,a64c4968b0f9c114ac25178d4d7cd907cb93886b7c398e81c282123181294635,abe6e6dc9ad643044bc2020f977c7d64
Assets/01.Sprites/Ch/3/Samho Idle Blink.anim,Assets/01.Game/03.Content/01.Characters/03.Samho/02.Animations/01.Clips/Samho Idle Blink.anim,d852598aadd1c3362298505e467d3a10d46a9a7f9bf5f83fa2b8ce1f0eb86dca,34bb0d06fd12af141a4a42e93bf2c54e
Assets/01.Sprites/Ch/3/Samho Idle.anim,Assets/01.Game/03.Content/01.Characters/03.Samho/02.Animations/01.Clips/Samho Idle.anim,7c1b848a939ea3473e4af32166bd3a14934487ec78a60b147f36666e1c49e822,b72fb9b7ac0979a4e894b01fd1d51ba4
Assets/01.Sprites/Ch/3/Samho Run.anim,Assets/01.Game/03.Content/01.Characters/03.Samho/02.Animations/01.Clips/Samho Run.anim,03e3225e98a6b877f288d80377c98b4cf1cf7f9ddabe65dc2866d82381461345,4f3977aaf527beb49a7c612427731648
Assets/01.Sprites/Ch/3/Samho Tree Intro.anim,Assets/01.Game/03.Content/01.Characters/03.Samho/02.Animations/01.Clips/Samho Tree Intro.anim,0cf6230ecd03380dc3083002ba09bf35391ccbf089de535465723c40ebe62e66,695521483c37eff458f9bc43da54bb21
Assets/01.Sprites/Ch/3/Samho Tree Loop.anim,Assets/01.Game/03.Content/01.Characters/03.Samho/02.Animations/01.Clips/Samho Tree Loop.anim,fb0438bec818607897922e06bca229956c9366ae05046ee89e0cea4efa9c7d4a,5c8ebdd85df30e544ba2adc404903001
Assets/01.Sprites/Ch/3/Samho.controller,Assets/01.Game/03.Content/01.Characters/03.Samho/02.Animations/02.Controllers/Samho.controller,842333048a9eafaa83babcad778f1f4aae1363a1376981e9b7a31796d0ba4dd4,6a99b90c4d0ff4547bcc0677d0c2db3c
Assets/01.Sprites/Ch/3/SamhoTree.controller,Assets/01.Game/03.Content/01.Characters/03.Samho/02.Animations/02.Controllers/SamhoTree.controller,e63ac48e78868d46a23102b9fc694ff2ef30023066ecc5e88fa9eb0439ee4580,51b364543ec0b534ea8aa7b765549a29
Assets/01.Sprites/Ch/3/samho-IDLE_BLINK_Sheet - mask.png,Assets/01.Game/03.Content/01.Characters/03.Samho/01.Sprites/samho-IDLE_BLINK_Sheet - mask.png,705553ba89a032ff292db0331b259bd0b6f60007fddae6f00c5309266ef96e64,062558cb417ade2428ceac8d4ea6199d
Assets/01.Sprites/Ch/3/samho-IDLE_BLINK_Sheet.png,Assets/01.Game/03.Content/01.Characters/03.Samho/01.Sprites/samho-IDLE_BLINK_Sheet.png,4bdaf8a66fd58dc631d49f2b5d427c75c8f5d12fcc3de9eb04a302b751b70f79,515a4254464717148b12a70f3c14aed4
Assets/01.Sprites/Ch/3/samho-IDLE_BLINK_Sheet_normal.png,Assets/01.Game/03.Content/01.Characters/03.Samho/01.Sprites/samho-IDLE_BLINK_Sheet_normal.png,fd1ccce30976810585ce4eaf12d9ab86bc37ecaedb47e7f26875d3b9c500d6dd,270d81aefe4a9604e8eb7fb74ad9bb2a
Assets/01.Sprites/Ch/3/samho-IDLE_Sheet - mask.png,Assets/01.Game/03.Content/01.Characters/03.Samho/01.Sprites/samho-IDLE_Sheet - mask.png,705553ba89a032ff292db0331b259bd0b6f60007fddae6f00c5309266ef96e64,2340190540fe1904497bae8d5f498ab5
Assets/01.Sprites/Ch/3/samho-IDLE_Sheet.png,Assets/01.Game/03.Content/01.Characters/03.Samho/01.Sprites/samho-IDLE_Sheet.png,69131c9923f9cfb919ce48c43b7afa5e089312592f530afb2f56366744517b2d,c458560f35567ef49ae42ff0298dcfdf
Assets/01.Sprites/Ch/3/samho-IDLE_Sheet_normal.png,Assets/01.Game/03.Content/01.Characters/03.Samho/01.Sprites/samho-IDLE_Sheet_normal.png,e47f5554166d6e65c34230ec5c202091e7c1034329d0a48fd79c442ad1aa45d5,6c53b32504308694d9c781f8ec684292
Assets/01.Sprites/Ch/3/samho_RUN3_-Sheet -mask.png,Assets/01.Game/03.Content/01.Characters/03.Samho/01.Sprites/samho_RUN3_-Sheet -mask.png,49a5136c7e8da09031662e50999101fcf3816d83a103bc05fe84c5808c4cebca,cd0eed2f43955484989c99b0e93f6b72
Assets/01.Sprites/Ch/3/samho_RUN3_-Sheet.png,Assets/01.Game/03.Content/01.Characters/03.Samho/01.Sprites/samho_RUN3_-Sheet.png,9195c21f9a468d61541ef5d1b3d0ab52de32deb9f32b495e2a029a2a60e82cd6,4ab1d4c2c70446f4b99363e90c52c162
Assets/01.Sprites/Ch/3/samho_RUN3_-Sheet_normal.png,Assets/01.Game/03.Content/01.Characters/03.Samho/01.Sprites/samho_RUN3_-Sheet_normal.png,6115178c00af5f46fa5ad5f3b1bd302fa7a6b4c275f8e9c8cb13ff1fa1ecb514,6ec90b5b580d1624c9e584ae033500ba
Assets/01.Sprites/Ch/Bubi.png,Assets/01.Game/03.Content/01.Characters/04.Bubi/01.Sprites/Bubi.png,b1d4b5f917c9f60a5359fa5b1fc342ed1053476824ed83aceffa3d7b5d9cb061,5e1eee94e42e4424185345624cb59f8f
Assets/01.Sprites/Ch/Bubi/cat_animation-Sheet - mask.png,Assets/01.Game/03.Content/01.Characters/04.Bubi/01.Sprites/cat_animation-Sheet - mask.png,74efe349b067a0547dafcfef7d761c0e4d2c3a6724661b40bd927f4e819616f7,d670dfa57d52f9b419d7b14bd5881d5e
Assets/01.Sprites/Ch/Bubi/cat_animation-Sheet.png,Assets/01.Game/03.Content/01.Characters/04.Bubi/01.Sprites/cat_animation-Sheet.png,fe66c475acd19279d55e6faf10287078e3ef997b118607be6649437d11514fc2,f645c9f2374afd648a1c0a9ff35e8c73
Assets/01.Sprites/Ch/Bubi/cat_animation-Sheet_normal.png,Assets/01.Game/03.Content/01.Characters/04.Bubi/01.Sprites/cat_animation-Sheet_normal.png,9f9d0e3290eac690e3a64e0986ac6a42c38d92bbf669638cfc3049f8cee003c7,f3cf80d4b040d6245b5cd76c45647d00
Assets/01.Sprites/Ch/MiniGame/shake.png,Assets/01.Game/03.Content/03.Crafting/04.Minigames/02.Shake/01.Sprites/Character/shake.png,f7ff462c90a894d3a3ee64ad1f0deb7595ee928ecb3e5b4c8b7761bac9c77fb6,49ebf513fce7266459bff623e4a064e9
Assets/01.Sprites/Ch/Shiba/Shiba.anim,Assets/01.Game/03.Content/01.Characters/08.Shiba/02.Animations/01.Clips/Shiba.anim,b504c691b64eeb4bed13f745e1eee4d75f8541546ffd6239b72e592c92a4c010,71e277fc0ad852540884dee2b1f9d278
Assets/01.Sprites/Ch/Shiba/shi_Bar-Sheet.png,Assets/01.Game/03.Content/01.Characters/08.Shiba/01.Sprites/shi_Bar-Sheet.png,c1b43e035f15a6b34e67fd714010fe1f59ef96a4a429f4610d06d6ab09027b7c,df580eab607bf7d4aa586928d5e40335
Assets/01.Sprites/Ch/Shiba/shi_Bar-Sheet_0.controller,Assets/01.Game/03.Content/01.Characters/08.Shiba/02.Animations/02.Controllers/shi_Bar-Sheet_0.controller,c51afcca797eaa8a2523d5cfd0f35a1a3d36c76c881bcbcd03c96de722f0b462,f68825b53315d8d43872f7ee2e809ef3
Assets/01.Sprites/Ch/luna/luna_v2-idle_Sheet.png,Assets/01.Game/03.Content/01.Characters/01.Luna/01.Sprites/02.Field/luna_v2-idle_Sheet.png,62634d34afb4448e1a2a04e38a52b81944012d2a9d871f5fb3273c7f4e4a738d,30810a83afa8b65479ae25117c3959f9
Assets/01.Sprites/Ch/luna/luna_v2-idle_Sheet_normal.png,Assets/01.Game/03.Content/01.Characters/01.Luna/01.Sprites/02.Field/luna_v2-idle_Sheet_normal.png,7c1ae0393c48c711612c2359f1f40a74fba03b924a470e0b5fc03146d557779d,ce4b44c99e4ef40488af0af2e538a9ea
Assets/01.Sprites/Ch/luna/luna_v2-idle__mask.png,Assets/01.Game/03.Content/01.Characters/01.Luna/01.Sprites/02.Field/luna_v2-idle__mask.png,bb5f51e1469f9e47fbfee3feb28caef13b90e90f3b214cabfe5a85e0d878b271,68ecd62caceb2964b94b0cf77fdc8397
Assets/01.Sprites/Ch/luna/luna_v2-run_Sheet.png,Assets/01.Game/03.Content/01.Characters/01.Luna/01.Sprites/02.Field/luna_v2-run_Sheet.png,fe7fa3033bbd2cc5aec17785b19e044c1e79b273d4157578405245c7515b9ae5,51551ef1dcccb1d4585f6b027af0cf12
Assets/01.Sprites/Ch/luna/luna_v2-run_Sheet_normal.png,Assets/01.Game/03.Content/01.Characters/01.Luna/01.Sprites/02.Field/luna_v2-run_Sheet_normal.png,34d39ed6b6e041c75e328128bc57157ca92a938f224b237ca0fd3a68cf6a8261,d289df7b821505b4b98927325db060ac
Assets/01.Sprites/Ch/luna/luna_v2-run__mask.png,Assets/01.Game/03.Content/01.Characters/01.Luna/01.Sprites/02.Field/luna_v2-run__mask.png,fac4c0f8d5f7a1c4236bf2eab950c72c68065ee6d25112dcdda45abe428c6aa2,57b4a1d2e695bce44b26a6916bf56bc5
Assets/01.Sprites/Ch/luna/luna_v2-walk_w_cat-Sheet - 복사본_normal.png,Assets/01.Game/03.Content/01.Characters/01.Luna/01.Sprites/02.Field/luna_v2-walk_w_cat-Sheet - 복사본_normal.png,98b9dba41eebc1c7cd2ad90a104d03d58e3e607a211bc608d70af100334fe536,d2e748de65d76a34d8dc47b848866ef4
Assets/01.Sprites/Ch/luna/luna_v2-walk_w_cat-Sheet.png,Assets/01.Game/03.Content/01.Characters/01.Luna/01.Sprites/02.Field/luna_v2-walk_w_cat-Sheet.png,f7e1f9cb21013766938b12599292b9043e283ebca33d1ec21ed40263846b92ea,ae7f253a6a9fa03488ff5b375034b1ba
Assets/01.Sprites/Ch/luna/luna_v2-walk_w_cat-_mask.png,Assets/01.Game/03.Content/01.Characters/01.Luna/01.Sprites/02.Field/luna_v2-walk_w_cat-_mask.png,68b9bad76762a0e56b8df4b18bb46ab2ac032c12f4e5ad989436973ef21d190a,9959275c3b4df51498d577f9177f983e
Assets/01.Sprites/Ch/luna/luna_v2_walk_Sheet.png,Assets/01.Game/03.Content/01.Characters/01.Luna/01.Sprites/02.Field/luna_v2_walk_Sheet.png,778581864a76583d9357ab3c837d7614aab0a6a91509b4f7e7ffd18a305cfe7d,7c60c177bf334f848b52880d40517421
Assets/01.Sprites/Ch/luna/luna_v2_walk_Sheet_normal (1).png,Assets/01.Game/03.Content/01.Characters/01.Luna/01.Sprites/02.Field/luna_v2_walk_Sheet_normal (1).png,99a6e3da2daa20f130a1481be55fd0ba0774147f78bbd0c358f3a0cafa8c1b1c,0d27240cf6e9024439c63396d171d46a
Assets/01.Sprites/Ch/luna/luna_v2_walk_mask.png,Assets/01.Game/03.Content/01.Characters/01.Luna/01.Sprites/02.Field/luna_v2_walk_mask.png,59af58145cc2c70b60cb1d6babafedd0d0d13ecccaeb402c242c5d37a13a8127,b00275ab52f4d3442a37ebf5fd24685b
Assets/01.Sprites/CutSceneLab/01.sheet/skeleton-01.cam_move2_000.gif,Assets/01.Game/03.Content/04.Cutscenes/01.Lab/01.Sprites/01.sheet/skeleton-01.cam_move2_000.gif,198578c91435bb2ebb695e6b71bba3ab0122d654706c1540e3f55c3eda51c03e,dcce1ba328a5a1f4b975d353768e6756
Assets/01.Sprites/CutSceneLab/01.sheet/skeleton-01.cam_move2_001.gif,Assets/01.Game/03.Content/04.Cutscenes/01.Lab/01.Sprites/01.sheet/skeleton-01.cam_move2_001.gif,044aa9fabcd7657f889317121f87bf5196e3ee5eee470b58d95bef9f81b308f8,9f5deda8936b83d41ab79cf1bb8c1f36
Assets/01.Sprites/CutSceneLab/01.sheet/skeleton-01.cam_move2_002.gif,Assets/01.Game/03.Content/04.Cutscenes/01.Lab/01.Sprites/01.sheet/skeleton-01.cam_move2_002.gif,d7593340eca06889f8c3a9a299a7b36b3ddad24b8aa64fce5049873a8d19da44,353b581052c2b4949bed44b8915fa96c
Assets/01.Sprites/CutSceneLab/01.sheet/skeleton-01.cam_move2_003.gif,Assets/01.Game/03.Content/04.Cutscenes/01.Lab/01.Sprites/01.sheet/skeleton-01.cam_move2_003.gif,6bdf6d4a7c8456d3832ff48185d064c30ae95a37ce5a4fde5a02f7e0ab68e33d,432f82c2000d4e244b58ad7ea9bcdae1
Assets/01.Sprites/CutSceneLab/01.sheet/skeleton-01.cam_move2_004.gif,Assets/01.Game/03.Content/04.Cutscenes/01.Lab/01.Sprites/01.sheet/skeleton-01.cam_move2_004.gif,35819f043ac5c7cff6f2adadae424e75456b3c45a8b781bc89db8523c19b67fb,100bd63c47ca5fc4ea9a145d9530773e
Assets/01.Sprites/CutSceneLab/01.sheet/skeleton-01.cam_move2_005.gif,Assets/01.Game/03.Content/04.Cutscenes/01.Lab/01.Sprites/01.sheet/skeleton-01.cam_move2_005.gif,6146418e80436813edfb7a46a762a4731778eb127cb70a26887ac2f8c8c7807b,01318e9ae93b29745824bb96b106f004
Assets/01.Sprites/CutSceneLab/01.sheet/skeleton-01.cam_move2_006.gif,Assets/01.Game/03.Content/04.Cutscenes/01.Lab/01.Sprites/01.sheet/skeleton-01.cam_move2_006.gif,f1c5bed99cd60ced5eda74284e01932114c1b0c7c29ac0dd9cce287c9725caeb,7fb6dbc5038f30a4b8381aa0b87deb85
Assets/01.Sprites/CutSceneLab/01.sheet/skeleton-01.cam_move2_007.gif,Assets/01.Game/03.Content/04.Cutscenes/01.Lab/01.Sprites/01.sheet/skeleton-01.cam_move2_007.gif,4230f94d80d17496201395e45831d36990439cb8f7908f7fd5b62b360d4847f0,eac7f9c055830ba4c8f087fae5e79459
Assets/01.Sprites/CutSceneLab/01.sheet/skeleton-01.cam_move2_008.gif,Assets/01.Game/03.Content/04.Cutscenes/01.Lab/01.Sprites/01.sheet/skeleton-01.cam_move2_008.gif,803ff635eab69124466dd610fe45273830c2a7d315afcc62b6267c629af9ab89,896dd6c88208c1b408bae1691f95ad63
Assets/01.Sprites/CutSceneLab/01.sheet/skeleton-01.cam_move2_009.gif,Assets/01.Game/03.Content/04.Cutscenes/01.Lab/01.Sprites/01.sheet/skeleton-01.cam_move2_009.gif,4495ce724c7cd714134ec6904bf5bcb1aba004104308b417626c77637e109698,a7c5792d117771f4bba474c61ccf956f
Assets/01.Sprites/CutSceneLab/01.sheet/skeleton-01.cam_move2_010.gif,Assets/01.Game/03.Content/04.Cutscenes/01.Lab/01.Sprites/01.sheet/skeleton-01.cam_move2_010.gif,590ea1fa3152520886e2526a2925631556cd5d16e9c28852ab15bfdda66c8333,249df600dd6d9cf49a97c5003ab6bab7
Assets/01.Sprites/CutSceneLab/01.sheet/skeleton-01.cam_move2_011.gif,Assets/01.Game/03.Content/04.Cutscenes/01.Lab/01.Sprites/01.sheet/skeleton-01.cam_move2_011.gif,e2a52108f74f5af20f08b0efcadebcbded3109b68a5c9cc2a0f9a854994dc162,196df592d770eaa4e8e993c42e38a3ba
Assets/01.Sprites/CutSceneLab/01.sheet/skeleton-01.cam_move2_012.gif,Assets/01.Game/03.Content/04.Cutscenes/01.Lab/01.Sprites/01.sheet/skeleton-01.cam_move2_012.gif,83bfa89ff1e707563241e32fa2604ebf051bea0ff5c3920d0aa29a768f702e85,e040866923df55f42bbd17340b922907
Assets/01.Sprites/CutSceneLab/01.sheet/skeleton-01.cam_move2_013.gif,Assets/01.Game/03.Content/04.Cutscenes/01.Lab/01.Sprites/01.sheet/skeleton-01.cam_move2_013.gif,cd730e3a0a7b6f26c6b5b99440b231d2ee8d5f7506940dd5a8bd9a00c771dedf,d44a8edbaf6095b45b5e238aa78023ad
Assets/01.Sprites/CutSceneLab/01.sheet/skeleton-01.cam_move2_014.gif,Assets/01.Game/03.Content/04.Cutscenes/01.Lab/01.Sprites/01.sheet/skeleton-01.cam_move2_014.gif,2630bb57901dcb8653e0a73b482dcf1bc84cc1f5a9b447db534c1db7088aa282,fcd3ff963daa108459919733d6f1fc2b
Assets/01.Sprites/CutSceneLab/01.sheet/skeleton-01.cam_move2_015.gif,Assets/01.Game/03.Content/04.Cutscenes/01.Lab/01.Sprites/01.sheet/skeleton-01.cam_move2_015.gif,1d0364765b6edec4dd0fa13a27febcdf9aae8ada2e102c07d93f11c7f4e2ef7d,99399cf6a99c2ee4fab450e30a518dcb
Assets/01.Sprites/CutSceneLab/01.sheet/skeleton-01.cam_move2_016.gif,Assets/01.Game/03.Content/04.Cutscenes/01.Lab/01.Sprites/01.sheet/skeleton-01.cam_move2_016.gif,04578ba29b80ff85a6848c7ac567f49a6a55990827aeb0bf55614ab3ea245994,dcaffd93f90d6db4da4fc1452f9dc15b
Assets/01.Sprites/CutSceneLab/01.sheet/skeleton-01.cam_move2_017.gif,Assets/01.Game/03.Content/04.Cutscenes/01.Lab/01.Sprites/01.sheet/skeleton-01.cam_move2_017.gif,293bce226f96beaeea74cf8338e23d200e595471ebd9343ffb667f3e76f82bd0,66e1ddf1104126547bf2cb57c236024e
Assets/01.Sprites/CutSceneLab/01.sheet/skeleton-01.cam_move2_018.gif,Assets/01.Game/03.Content/04.Cutscenes/01.Lab/01.Sprites/01.sheet/skeleton-01.cam_move2_018.gif,92ad3b328e0048062566fd0c42ec467eb37f3f11630be438b213807f8941368a,34acf469bb890e642be15443eec204d1
Assets/01.Sprites/CutSceneLab/01.sheet/skeleton-01.cam_move2_019.gif,Assets/01.Game/03.Content/04.Cutscenes/01.Lab/01.Sprites/01.sheet/skeleton-01.cam_move2_019.gif,92ee6520231a6d0237fd1491718cba8710abb45209859e6588061b7674a4df25,6967a4d2050ed894590a10d890adee1e
Assets/01.Sprites/CutSceneLab/01.sheet/skeleton-01.cam_move2_020.gif,Assets/01.Game/03.Content/04.Cutscenes/01.Lab/01.Sprites/01.sheet/skeleton-01.cam_move2_020.gif,d62bcd466dc559dfd5b722bb0c755d9c762ee86521a3b172ecede6cfea9877f1,ca81daaf29c23c347afa5848e576b2bd
Assets/01.Sprites/CutSceneLab/01.sheet/skeleton-01.cam_move2_021.gif,Assets/01.Game/03.Content/04.Cutscenes/01.Lab/01.Sprites/01.sheet/skeleton-01.cam_move2_021.gif,cf0073492315d578ff67cb8a95563beec27a1f6975e5a59c42deed2b18b72dd1,befa686eff9405543837ea24d1f844c5
Assets/01.Sprites/CutSceneLab/01.sheet/skeleton-01.cam_move2_022.gif,Assets/01.Game/03.Content/04.Cutscenes/01.Lab/01.Sprites/01.sheet/skeleton-01.cam_move2_022.gif,c7b2c1ba695ce02e4d61156a3bdbbb85f7ce3cc9b4254972d54d2f74c4c47564,4982e70ce3e49f4488a1e3892f4462e7
Assets/01.Sprites/CutSceneLab/01.sheet/skeleton-01.cam_move2_023.gif,Assets/01.Game/03.Content/04.Cutscenes/01.Lab/01.Sprites/01.sheet/skeleton-01.cam_move2_023.gif,68fedcd5200d13472827ec53c03066c734cc36d930bedc72139383f8047f53d6,b9680bffbdc2e724980dfe0d541bc804
Assets/01.Sprites/CutSceneLab/01.sheet/skeleton-01.cam_move2_024.gif,Assets/01.Game/03.Content/04.Cutscenes/01.Lab/01.Sprites/01.sheet/skeleton-01.cam_move2_024.gif,565dba8e70844592564bd7d9a018eb2b40aa4be32e4ed1b16082918d1bdbd79d,93a268d99a413f24e94be228b2c48a17
Assets/01.Sprites/CutSceneLab/01.sheet/skeleton-01.cam_move2_025.gif,Assets/01.Game/03.Content/04.Cutscenes/01.Lab/01.Sprites/01.sheet/skeleton-01.cam_move2_025.gif,51b0e742dbefb155517517c36e671c60d0e237474ae6cb0cbcf4087856875304,704fb56b80be2994e8a6b438dbc11fca
Assets/01.Sprites/CutSceneLab/01.sheet/skeleton-01.cam_move2_026.gif,Assets/01.Game/03.Content/04.Cutscenes/01.Lab/01.Sprites/01.sheet/skeleton-01.cam_move2_026.gif,c89a2b2dd776a389164d75fd30ddeee7fa5eb3c2053495f2a4d8b28ffb9b1110,14ce7db64ad2ab743bef528ec9a3fb8d
Assets/01.Sprites/CutSceneLab/01.sheet/skeleton-01.cam_move2_027.gif,Assets/01.Game/03.Content/04.Cutscenes/01.Lab/01.Sprites/01.sheet/skeleton-01.cam_move2_027.gif,8e5f8320974f00376247dd11cfbc043561457d358b9d2d56f2d81b9fc698577b,d75f486126bd64142bf0d463ab3a8a59
Assets/01.Sprites/CutSceneLab/01.sheet/skeleton-01.cam_move2_028.gif,Assets/01.Game/03.Content/04.Cutscenes/01.Lab/01.Sprites/01.sheet/skeleton-01.cam_move2_028.gif,f80bc0c273448864aaef647969e12e4244864d0f377b94573ba13a024b60a492,f5340a936cad42942b6801e998b89939
Assets/01.Sprites/CutSceneLab/01.sheet/skeleton-01.cam_move2_029.gif,Assets/01.Game/03.Content/04.Cutscenes/01.Lab/01.Sprites/01.sheet/skeleton-01.cam_move2_029.gif,6a7a191d380ceab02d04ac707be411795c17524455634c5636e82c22fa181f38,2e42c0eaf7aa557499b9de325a4a56d2
Assets/01.Sprites/CutSceneLab/01.sheet/skeleton-01.cam_move2_030.gif,Assets/01.Game/03.Content/04.Cutscenes/01.Lab/01.Sprites/01.sheet/skeleton-01.cam_move2_030.gif,7671abfd81d1ce8308290162ba1e7033924e2fddbcc6ac287b5e677a664acd47,32b21dedcbeed0c4e913d5ce041f2616
Assets/01.Sprites/CutSceneLab/01.sheet/skeleton-01.cam_move2_031.gif,Assets/01.Game/03.Content/04.Cutscenes/01.Lab/01.Sprites/01.sheet/skeleton-01.cam_move2_031.gif,834798e227c1b2b2045b116faf4b4d9afd43b523589fb425efa3b4d2c7273894,9f0d65359e6ce4746ae81b70bf29286f
Assets/01.Sprites/CutSceneLab/01.sheet/skeleton-01.cam_move2_032.gif,Assets/01.Game/03.Content/04.Cutscenes/01.Lab/01.Sprites/01.sheet/skeleton-01.cam_move2_032.gif,46de978c284a1a7bff1ebdca102de328ba3071f522111d73e15b429664fc5931,03279f3691409a942b59c8ae6052a9e7
Assets/01.Sprites/CutSceneLab/01.sheet/skeleton-01.cam_move2_033.gif,Assets/01.Game/03.Content/04.Cutscenes/01.Lab/01.Sprites/01.sheet/skeleton-01.cam_move2_033.gif,8c3cedb53186a833b5e60fd89493067a3bf42c0cafddd1a220af9a655e47cdf9,7de30a4120ca67b42af28ec6d2b75b9d
Assets/01.Sprites/CutSceneLab/01.sheet/skeleton-01.cam_move2_034.gif,Assets/01.Game/03.Content/04.Cutscenes/01.Lab/01.Sprites/01.sheet/skeleton-01.cam_move2_034.gif,d733d0f1540d1bd76e5982ccb6eab547f10da08bf626fb8d2735c5ce1ed8fc0a,35a841e19ea5d6d49b9682c4991153f2
Assets/01.Sprites/CutSceneLab/01.sheet/skeleton-01.cam_move2_035.gif,Assets/01.Game/03.Content/04.Cutscenes/01.Lab/01.Sprites/01.sheet/skeleton-01.cam_move2_035.gif,639c01b161c079c9dce7c565131650591260ae1630babe8ef7d0f86609cf5e5f,f37518c3f16139b43b4b873be2432e27
Assets/01.Sprites/CutSceneLab/01.sheet/skeleton-01.cam_move2_036.gif,Assets/01.Game/03.Content/04.Cutscenes/01.Lab/01.Sprites/01.sheet/skeleton-01.cam_move2_036.gif,1917a09b24901b2f86f6b82c984a4facf42d356d7ebe80f75c289083c235dc6f,2dc753ad35bedea47981964b5f637298
Assets/01.Sprites/CutSceneLab/01.sheet/skeleton-01.cam_move2_037.gif,Assets/01.Game/03.Content/04.Cutscenes/01.Lab/01.Sprites/01.sheet/skeleton-01.cam_move2_037.gif,ff64a8444a9300eae1ac72e524d367d6305c512399e8f72d838b216f663161b2,6194d1c35bb83584495c3cbd565c2abc
Assets/01.Sprites/CutSceneLab/01.sheet/skeleton-01.cam_move2_038.gif,Assets/01.Game/03.Content/04.Cutscenes/01.Lab/01.Sprites/01.sheet/skeleton-01.cam_move2_038.gif,66c95f7c9adafab476fca2c9ac7c3c1b56286cad2411d8417c878327e7cc1a8d,68be718046534564290b245ae62e2f41
Assets/01.Sprites/CutSceneLab/01.sheet/skeleton-01.cam_move2_039.gif,Assets/01.Game/03.Content/04.Cutscenes/01.Lab/01.Sprites/01.sheet/skeleton-01.cam_move2_039.gif,c5ee7cb4bd209af81a3d88361a46ca60529bb4e8599e1993488f64b34d98fee5,41ccbe09e21620c4eb8803fa1c599539
Assets/01.Sprites/CutSceneLab/01.sheet/skeleton-01.cam_move2_040.gif,Assets/01.Game/03.Content/04.Cutscenes/01.Lab/01.Sprites/01.sheet/skeleton-01.cam_move2_040.gif,a30cf7b82e03fb0474c2ad8e1bbe04c281b248c9b556626524e6fbfa527803f1,f8fc25a4c5e282046b325842e57344f0
Assets/01.Sprites/CutSceneLab/01.sheet/skeleton-01.cam_move2_041.gif,Assets/01.Game/03.Content/04.Cutscenes/01.Lab/01.Sprites/01.sheet/skeleton-01.cam_move2_041.gif,e9075034eacd790bce72f82b0f1854ce96ef304ea8b8ab577868dd35f89c525a,8f8fec73cff208641866a1b212d6d56e
Assets/01.Sprites/CutSceneLab/01.sheet/skeleton-01.cam_move2_042.gif,Assets/01.Game/03.Content/04.Cutscenes/01.Lab/01.Sprites/01.sheet/skeleton-01.cam_move2_042.gif,21bcd4821b491bcab05d7e4a147aff8e8f376ff99a73e7f8755a7b869f1f8f98,dbe68d9ac42403b488ac96bd2f4a3195
Assets/01.Sprites/CutSceneLab/01.sheet/skeleton-01.cam_move2_043.gif,Assets/01.Game/03.Content/04.Cutscenes/01.Lab/01.Sprites/01.sheet/skeleton-01.cam_move2_043.gif,15c30b7bc8a1c06285127ab051ff9155b785e10376810c2fa90602c96e3e081f,2a2286c6a5f5ea6428d6fa69940e54ac
Assets/01.Sprites/CutSceneLab/01.sheet/skeleton-01.cam_move2_044.gif,Assets/01.Game/03.Content/04.Cutscenes/01.Lab/01.Sprites/01.sheet/skeleton-01.cam_move2_044.gif,518bfa405c55549aa0366b6f67aa9153e8d30b5383fcb2de82c6622d457e33a8,1d4fbe8d293008042ad0eb1f3bd506a8
Assets/01.Sprites/CutSceneLab/01.sheet/skeleton-01.cam_move2_045.gif,Assets/01.Game/03.Content/04.Cutscenes/01.Lab/01.Sprites/01.sheet/skeleton-01.cam_move2_045.gif,ad178c166647c1e9eea74918535603cc2ca98901b39f0afcb6b9444c4bf3f364,6ad019c84b5ea8441bfd42865f5a4730
Assets/01.Sprites/CutSceneLab/01.sheet/skeleton-01.cam_move2_046.gif,Assets/01.Game/03.Content/04.Cutscenes/01.Lab/01.Sprites/01.sheet/skeleton-01.cam_move2_046.gif,fbbd1c408405e35f92ad6167eef10acbe79b885e3291f575a0b25fd5e9027e1e,2981ad2e479404242b908fea53393aec
Assets/01.Sprites/CutSceneLab/01.sheet/skeleton-01.cam_move2_047.gif,Assets/01.Game/03.Content/04.Cutscenes/01.Lab/01.Sprites/01.sheet/skeleton-01.cam_move2_047.gif,78009c5cb51f8937afdf4a69c9bbcdb4609d8d6377f135d6a8ef84d3c885ea91,847bc6b9fdec7f34c998f7d25c687267
Assets/01.Sprites/CutSceneLab/01.sheet/skeleton-01.cam_move2_048.gif,Assets/01.Game/03.Content/04.Cutscenes/01.Lab/01.Sprites/01.sheet/skeleton-01.cam_move2_048.gif,33910a809ba49b3ae2ec2a981a86ab25bca459b6bc5af2b6eac442ba8e43888b,bb09b756f19e0a94fa391002f935f094
Assets/01.Sprites/CutSceneLab/01.sheet/skeleton-01.cam_move2_049.gif,Assets/01.Game/03.Content/04.Cutscenes/01.Lab/01.Sprites/01.sheet/skeleton-01.cam_move2_049.gif,0517ae1158d6115d083a74970148358e2516550d15496f6e20354c870343862c,37768e221a8480c498760786ecf97bef
Assets/01.Sprites/CutSceneLab/01.sheet/skeleton-01.cam_move2_050.gif,Assets/01.Game/03.Content/04.Cutscenes/01.Lab/01.Sprites/01.sheet/skeleton-01.cam_move2_050.gif,06e7138a98b1c75b808d1ff80f42297cea2a8700c55e9df9d88752eed2e29aca,31fc9cd66e6dda04299df044ca88f79a
Assets/01.Sprites/CutSceneLab/01.sheet/skeleton-01.cam_move2_051.gif,Assets/01.Game/03.Content/04.Cutscenes/01.Lab/01.Sprites/01.sheet/skeleton-01.cam_move2_051.gif,7cb85c8e72b835a8b6fa8230ac5ee2a061b24b83e108c0bf967749b5f643885f,1d78404682b9a664fb4bfeb4cf762bec
Assets/01.Sprites/CutSceneLab/01.sheet/skeleton-01.cam_move2_052.gif,Assets/01.Game/03.Content/04.Cutscenes/01.Lab/01.Sprites/01.sheet/skeleton-01.cam_move2_052.gif,8369aab75bdcf3115e3460580d93f63fa4ca23cd5e610ecee416f4c199a5d552,0f77cf1c66afc094bb0881d6202b1f11
Assets/01.Sprites/CutSceneLab/01.sheet/skeleton-01.cam_move2_053.gif,Assets/01.Game/03.Content/04.Cutscenes/01.Lab/01.Sprites/01.sheet/skeleton-01.cam_move2_053.gif,5fa8338d5a06d9c3c48859a1cb5caf241f452e5f6458009320cd3775d8fa79f0,e5fbffbeca2a32544b4a3fe660e05dde
Assets/01.Sprites/CutSceneLab/01.sheet/skeleton-01.cam_move2_054.gif,Assets/01.Game/03.Content/04.Cutscenes/01.Lab/01.Sprites/01.sheet/skeleton-01.cam_move2_054.gif,95cc9e599fee058e2438f9d1123c3c7e240f7fc063a2dc647c5e3ae9fca3a139,741a5a9a82fd4e34a8eb487930a92e89
Assets/01.Sprites/CutSceneLab/01.sheet/skeleton-01.cam_move2_055.gif,Assets/01.Game/03.Content/04.Cutscenes/01.Lab/01.Sprites/01.sheet/skeleton-01.cam_move2_055.gif,cb7fb023b6a59bd79780af341ebd1d94688f33cbfdae987f3d537a71ef30e76d,c3b4a5a478407d640bfe394c1f6bb0a3
Assets/01.Sprites/CutSceneLab/01.sheet/skeleton-01.cam_move2_056.gif,Assets/01.Game/03.Content/04.Cutscenes/01.Lab/01.Sprites/01.sheet/skeleton-01.cam_move2_056.gif,884b96331e95047edcc94723374b33d9ea3a3b4b46878bd0d575f7c883f3e7bd,0380a8c469e5eb248bb508f3c37eacc4
Assets/01.Sprites/CutSceneLab/01.sheet/skeleton-01.cam_move2_057.gif,Assets/01.Game/03.Content/04.Cutscenes/01.Lab/01.Sprites/01.sheet/skeleton-01.cam_move2_057.gif,da9fad9ae09b6b1399c8076286ba23b9bb8c5d7f5bd1028b81d44bbc8ea74d24,7483485c4a847614ab7b052f11116d6a
Assets/01.Sprites/CutSceneLab/01.sheet/skeleton-01.cam_move2_058.gif,Assets/01.Game/03.Content/04.Cutscenes/01.Lab/01.Sprites/01.sheet/skeleton-01.cam_move2_058.gif,9dc712c3861529c4ece0caf1dbc7b80f699ab805d061d59e64ae45876a87abfc,3ec9bffaf81af404b8a42e3be79d9a09
Assets/01.Sprites/CutSceneLab/01.sheet/skeleton-01.cam_move2_059.gif,Assets/01.Game/03.Content/04.Cutscenes/01.Lab/01.Sprites/01.sheet/skeleton-01.cam_move2_059.gif,ad43c3adc47e08cfb1cd540135e7cc37ebfd1c9940e110b76d0061d60e0a69a1,ebd1ee7d493c13149a926a050d485386
Assets/01.Sprites/CutSceneLab/01.sheet/skeleton-01.cam_move2_060.gif,Assets/01.Game/03.Content/04.Cutscenes/01.Lab/01.Sprites/01.sheet/skeleton-01.cam_move2_060.gif,362d9bf160a91ce4a9e08a5224128f382fb02ffcf4641d921666a4a3a34899d0,2a30dc1afb042194cbe7a7fcc1f2bd2d
Assets/01.Sprites/CutSceneLab/01.sheet/skeleton-01.cam_move2_061.gif,Assets/01.Game/03.Content/04.Cutscenes/01.Lab/01.Sprites/01.sheet/skeleton-01.cam_move2_061.gif,740923bea6f51a3226ff75cb42bbdf956c16f5bd6f14344ac75bc9217f77f277,af0236e511077444fadf57f7c06fe4af
Assets/01.Sprites/CutSceneLab/01.sheet/skeleton-01.cam_move2_062.gif,Assets/01.Game/03.Content/04.Cutscenes/01.Lab/01.Sprites/01.sheet/skeleton-01.cam_move2_062.gif,29795c810f30dedfc66c510dddbcef51e54c6614d4e6ad6a6fbea1f2b59e1fc2,25ab1668fc6e01747a372d4ac4811819
Assets/01.Sprites/CutSceneLab/01.sheet/skeleton-01.cam_move2_063.gif,Assets/01.Game/03.Content/04.Cutscenes/01.Lab/01.Sprites/01.sheet/skeleton-01.cam_move2_063.gif,68ad89c0508970b5d4f61891eb55b8693d54d6ca7212140140af9c557dee832c,b301e509f8149ac409af4a36c0b9f8e9
Assets/01.Sprites/CutSceneLab/01.sheet/skeleton-01.cam_move2_064.gif,Assets/01.Game/03.Content/04.Cutscenes/01.Lab/01.Sprites/01.sheet/skeleton-01.cam_move2_064.gif,2ac507b76e10631a237245e4ddd29e580f338f01fd5a9651be61eb1c904ac2f0,ff77be39c6e62e347b26085a05a2ef9b
Assets/01.Sprites/CutSceneLab/01.sheet/skeleton-01.cam_move2_065.gif,Assets/01.Game/03.Content/04.Cutscenes/01.Lab/01.Sprites/01.sheet/skeleton-01.cam_move2_065.gif,7a7851668687a78c12cc4d634c0d0725079e1f21bc11a44acde92775f1b05afb,58ce0d179933ee4439a26fc65d94d6fe
Assets/01.Sprites/CutSceneLab/01.sheet/skeleton-01.cam_move2_066.gif,Assets/01.Game/03.Content/04.Cutscenes/01.Lab/01.Sprites/01.sheet/skeleton-01.cam_move2_066.gif,2be38af3bc783b897899c1f2feefeae88aad6417ff50554f02ad4bdf94a9eba9,254ea0f3eec1ff94bb247e3ae3962d0b
Assets/01.Sprites/CutSceneLab/01.sheet/skeleton-01.cam_move2_067.gif,Assets/01.Game/03.Content/04.Cutscenes/01.Lab/01.Sprites/01.sheet/skeleton-01.cam_move2_067.gif,290af59989faf932bf42541153aec1012a4c32ada4eb33cda9c5ee9bf69cf5e3,aa072bbc0e24f444d8dbbba768d2eb33
Assets/01.Sprites/CutSceneLab/01.sheet/skeleton-01.cam_move2_068.gif,Assets/01.Game/03.Content/04.Cutscenes/01.Lab/01.Sprites/01.sheet/skeleton-01.cam_move2_068.gif,5451887d30b5dfa87fb3f26ed8b7389b2397a580cce5d7f7adbc57ceabd90e7a,11d64f47735213a4e9fb164dae91e116
Assets/01.Sprites/CutSceneLab/01.sheet/skeleton-01.cam_move2_069.gif,Assets/01.Game/03.Content/04.Cutscenes/01.Lab/01.Sprites/01.sheet/skeleton-01.cam_move2_069.gif,fd279a85b3819e5dc3126b29bae2921810cad7de453533bbb758647654d46775,f2d2c6c66a16cc34ca203785bef702c8
Assets/01.Sprites/CutSceneLab/01.sheet/skeleton-01.cam_move2_070.gif,Assets/01.Game/03.Content/04.Cutscenes/01.Lab/01.Sprites/01.sheet/skeleton-01.cam_move2_070.gif,b6314896ab93e4e8350a60dc7c1e7de78eb49094236ba4e5861699ae8000e6aa,c40f2ecd08bb89a4f848659cf457820e
Assets/01.Sprites/CutSceneLab/01.sheet/skeleton-01.cam_move2_071.gif,Assets/01.Game/03.Content/04.Cutscenes/01.Lab/01.Sprites/01.sheet/skeleton-01.cam_move2_071.gif,0dcfd890cacf4671d132a64bdcde08e56b537dd18bcbcd44839dfb3d7fd828c0,7ede7cc773a25a64b99b3253b0cc07e5
Assets/01.Sprites/CutSceneLab/01.sheet/skeleton-01.cam_move2_072.gif,Assets/01.Game/03.Content/04.Cutscenes/01.Lab/01.Sprites/01.sheet/skeleton-01.cam_move2_072.gif,638d5f544b9bdb0df6e00e81bd91594e2a359cea7ac942ce3b6d53ee5886b306,7ee83a05cce3707418a217639deed422
Assets/01.Sprites/CutSceneLab/01.sheet/skeleton-01.cam_move2_073.gif,Assets/01.Game/03.Content/04.Cutscenes/01.Lab/01.Sprites/01.sheet/skeleton-01.cam_move2_073.gif,2c284ae9a12bb5d887d027fca2581ee94a81a379ab50a319d6c6fcefe441802f,a637b87a3f698e34da7ebfd1d9d59809
Assets/01.Sprites/CutSceneLab/01.sheet/skeleton-01.cam_move2_074.gif,Assets/01.Game/03.Content/04.Cutscenes/01.Lab/01.Sprites/01.sheet/skeleton-01.cam_move2_074.gif,44c865be5d99e6f55e644df932e22e004452d575c8860b0853998a7ff0ce257d,a5542c93755f4f640ac2761f6998c381
Assets/01.Sprites/CutSceneLab/01.sheet/skeleton-01.cam_move2_075.gif,Assets/01.Game/03.Content/04.Cutscenes/01.Lab/01.Sprites/01.sheet/skeleton-01.cam_move2_075.gif,26f7b68a1a1274871d4caaed57fb98100b4dc474a0363d2f13bfd3a88aa9c31f,44218a29ecd14bc46bcf3bde25540814
Assets/01.Sprites/CutSceneLab/01.sheet/skeleton-01.cam_move2_076.gif,Assets/01.Game/03.Content/04.Cutscenes/01.Lab/01.Sprites/01.sheet/skeleton-01.cam_move2_076.gif,d295a0da9d5d4cee74e727275924496c6ab30513abe4cfb91e03cb55048a60f2,9246b6a8392c2d84b8d430fc15fd0f3a
Assets/01.Sprites/CutSceneLab/01.sheet/skeleton-01.cam_move2_077.gif,Assets/01.Game/03.Content/04.Cutscenes/01.Lab/01.Sprites/01.sheet/skeleton-01.cam_move2_077.gif,9cd3473d002db45106d1d5eba517b6897845ff163981ffd43def7ae7462e3efc,b7a40e5b97ce0944ab1d736c376f4f5e
Assets/01.Sprites/CutSceneLab/01.sheet/skeleton-01.cam_move2_078.gif,Assets/01.Game/03.Content/04.Cutscenes/01.Lab/01.Sprites/01.sheet/skeleton-01.cam_move2_078.gif,51d3507ee87c332a5a73d95de49aebe4b42a351d356af42341003e79e60ec86e,dcaa379a4674da146b83130d493c707b
Assets/01.Sprites/CutSceneLab/01.sheet/skeleton-01.cam_move2_079.gif,Assets/01.Game/03.Content/04.Cutscenes/01.Lab/01.Sprites/01.sheet/skeleton-01.cam_move2_079.gif,cd8c9ed4c96897c545f800641251ab4a1657fda10e317ac2491a531dd9456c2e,30cd4999c76df51439478136b570538d
Assets/01.Sprites/CutSceneLab/01.sheet/skeleton-01.cam_move2_080.gif,Assets/01.Game/03.Content/04.Cutscenes/01.Lab/01.Sprites/01.sheet/skeleton-01.cam_move2_080.gif,ffb430fc4a434ec1b2f6261b50473a1f6bb5c014189def8f5ee6d1030fb05db8,34ecb7f0e969a644baa14124d41c34de
Assets/01.Sprites/CutSceneLab/01.sheet/skeleton-01.cam_move2_081.gif,Assets/01.Game/03.Content/04.Cutscenes/01.Lab/01.Sprites/01.sheet/skeleton-01.cam_move2_081.gif,04ba04ae4c89fcec323ac30c0ad238f0460e07e2e54a7061f6c8660df1344af7,7aba26e52d776e447878ba7197ec1d30
Assets/01.Sprites/CutSceneLab/01.sheet/skeleton-01.cam_move2_082.gif,Assets/01.Game/03.Content/04.Cutscenes/01.Lab/01.Sprites/01.sheet/skeleton-01.cam_move2_082.gif,1d944fa4186f1b5a6f3951da2b6d0cedbb9c811ab6322c5cf1462550e957e9c9,04696c8bf389a2e4cac36676b646ff06
Assets/01.Sprites/CutSceneLab/01.sheet/skeleton-01.cam_move2_083.gif,Assets/01.Game/03.Content/04.Cutscenes/01.Lab/01.Sprites/01.sheet/skeleton-01.cam_move2_083.gif,b23761c229cf657decbf67593253942eaf4c646f59305118defcfd35258f5057,5172a4f04c4e9d541b296eb9f071e1f0
Assets/01.Sprites/CutSceneLab/01.sheet/skeleton-01.cam_move2_084.gif,Assets/01.Game/03.Content/04.Cutscenes/01.Lab/01.Sprites/01.sheet/skeleton-01.cam_move2_084.gif,e682a85ae0d561b666a106aff2fb73bc042d26a90c944dc69e3c002fa657881d,abf636fe7be1bea498b2cdf347988d1a
Assets/01.Sprites/CutSceneLab/01.sheet/skeleton-01.cam_move2_085.gif,Assets/01.Game/03.Content/04.Cutscenes/01.Lab/01.Sprites/01.sheet/skeleton-01.cam_move2_085.gif,16ad9d716ca563e778534bb28ebc36808ecc6cdb39178578fbdcd4ef1e6f5a01,a7667d5b512c2c14b8cb38519ef88fcd
Assets/01.Sprites/CutSceneLab/01.sheet/skeleton-01.cam_move2_086.gif,Assets/01.Game/03.Content/04.Cutscenes/01.Lab/01.Sprites/01.sheet/skeleton-01.cam_move2_086.gif,6c66d9f4da193df2dd3dae118001ad2ba611b73b5628b654e61455326d7f10a0,e33634096714adc4e8ce4e8890166f96
Assets/01.Sprites/CutSceneLab/01.sheet/skeleton-01.cam_move2_087.gif,Assets/01.Game/03.Content/04.Cutscenes/01.Lab/01.Sprites/01.sheet/skeleton-01.cam_move2_087.gif,34ffbd40bdddf2cad450d5ee78b01b3470d1abf47deaa5e06815aa7be4f1f06f,f3cb25652e5255e458d85b76c9326bf7
Assets/01.Sprites/CutSceneLab/01.sheet/skeleton-01.cam_move2_088.gif,Assets/01.Game/03.Content/04.Cutscenes/01.Lab/01.Sprites/01.sheet/skeleton-01.cam_move2_088.gif,31fe1924308f325df69eb0a7bf0772af42533aa769b156521005fc3c0782bd38,01138a3e76e8c6b4aa826689ce8ac36d
Assets/01.Sprites/CutSceneLab/01.sheet/skeleton-01.cam_move2_089.gif,Assets/01.Game/03.Content/04.Cutscenes/01.Lab/01.Sprites/01.sheet/skeleton-01.cam_move2_089.gif,7db65db114cd2e9528fb33b42e0396b14fd85f9faa3ff5e16ec2eae18690c6e1,4c5a4fc3bdc13bb43bd98bb95b8aef47
Assets/01.Sprites/CutSceneLab/01.sheet/skeleton-01.cam_move2_090.gif,Assets/01.Game/03.Content/04.Cutscenes/01.Lab/01.Sprites/01.sheet/skeleton-01.cam_move2_090.gif,435d31944b838598c46350c02fa566252124576304f95fb0ec24302e53420182,18ca573dd3aad164b83bce17d7b302e0
Assets/01.Sprites/CutSceneLab/01.sheet/skeleton-01.cam_move2_091.gif,Assets/01.Game/03.Content/04.Cutscenes/01.Lab/01.Sprites/01.sheet/skeleton-01.cam_move2_091.gif,e446da5a101af0fecb9e7616aaa1dc6d6146febfccf431963de70fa3891cf01d,7d951f816047b2d4b9f2842c99a1b26a
Assets/01.Sprites/CutSceneLab/01.sheet/skeleton-01.cam_move2_092.gif,Assets/01.Game/03.Content/04.Cutscenes/01.Lab/01.Sprites/01.sheet/skeleton-01.cam_move2_092.gif,7e69f69650f2788d62b20e74ad2cd08c0f8275a787be09cacf03adc158490716,45a6da3d092a56c48b884246e3264218
Assets/01.Sprites/CutSceneLab/01.sheet/skeleton-01.cam_move2_093.gif,Assets/01.Game/03.Content/04.Cutscenes/01.Lab/01.Sprites/01.sheet/skeleton-01.cam_move2_093.gif,8d5f46d17e09790f9cef645d519a0c617dbc209c5a9d1513a8fd7b7ce20df226,2da7ae70ef07c674ab016097ccf1c054
Assets/01.Sprites/CutSceneLab/01.sheet/skeleton-01.cam_move2_094.gif,Assets/01.Game/03.Content/04.Cutscenes/01.Lab/01.Sprites/01.sheet/skeleton-01.cam_move2_094.gif,543552f955cc8a8ffbdbbb09d68deb140e31b280a0821dccdad6b4262692b5d3,98ab6ac5b7aed0c4c9bd8af85f743fc5
Assets/01.Sprites/CutSceneLab/01.sheet/skeleton-01.cam_move2_095.gif,Assets/01.Game/03.Content/04.Cutscenes/01.Lab/01.Sprites/01.sheet/skeleton-01.cam_move2_095.gif,2bda69318d892521d148919fba1620c40a87b77d25c6194c277c331ec8da0397,da73758aa9558924c9e751288a1de00a
Assets/01.Sprites/CutSceneLab/01.sheet/skeleton-01.cam_move2_096.gif,Assets/01.Game/03.Content/04.Cutscenes/01.Lab/01.Sprites/01.sheet/skeleton-01.cam_move2_096.gif,52b8a5314e720597220ead8cde9e7c0e3598fc20bbce20b1cd55a9dbf5df4e84,808bc0542ecf6d948a9984fd208f9bb0
Assets/01.Sprites/CutSceneLab/01.sheet/skeleton-01.cam_move2_097.gif,Assets/01.Game/03.Content/04.Cutscenes/01.Lab/01.Sprites/01.sheet/skeleton-01.cam_move2_097.gif,0a8bad156ca73a4e1fa9391768e2c947cce214902af1db90f4781e5ff3f4e1a9,26384934f69f21e4a86a862b3606cda7
Assets/01.Sprites/CutSceneLab/01.sheet/skeleton-01.cam_move2_098.gif,Assets/01.Game/03.Content/04.Cutscenes/01.Lab/01.Sprites/01.sheet/skeleton-01.cam_move2_098.gif,532b14bd316a1f58f453c94c444575a6a5c6a7733b2be1099e568557ba91da29,0e0f78d6d44ff4f418a4779a4fe94a5f
Assets/01.Sprites/CutSceneLab/01.sheet/skeleton-01.cam_move2_099.gif,Assets/01.Game/03.Content/04.Cutscenes/01.Lab/01.Sprites/01.sheet/skeleton-01.cam_move2_099.gif,d61e4cba70c77076178de81d81ad1361fc6cfe4197a36e3942add416721fd096,3edcfbabc05db6a40ad1097fc592568d
Assets/01.Sprites/CutSceneLab/01.sheet/skeleton-01.cam_move2_100.gif,Assets/01.Game/03.Content/04.Cutscenes/01.Lab/01.Sprites/01.sheet/skeleton-01.cam_move2_100.gif,a79eed65e501358228af19b041afb33aaa5d6a73efbd3467424024c70780df56,4ee4f37aeaf620a498a17b52a3864efa
Assets/01.Sprites/CutSceneLab/01.sheet/skeleton-01.cam_move2_101.gif,Assets/01.Game/03.Content/04.Cutscenes/01.Lab/01.Sprites/01.sheet/skeleton-01.cam_move2_101.gif,01ac710a5210aed759137ba06309d0ab321fde41f40f0ae048454bd6678168b2,ea3c32bfd5eac944d90588410b7f6c9e
Assets/01.Sprites/CutSceneLab/01.sheet/skeleton-01.cam_move2_102.gif,Assets/01.Game/03.Content/04.Cutscenes/01.Lab/01.Sprites/01.sheet/skeleton-01.cam_move2_102.gif,4d650ad21f4860746e0c6f5f549c78be444bf39b3d301ec8d70978e897f33de5,9422b7419f31fac4eb540cab9cbb713a
Assets/01.Sprites/CutSceneLab/01.sheet/skeleton-01.cam_move2_103.gif,Assets/01.Game/03.Content/04.Cutscenes/01.Lab/01.Sprites/01.sheet/skeleton-01.cam_move2_103.gif,ea900014505139512a8727929bb1bc2bbed0dbf9c0ac3c32ecffbfd45003561e,60fe45e162c00a84895b4a22f51d743a
Assets/01.Sprites/CutSceneLab/01.sheet/skeleton-01.cam_move2_104.gif,Assets/01.Game/03.Content/04.Cutscenes/01.Lab/01.Sprites/01.sheet/skeleton-01.cam_move2_104.gif,1f8ec38201f67607677ddca2dca4ca99a1374697a63ad721460e6e570f928df3,49d2709227297f743bb3c73f0b2d428d
Assets/01.Sprites/CutSceneLab/01.sheet/skeleton-01.cam_move2_105.gif,Assets/01.Game/03.Content/04.Cutscenes/01.Lab/01.Sprites/01.sheet/skeleton-01.cam_move2_105.gif,2f82d924b67b1a9833e5724a35ee12fab278b704b4ba628476b14e07fea01cd9,820abce0bf3ecdf42adac9fe300e157f
Assets/01.Sprites/CutSceneLab/01.sheet/skeleton-01.cam_move2_106.gif,Assets/01.Game/03.Content/04.Cutscenes/01.Lab/01.Sprites/01.sheet/skeleton-01.cam_move2_106.gif,d38a2140a18d4f56b90767cfeb302e31292ad88eb6c9c2df2554b2a38e33e4ba,a7824291f42bfce46b518cb8c3190253
Assets/01.Sprites/CutSceneLab/01.sheet/skeleton-01.cam_move2_107.gif,Assets/01.Game/03.Content/04.Cutscenes/01.Lab/01.Sprites/01.sheet/skeleton-01.cam_move2_107.gif,ec44ca5e8311981bf9fd0d8354045a0d4ca7f6e3b32f0555c6cb6dae27fffef0,197c10a506e3b964b97e216cfda43009
Assets/01.Sprites/CutSceneLab/01.sheet/skeleton-01.cam_move2_108.gif,Assets/01.Game/03.Content/04.Cutscenes/01.Lab/01.Sprites/01.sheet/skeleton-01.cam_move2_108.gif,90262ea184376597a11cfb4acf08aa51b8ac65696e5e46c1ac62d7319ae0d4e6,8a90b6f0920f655478ef1390d83a77bc
Assets/01.Sprites/CutSceneLab/01.sheet/skeleton-01.cam_move2_109.gif,Assets/01.Game/03.Content/04.Cutscenes/01.Lab/01.Sprites/01.sheet/skeleton-01.cam_move2_109.gif,9d5cc1b9c15f3add47484dbc485a7d0ccc4736e0143bbd8ebdf7e7d2cecb567c,1a438f720767ea94f885e774ea0474ad
Assets/01.Sprites/CutSceneLab/01.sheet/skeleton-01.cam_move2_110.gif,Assets/01.Game/03.Content/04.Cutscenes/01.Lab/01.Sprites/01.sheet/skeleton-01.cam_move2_110.gif,3e3ff5af50752481ff44cc86d59bcbf1d8849f63d4dd84fdbd248d2edac1a939,b7310a715c27a094e9e18b27e7da95be
Assets/01.Sprites/CutSceneLab/01.sheet/skeleton-01.cam_move2_111.gif,Assets/01.Game/03.Content/04.Cutscenes/01.Lab/01.Sprites/01.sheet/skeleton-01.cam_move2_111.gif,884af340b8e35b3a48680722871a4930d69d71d1bc283392943aa460bdcfb768,3179056336a5e134296e56b37d5a3eae
Assets/01.Sprites/CutSceneLab/01.sheet/skeleton-01.cam_move2_112.gif,Assets/01.Game/03.Content/04.Cutscenes/01.Lab/01.Sprites/01.sheet/skeleton-01.cam_move2_112.gif,f0fe39ed4b3eea65b149a785116c445fcc5a44a0dea36d564e012b7450e5e4c0,9a67b5ee943ac5d4d96aef0a2ee73ea5
Assets/01.Sprites/CutSceneLab/01.sheet/skeleton-01.cam_move2_113.gif,Assets/01.Game/03.Content/04.Cutscenes/01.Lab/01.Sprites/01.sheet/skeleton-01.cam_move2_113.gif,d35f1ee56ba91b3ecfce8f9819751ffffb279553e89d02710cb01d474a09ea6d,b52500d6b32a68444a77ea6727d135bd
Assets/01.Sprites/CutSceneLab/01.sheet/skeleton-01.cam_move2_114.gif,Assets/01.Game/03.Content/04.Cutscenes/01.Lab/01.Sprites/01.sheet/skeleton-01.cam_move2_114.gif,bae2a88e0b52ba0dd3bc84d2817848156bf0cd0a4a327857e96d81852783f448,33a1d9b16369fb246960a6b3fb01538e
Assets/01.Sprites/CutSceneLab/01.sheet/skeleton-01.cam_move2_115.gif,Assets/01.Game/03.Content/04.Cutscenes/01.Lab/01.Sprites/01.sheet/skeleton-01.cam_move2_115.gif,905c525dbce7ff7e6dd8dde7aff8418f9f0424d0fa514f45aad3ade3978d8498,e5f9cb8256642b74f8c0e30e6cd33e4f
Assets/01.Sprites/CutSceneLab/01.sheet/skeleton-01.cam_move2_116.gif,Assets/01.Game/03.Content/04.Cutscenes/01.Lab/01.Sprites/01.sheet/skeleton-01.cam_move2_116.gif,e6424ecc0548671c055c23353dd5f3b0b8a148e611526653973fc60c28fdc426,07a4b501cf082014d87fc978da1c4788
Assets/01.Sprites/CutSceneLab/01.sheet/skeleton-01.cam_move2_117.gif,Assets/01.Game/03.Content/04.Cutscenes/01.Lab/01.Sprites/01.sheet/skeleton-01.cam_move2_117.gif,a147186f715cf7bc9b02a0ec580620b65c230b468239b80abad18a0903adb9e8,f5422884c1f5dc940b9d29b8826e6cf1
Assets/01.Sprites/CutSceneLab/01.sheet/skeleton-01.cam_move2_118.gif,Assets/01.Game/03.Content/04.Cutscenes/01.Lab/01.Sprites/01.sheet/skeleton-01.cam_move2_118.gif,bec5c68dd2d7e8e22d44dfc7d8fc3794fa9a2a08fa54b441a94cebf7657fdd59,dde2ad8a0702e35489ee3107b462b94d
Assets/01.Sprites/CutSceneLab/01.sheet/skeleton-01.cam_move2_119.gif,Assets/01.Game/03.Content/04.Cutscenes/01.Lab/01.Sprites/01.sheet/skeleton-01.cam_move2_119.gif,88b902214e69633f15d7949ee0c237e176c365ef93680c4fbb9ab9ea8516fb60,7be34155548980c43ab86b3a2894c259
Assets/01.Sprites/CutSceneLab/01.sheet/skeleton-01.cam_move2_120.gif,Assets/01.Game/03.Content/04.Cutscenes/01.Lab/01.Sprites/01.sheet/skeleton-01.cam_move2_120.gif,75a4e5fa20bccef1ed9a14255d8b05ee02a6eb3c730f625a40056ac92eee69d9,dd455df05aa00ba4ebcaf45567aa29a9
Assets/01.Sprites/CutSceneLab/01.sheet/skeleton-01.cam_move2_121.gif,Assets/01.Game/03.Content/04.Cutscenes/01.Lab/01.Sprites/01.sheet/skeleton-01.cam_move2_121.gif,3ba980687a227cc199662b0bc5dae3245fa09e383380b7aa9fc997c68d1425b0,1d18a7787bd5cee418ccf9ca552f42b9
Assets/01.Sprites/CutSceneLab/01.sheet/skeleton-01.cam_move2_122.gif,Assets/01.Game/03.Content/04.Cutscenes/01.Lab/01.Sprites/01.sheet/skeleton-01.cam_move2_122.gif,267ead6352c2701a71d412493ed621002393eafde041eea061167b44b915fdbd,5c9c3f9ecda5cbc458aad312cadce00d
Assets/01.Sprites/CutSceneLab/01.sheet/skeleton-01.cam_move2_123.gif,Assets/01.Game/03.Content/04.Cutscenes/01.Lab/01.Sprites/01.sheet/skeleton-01.cam_move2_123.gif,b8badee0b2842acafde608c69f8e674ff82eea2b5c50418ea10d5cf9c94b154d,6701445557460f748952ca209c6240a7
Assets/01.Sprites/CutSceneLab/01.sheet/skeleton-01.cam_move2_124.gif,Assets/01.Game/03.Content/04.Cutscenes/01.Lab/01.Sprites/01.sheet/skeleton-01.cam_move2_124.gif,af69b2e475a66243d6078182402efb7444a99d97ee08829776686ea0b5a6ac11,993d59704547fd443a1c3b2bd9796f4e
Assets/01.Sprites/CutSceneLab/01.sheet/skeleton-01.cam_move2_125.gif,Assets/01.Game/03.Content/04.Cutscenes/01.Lab/01.Sprites/01.sheet/skeleton-01.cam_move2_125.gif,40fbf769fbc600980b31f2556e9a1e629ef93b13c87cc9a6b2e9fe5fe48ffe0b,f7209d64ae021274d87eb1a2efb475de
Assets/01.Sprites/CutSceneLab/01.sheet/skeleton-01.cam_move2_126.gif,Assets/01.Game/03.Content/04.Cutscenes/01.Lab/01.Sprites/01.sheet/skeleton-01.cam_move2_126.gif,82463be72869c7602aedb21033b5819fec326eff6d019ac8e2908e2b4dc362da,620ef5737c830b84983b1f6e1897fb88
Assets/01.Sprites/CutSceneLab/01.sheet/skeleton-01.cam_move2_127.gif,Assets/01.Game/03.Content/04.Cutscenes/01.Lab/01.Sprites/01.sheet/skeleton-01.cam_move2_127.gif,af6fb6234b0b00be333fbe4f60f58a9138be41480f58df9286505b8064885d39,b7b1d91f587312a4faa7f1131c5635f2
Assets/01.Sprites/CutSceneLab/01.sheet/skeleton-01.cam_move2_128.gif,Assets/01.Game/03.Content/04.Cutscenes/01.Lab/01.Sprites/01.sheet/skeleton-01.cam_move2_128.gif,06369e7a986bf7402d4b8cc3b5b6eceb3c8caea5ae167198c302b57844993c7e,291566b6bf474b741bcaddfa1e613010
Assets/01.Sprites/CutSceneLab/01.sheet/skeleton-01.cam_move2_129.gif,Assets/01.Game/03.Content/04.Cutscenes/01.Lab/01.Sprites/01.sheet/skeleton-01.cam_move2_129.gif,a2c227b1b70c72de9d8c296f7bdd5745acaaa83e9b5ac7776a4ae83ded28f743,6369242565fce2b47a625765135537b8
Assets/01.Sprites/CutSceneLab/01.sheet/skeleton-01.cam_move2_130.gif,Assets/01.Game/03.Content/04.Cutscenes/01.Lab/01.Sprites/01.sheet/skeleton-01.cam_move2_130.gif,166fc2dfd393bebd37b43e6ae03381470e138d86e42040b689f7b1952cb48498,035740bc9932d634e93a09fe8e480f80
Assets/01.Sprites/CutSceneLab/01.sheet/skeleton-01.cam_move2_131.gif,Assets/01.Game/03.Content/04.Cutscenes/01.Lab/01.Sprites/01.sheet/skeleton-01.cam_move2_131.gif,7ffc6ec1c96aebc04e699da062f3b87e5ff59fad2a3bf1a43d99e2680e5d671b,4f194c51dfdcc4647b631f569cbbae88
Assets/01.Sprites/CutSceneLab/01.sheet/skeleton-01.cam_move2_132.gif,Assets/01.Game/03.Content/04.Cutscenes/01.Lab/01.Sprites/01.sheet/skeleton-01.cam_move2_132.gif,ce17ac856239828377682ab9aed3f9437f5957d97a903161329a42f32a9d8a26,38f90962af71a3742a20af895557fe33
Assets/01.Sprites/CutSceneLab/01.sheet/skeleton-01.cam_move2_133.gif,Assets/01.Game/03.Content/04.Cutscenes/01.Lab/01.Sprites/01.sheet/skeleton-01.cam_move2_133.gif,f749289aacb2d186804b1074d48abae7c2359816d8ad6b6ad2effb4c12fea187,84b18237203dd374f9456b0c82e1de17
Assets/01.Sprites/CutSceneLab/01.sheet/skeleton-01.cam_move2_134.gif,Assets/01.Game/03.Content/04.Cutscenes/01.Lab/01.Sprites/01.sheet/skeleton-01.cam_move2_134.gif,3ba791ddf1d8dd83ac2936e6ca21d384db174e116c49c49224bccd123b52a5b5,ab38211768c30194d94a83018d32f381
Assets/01.Sprites/CutSceneLab/01.sheet/skeleton-01.cam_move2_135.gif,Assets/01.Game/03.Content/04.Cutscenes/01.Lab/01.Sprites/01.sheet/skeleton-01.cam_move2_135.gif,0964fc6777e18bd08a87eb89c35bba50514b942941bf59b7a40ad6bb2b60d3c1,be5f7f97058327440b46b1cca178674f
Assets/01.Sprites/CutSceneLab/01.sheet/skeleton-01.cam_move2_136.gif,Assets/01.Game/03.Content/04.Cutscenes/01.Lab/01.Sprites/01.sheet/skeleton-01.cam_move2_136.gif,2e3b0cdfb7cde468705dd838c077b4404e5e365d67ad9ebe1569b0e62351b8b6,f3980626eddcff94a94cd4000e9a053b
Assets/01.Sprites/CutSceneLab/01.sheet/skeleton-01.cam_move2_137.gif,Assets/01.Game/03.Content/04.Cutscenes/01.Lab/01.Sprites/01.sheet/skeleton-01.cam_move2_137.gif,5c48cba4dbbf7c279e75d33f937712a5f54027994347594bd4be9f6d5daf8462,eb9d058685e84494aab1452f587e9c9b
Assets/01.Sprites/CutSceneLab/01.sheet/skeleton-01.cam_move2_138.gif,Assets/01.Game/03.Content/04.Cutscenes/01.Lab/01.Sprites/01.sheet/skeleton-01.cam_move2_138.gif,51c2b64db374ed1e9fa7fb425cdafaa152261a68a5df75be582c298679551dfb,c76448454f661f84f8381c009e9d0763
Assets/01.Sprites/CutSceneLab/01.sheet/skeleton-01.cam_move2_139.gif,Assets/01.Game/03.Content/04.Cutscenes/01.Lab/01.Sprites/01.sheet/skeleton-01.cam_move2_139.gif,a7010d9d3267e187488d73997d616acd3ddc4437d53e2de520b63fd27816c8ef,7b59ab96ed07d474cb6969c8fada9daf
Assets/01.Sprites/CutSceneLab/01.sheet/skeleton-01.cam_move2_140.gif,Assets/01.Game/03.Content/04.Cutscenes/01.Lab/01.Sprites/01.sheet/skeleton-01.cam_move2_140.gif,079859cd1322e072a9e43211180812e55da58a49e4d17f12aedcac1d73479456,a98d76724edcfb84b9abd5fb96461117
Assets/01.Sprites/CutSceneLab/01.sheet/skeleton-01.cam_move2_141.gif,Assets/01.Game/03.Content/04.Cutscenes/01.Lab/01.Sprites/01.sheet/skeleton-01.cam_move2_141.gif,ad1194368272979a2e5b81a4dd1dc71239dc363a7278399f66c0f40c96902dd1,4031ad118a6e8344d999826a7b4d6440
Assets/01.Sprites/CutSceneLab/01.sheet/skeleton-01.cam_move2_142.gif,Assets/01.Game/03.Content/04.Cutscenes/01.Lab/01.Sprites/01.sheet/skeleton-01.cam_move2_142.gif,754098c88d97b689daba8cc24d400b55f9965baaa18703da80baa719a443f271,f3085f0ed59ec8f44a9be12df8000e1c
Assets/01.Sprites/CutSceneLab/01.sheet/skeleton-01.cam_move2_143.gif,Assets/01.Game/03.Content/04.Cutscenes/01.Lab/01.Sprites/01.sheet/skeleton-01.cam_move2_143.gif,7fd2256ca5118a5f64fe23bd5f6777e78927633d8b3c7a925814b4cba19c9d43,3aa7fa302f4c3de4387f9f81337af05a
Assets/01.Sprites/CutSceneLab/01.sheet/skeleton-01.cam_move2_144.gif,Assets/01.Game/03.Content/04.Cutscenes/01.Lab/01.Sprites/01.sheet/skeleton-01.cam_move2_144.gif,b7280aef2d2f712eca9f8e56b8c16f3bd78f5da62f0208176333f5d4fb70a400,305413809d2907e4696c083e3cee41f4
Assets/01.Sprites/CutSceneLab/01.sheet/skeleton-01.cam_move2_145.gif,Assets/01.Game/03.Content/04.Cutscenes/01.Lab/01.Sprites/01.sheet/skeleton-01.cam_move2_145.gif,3245464dc09e452eb9ab0c9695a317929bc5a1fa4b00874b4aa6941608afb004,4e0db5892e699ad459d47f211d61418f
Assets/01.Sprites/CutSceneLab/01.sheet/skeleton-01.cam_move2_146.gif,Assets/01.Game/03.Content/04.Cutscenes/01.Lab/01.Sprites/01.sheet/skeleton-01.cam_move2_146.gif,25d7e3bc3aa1b106282bccde85e4a366aed6dda866bdd6cb3a0a2021df4d8feb,9d2cb504695ed8d4e8d7c29280b08f80
Assets/01.Sprites/CutSceneLab/01.sheet/skeleton-01.cam_move2_147.gif,Assets/01.Game/03.Content/04.Cutscenes/01.Lab/01.Sprites/01.sheet/skeleton-01.cam_move2_147.gif,6187ef038fa0096316ca227972857e65cc9f1c231e9b2d97120410113cc23289,17a66cd28b8fe694888c922576b3fd1b
Assets/01.Sprites/CutSceneLab/01.sheet/skeleton-01.cam_move2_148.gif,Assets/01.Game/03.Content/04.Cutscenes/01.Lab/01.Sprites/01.sheet/skeleton-01.cam_move2_148.gif,500225c589a722539c0ec80e43128d3b3f12feff03938693f018ad9d845d7db3,7066b34687d7b2741ae21c704028a73d
Assets/01.Sprites/CutSceneLab/01.sheet/skeleton-01.cam_move2_149.gif,Assets/01.Game/03.Content/04.Cutscenes/01.Lab/01.Sprites/01.sheet/skeleton-01.cam_move2_149.gif,a5ecad5f2ee53cda24871a151639fe7a094ac6c90d9780997e689b32e5fe8452,840e1380e3648a042807e5a38080889c
Assets/01.Sprites/CutSceneLab/01.sheet/skeleton-02.hound_idle_00.gif,Assets/01.Game/03.Content/04.Cutscenes/01.Lab/01.Sprites/01.sheet/skeleton-02.hound_idle_00.gif,ed0eff542dcc6e2ce8636ac90097b06ae5a439c22185862917f6794175cd7363,782bdb8c9dc30d7468831c63820ada92
Assets/01.Sprites/CutSceneLab/02/skeleton-02.hound_idle_01.gif,Assets/01.Game/03.Content/04.Cutscenes/01.Lab/01.Sprites/02/skeleton-02.hound_idle_01.gif,553c451c9ea83d35015a7954d31ebf35f01808b788eee02f9b9a4980a9a5f747,d1ee13ea1720c2042b664cc61dc7a890
Assets/01.Sprites/CutSceneLab/02/skeleton-02.hound_idle_02.gif,Assets/01.Game/03.Content/04.Cutscenes/01.Lab/01.Sprites/02/skeleton-02.hound_idle_02.gif,553c451c9ea83d35015a7954d31ebf35f01808b788eee02f9b9a4980a9a5f747,ddf0454dbee17f045b216e635b52175b
Assets/01.Sprites/CutSceneLab/02/skeleton-02.hound_idle_03.gif,Assets/01.Game/03.Content/04.Cutscenes/01.Lab/01.Sprites/02/skeleton-02.hound_idle_03.gif,8c23533a2e4e0b03277908f410cd77af20345f3b7f88949f91c69581c0f977de,a5ebd1c99cafe9547815ca1da6e89cf1
Assets/01.Sprites/CutSceneLab/02/skeleton-02.hound_idle_04.gif,Assets/01.Game/03.Content/04.Cutscenes/01.Lab/01.Sprites/02/skeleton-02.hound_idle_04.gif,8c23533a2e4e0b03277908f410cd77af20345f3b7f88949f91c69581c0f977de,6235937ee43d51941813c159d5817ee7
Assets/01.Sprites/CutSceneLab/02/skeleton-02.hound_idle_05.gif,Assets/01.Game/03.Content/04.Cutscenes/01.Lab/01.Sprites/02/skeleton-02.hound_idle_05.gif,45e711aae796162a8b47c1279bc0fbeaacf680b73835ec6d6f1fb96e17a0a0e7,2d9488931d32fd346bba4e31e86583f3
Assets/01.Sprites/CutSceneLab/02/skeleton-02.hound_idle_06.gif,Assets/01.Game/03.Content/04.Cutscenes/01.Lab/01.Sprites/02/skeleton-02.hound_idle_06.gif,f15ebbe22c246a9f508fc7ae3b0c695112ec7f7a41eaca35a5536bfdc0f15a22,2355dd43aa6b29f4a9a0d4b17dd703b9
Assets/01.Sprites/CutSceneLab/02/skeleton-02.hound_idle_07.gif,Assets/01.Game/03.Content/04.Cutscenes/01.Lab/01.Sprites/02/skeleton-02.hound_idle_07.gif,423d082fe8383508e159ccfd5d7fcb3b2386c97e9935ed1e0fdecc903f098ff3,81f4208a8d3e1a446bc3af5bc735e82a
Assets/01.Sprites/CutSceneLab/02/skeleton-02.hound_idle_08.gif,Assets/01.Game/03.Content/04.Cutscenes/01.Lab/01.Sprites/02/skeleton-02.hound_idle_08.gif,fc9c46822e76431b5b34d94d7d8b33da923afaae958fe19d340bfa30e97179cd,ab0418ab9c0a6f441864166bc8fa1c3f
Assets/01.Sprites/CutSceneLab/02/skeleton-02.hound_idle_09.gif,Assets/01.Game/03.Content/04.Cutscenes/01.Lab/01.Sprites/02/skeleton-02.hound_idle_09.gif,6ee1eb02c50713ac2fabd96a2889c8a3bb55593942b0d403b24dff337e50de3a,a620a0157c36eaa40a0c6dccd6008676
Assets/01.Sprites/CutSceneLab/03.hound_kill_sheet/skeleton-03.hound_kill2_000.gif,Assets/01.Game/03.Content/04.Cutscenes/01.Lab/01.Sprites/03.hound_kill_sheet/skeleton-03.hound_kill2_000.gif,7e5c54ed25d7b06112b1213742f46548f9fb6871c8fb37d68f966e29287a039f,5f65861d23ce34d4bab42fe61d458d51
Assets/01.Sprites/CutSceneLab/03.hound_kill_sheet/skeleton-03.hound_kill2_001.gif,Assets/01.Game/03.Content/04.Cutscenes/01.Lab/01.Sprites/03.hound_kill_sheet/skeleton-03.hound_kill2_001.gif,809f50e7a217aa4918d7572741e607434ed2dcf16f76d0b082c6aab906cfd098,2a908b9d5c82c1c43b50aa630525519f
Assets/01.Sprites/CutSceneLab/03.hound_kill_sheet/skeleton-03.hound_kill2_002.gif,Assets/01.Game/03.Content/04.Cutscenes/01.Lab/01.Sprites/03.hound_kill_sheet/skeleton-03.hound_kill2_002.gif,809f50e7a217aa4918d7572741e607434ed2dcf16f76d0b082c6aab906cfd098,afe76c45fab097b4d852ec284e351eae
Assets/01.Sprites/CutSceneLab/03.hound_kill_sheet/skeleton-03.hound_kill2_003.gif,Assets/01.Game/03.Content/04.Cutscenes/01.Lab/01.Sprites/03.hound_kill_sheet/skeleton-03.hound_kill2_003.gif,fad8a006a8771b90c49ec4cbb082da36fd66dd69266b1a8b0b3d1f668537d36d,b1eef4e9856d697458638314e2664669
Assets/01.Sprites/CutSceneLab/03.hound_kill_sheet/skeleton-03.hound_kill2_004.gif,Assets/01.Game/03.Content/04.Cutscenes/01.Lab/01.Sprites/03.hound_kill_sheet/skeleton-03.hound_kill2_004.gif,fad8a006a8771b90c49ec4cbb082da36fd66dd69266b1a8b0b3d1f668537d36d,2442fcfd152b8f945aa57d4e7f0bcf1d
Assets/01.Sprites/CutSceneLab/03.hound_kill_sheet/skeleton-03.hound_kill2_005.gif,Assets/01.Game/03.Content/04.Cutscenes/01.Lab/01.Sprites/03.hound_kill_sheet/skeleton-03.hound_kill2_005.gif,8b5b79531d13b3ce39eb6c142b90bcc7c82baa6cce20ece2d36e8ec01594fabf,8d552f3522168194aa13894c85462d6c
Assets/01.Sprites/CutSceneLab/03.hound_kill_sheet/skeleton-03.hound_kill2_006.gif,Assets/01.Game/03.Content/04.Cutscenes/01.Lab/01.Sprites/03.hound_kill_sheet/skeleton-03.hound_kill2_006.gif,de1328fa936ab6bbfa25d8716d7e54f613ce063f828aad845bcf81452cbf1505,289b18eb0fa2dae43aa4ea1856610df7
Assets/01.Sprites/CutSceneLab/03.hound_kill_sheet/skeleton-03.hound_kill2_007.gif,Assets/01.Game/03.Content/04.Cutscenes/01.Lab/01.Sprites/03.hound_kill_sheet/skeleton-03.hound_kill2_007.gif,39396fa5c9a26914a57ae1b8d6d4c3c3ccf1d568b52c573a7f9305d180bb1312,36457478932934b46a31ed760ae01850
Assets/01.Sprites/CutSceneLab/03.hound_kill_sheet/skeleton-03.hound_kill2_008.gif,Assets/01.Game/03.Content/04.Cutscenes/01.Lab/01.Sprites/03.hound_kill_sheet/skeleton-03.hound_kill2_008.gif,e65b260ad99fecfb9622763fd449a44314bcfe92398e1c22b35fec326d175c7f,13d84b69033d02f449cac9c9eedb2e89
Assets/01.Sprites/CutSceneLab/03.hound_kill_sheet/skeleton-03.hound_kill2_009.gif,Assets/01.Game/03.Content/04.Cutscenes/01.Lab/01.Sprites/03.hound_kill_sheet/skeleton-03.hound_kill2_009.gif,d5ab07ef7290143a2b2c9598aaddc27b18aea4d651987ff051c5cb175bc9ba21,2e16cd213e8a5254187ef10d790e47d2
Assets/01.Sprites/CutSceneLab/03.hound_kill_sheet/skeleton-03.hound_kill2_010.gif,Assets/01.Game/03.Content/04.Cutscenes/01.Lab/01.Sprites/03.hound_kill_sheet/skeleton-03.hound_kill2_010.gif,68314bf3e20228cce14f8432f573ed98f11ae8252ae1d91df32c246d013b5853,75041235386c77e408526e724de06772
Assets/01.Sprites/CutSceneLab/03.hound_kill_sheet/skeleton-03.hound_kill2_011.gif,Assets/01.Game/03.Content/04.Cutscenes/01.Lab/01.Sprites/03.hound_kill_sheet/skeleton-03.hound_kill2_011.gif,ee26a9dd1eea33c501c35f312f2c6b53a9f6a405f740a074ec3b12bfe7cbd712,6c3af2f82942d5c41854b70abe18cecb
Assets/01.Sprites/CutSceneLab/03.hound_kill_sheet/skeleton-03.hound_kill2_012.gif,Assets/01.Game/03.Content/04.Cutscenes/01.Lab/01.Sprites/03.hound_kill_sheet/skeleton-03.hound_kill2_012.gif,7e5c54ed25d7b06112b1213742f46548f9fb6871c8fb37d68f966e29287a039f,7c98c9f0e9d698f44ba5105d22b6e756
Assets/01.Sprites/CutSceneLab/03.hound_kill_sheet/skeleton-03.hound_kill2_013.gif,Assets/01.Game/03.Content/04.Cutscenes/01.Lab/01.Sprites/03.hound_kill_sheet/skeleton-03.hound_kill2_013.gif,809f50e7a217aa4918d7572741e607434ed2dcf16f76d0b082c6aab906cfd098,9968bc801141b50428e5422682ac0800
Assets/01.Sprites/CutSceneLab/03.hound_kill_sheet/skeleton-03.hound_kill2_014.gif,Assets/01.Game/03.Content/04.Cutscenes/01.Lab/01.Sprites/03.hound_kill_sheet/skeleton-03.hound_kill2_014.gif,809f50e7a217aa4918d7572741e607434ed2dcf16f76d0b082c6aab906cfd098,1b4f5982f54c2a146986ecfea8d02c92
Assets/01.Sprites/CutSceneLab/03.hound_kill_sheet/skeleton-03.hound_kill2_015.gif,Assets/01.Game/03.Content/04.Cutscenes/01.Lab/01.Sprites/03.hound_kill_sheet/skeleton-03.hound_kill2_015.gif,fad8a006a8771b90c49ec4cbb082da36fd66dd69266b1a8b0b3d1f668537d36d,95607687c6ec36145828803121692faa
Assets/01.Sprites/CutSceneLab/03.hound_kill_sheet/skeleton-03.hound_kill2_016.gif,Assets/01.Game/03.Content/04.Cutscenes/01.Lab/01.Sprites/03.hound_kill_sheet/skeleton-03.hound_kill2_016.gif,fad8a006a8771b90c49ec4cbb082da36fd66dd69266b1a8b0b3d1f668537d36d,6d07e18628eb13849aec29ca530120b3
Assets/01.Sprites/CutSceneLab/03.hound_kill_sheet/skeleton-03.hound_kill2_017.gif,Assets/01.Game/03.Content/04.Cutscenes/01.Lab/01.Sprites/03.hound_kill_sheet/skeleton-03.hound_kill2_017.gif,8b5b79531d13b3ce39eb6c142b90bcc7c82baa6cce20ece2d36e8ec01594fabf,b7f248450686fb54b9b68866209d9e45
Assets/01.Sprites/CutSceneLab/03.hound_kill_sheet/skeleton-03.hound_kill2_018.gif,Assets/01.Game/03.Content/04.Cutscenes/01.Lab/01.Sprites/03.hound_kill_sheet/skeleton-03.hound_kill2_018.gif,de1328fa936ab6bbfa25d8716d7e54f613ce063f828aad845bcf81452cbf1505,4275d509bb36d14408b32036cdcfac8a
Assets/01.Sprites/CutSceneLab/03.hound_kill_sheet/skeleton-03.hound_kill2_019.gif,Assets/01.Game/03.Content/04.Cutscenes/01.Lab/01.Sprites/03.hound_kill_sheet/skeleton-03.hound_kill2_019.gif,39396fa5c9a26914a57ae1b8d6d4c3c3ccf1d568b52c573a7f9305d180bb1312,bebc94694f109fc40a3ab7be0fc25305
Assets/01.Sprites/CutSceneLab/03.hound_kill_sheet/skeleton-03.hound_kill2_020.gif,Assets/01.Game/03.Content/04.Cutscenes/01.Lab/01.Sprites/03.hound_kill_sheet/skeleton-03.hound_kill2_020.gif,e65b260ad99fecfb9622763fd449a44314bcfe92398e1c22b35fec326d175c7f,00b8b162b056a8c488cbf64577381870
Assets/01.Sprites/CutSceneLab/03.hound_kill_sheet/skeleton-03.hound_kill2_021.gif,Assets/01.Game/03.Content/04.Cutscenes/01.Lab/01.Sprites/03.hound_kill_sheet/skeleton-03.hound_kill2_021.gif,d5ab07ef7290143a2b2c9598aaddc27b18aea4d651987ff051c5cb175bc9ba21,b12ed277b64a78e4082d1eb993992352
Assets/01.Sprites/CutSceneLab/03.hound_kill_sheet/skeleton-03.hound_kill2_022.gif,Assets/01.Game/03.Content/04.Cutscenes/01.Lab/01.Sprites/03.hound_kill_sheet/skeleton-03.hound_kill2_022.gif,68314bf3e20228cce14f8432f573ed98f11ae8252ae1d91df32c246d013b5853,c41f06a82ab87244cbf2c039c8a8f16a
Assets/01.Sprites/CutSceneLab/03.hound_kill_sheet/skeleton-03.hound_kill2_023.gif,Assets/01.Game/03.Content/04.Cutscenes/01.Lab/01.Sprites/03.hound_kill_sheet/skeleton-03.hound_kill2_023.gif,ee26a9dd1eea33c501c35f312f2c6b53a9f6a405f740a074ec3b12bfe7cbd712,5ad83fbe8082c6c4980dbead775f648b
Assets/01.Sprites/CutSceneLab/03.hound_kill_sheet/skeleton-03.hound_kill2_024.gif,Assets/01.Game/03.Content/04.Cutscenes/01.Lab/01.Sprites/03.hound_kill_sheet/skeleton-03.hound_kill2_024.gif,7e5c54ed25d7b06112b1213742f46548f9fb6871c8fb37d68f966e29287a039f,fa8e8f71a8e20914c91317c3d599f867
Assets/01.Sprites/CutSceneLab/03.hound_kill_sheet/skeleton-03.hound_kill2_025.gif,Assets/01.Game/03.Content/04.Cutscenes/01.Lab/01.Sprites/03.hound_kill_sheet/skeleton-03.hound_kill2_025.gif,809f50e7a217aa4918d7572741e607434ed2dcf16f76d0b082c6aab906cfd098,0d076d07d3bbed94ba0e5bfe79006a9d
Assets/01.Sprites/CutSceneLab/03.hound_kill_sheet/skeleton-03.hound_kill2_026.gif,Assets/01.Game/03.Content/04.Cutscenes/01.Lab/01.Sprites/03.hound_kill_sheet/skeleton-03.hound_kill2_026.gif,809f50e7a217aa4918d7572741e607434ed2dcf16f76d0b082c6aab906cfd098,4fd0d00833954b84c9f650a54f43e1b4
Assets/01.Sprites/CutSceneLab/03.hound_kill_sheet/skeleton-03.hound_kill2_027.gif,Assets/01.Game/03.Content/04.Cutscenes/01.Lab/01.Sprites/03.hound_kill_sheet/skeleton-03.hound_kill2_027.gif,fad8a006a8771b90c49ec4cbb082da36fd66dd69266b1a8b0b3d1f668537d36d,8a9ecb2828a7e484294f88bc63bd4288
Assets/01.Sprites/CutSceneLab/03.hound_kill_sheet/skeleton-03.hound_kill2_028.gif,Assets/01.Game/03.Content/04.Cutscenes/01.Lab/01.Sprites/03.hound_kill_sheet/skeleton-03.hound_kill2_028.gif,fad8a006a8771b90c49ec4cbb082da36fd66dd69266b1a8b0b3d1f668537d36d,5dafa4ead0aa3364799cc518eb9c20f5
Assets/01.Sprites/CutSceneLab/03.hound_kill_sheet/skeleton-03.hound_kill2_029.gif,Assets/01.Game/03.Content/04.Cutscenes/01.Lab/01.Sprites/03.hound_kill_sheet/skeleton-03.hound_kill2_029.gif,8b5b79531d13b3ce39eb6c142b90bcc7c82baa6cce20ece2d36e8ec01594fabf,d7eb319f95f637448b19328161e15b6c
Assets/01.Sprites/CutSceneLab/03.hound_kill_sheet/skeleton-03.hound_kill2_030.gif,Assets/01.Game/03.Content/04.Cutscenes/01.Lab/01.Sprites/03.hound_kill_sheet/skeleton-03.hound_kill2_030.gif,de1328fa936ab6bbfa25d8716d7e54f613ce063f828aad845bcf81452cbf1505,712e29ab3fbded94d94bfa3bc048aa44
Assets/01.Sprites/CutSceneLab/03.hound_kill_sheet/skeleton-03.hound_kill2_031.gif,Assets/01.Game/03.Content/04.Cutscenes/01.Lab/01.Sprites/03.hound_kill_sheet/skeleton-03.hound_kill2_031.gif,39396fa5c9a26914a57ae1b8d6d4c3c3ccf1d568b52c573a7f9305d180bb1312,cd2adcc9e5cc9da49815e173b4e11086
Assets/01.Sprites/CutSceneLab/03.hound_kill_sheet/skeleton-03.hound_kill2_032.gif,Assets/01.Game/03.Content/04.Cutscenes/01.Lab/01.Sprites/03.hound_kill_sheet/skeleton-03.hound_kill2_032.gif,e65b260ad99fecfb9622763fd449a44314bcfe92398e1c22b35fec326d175c7f,1b26623d6530d7a4d88013eb257708bd
Assets/01.Sprites/CutSceneLab/03.hound_kill_sheet/skeleton-03.hound_kill2_033.gif,Assets/01.Game/03.Content/04.Cutscenes/01.Lab/01.Sprites/03.hound_kill_sheet/skeleton-03.hound_kill2_033.gif,d5ab07ef7290143a2b2c9598aaddc27b18aea4d651987ff051c5cb175bc9ba21,d4d2e0c9efcf64643892265eefc456c6
Assets/01.Sprites/CutSceneLab/03.hound_kill_sheet/skeleton-03.hound_kill2_034.gif,Assets/01.Game/03.Content/04.Cutscenes/01.Lab/01.Sprites/03.hound_kill_sheet/skeleton-03.hound_kill2_034.gif,68314bf3e20228cce14f8432f573ed98f11ae8252ae1d91df32c246d013b5853,1402307b7f4d0604090b81e0d548177f
Assets/01.Sprites/CutSceneLab/03.hound_kill_sheet/skeleton-03.hound_kill2_035.gif,Assets/01.Game/03.Content/04.Cutscenes/01.Lab/01.Sprites/03.hound_kill_sheet/skeleton-03.hound_kill2_035.gif,ee26a9dd1eea33c501c35f312f2c6b53a9f6a405f740a074ec3b12bfe7cbd712,494aab9ec5e956842bbaa7c74444dcbe
Assets/01.Sprites/CutSceneLab/03.hound_kill_sheet/skeleton-03.hound_kill2_036.gif,Assets/01.Game/03.Content/04.Cutscenes/01.Lab/01.Sprites/03.hound_kill_sheet/skeleton-03.hound_kill2_036.gif,7e5c54ed25d7b06112b1213742f46548f9fb6871c8fb37d68f966e29287a039f,b282ca5bb594f8241b11c11ae64ec4e2
Assets/01.Sprites/CutSceneLab/03.hound_kill_sheet/skeleton-03.hound_kill2_037.gif,Assets/01.Game/03.Content/04.Cutscenes/01.Lab/01.Sprites/03.hound_kill_sheet/skeleton-03.hound_kill2_037.gif,809f50e7a217aa4918d7572741e607434ed2dcf16f76d0b082c6aab906cfd098,375e95f3f0d325347a1f35dcfdaa0817
Assets/01.Sprites/CutSceneLab/03.hound_kill_sheet/skeleton-03.hound_kill2_038.gif,Assets/01.Game/03.Content/04.Cutscenes/01.Lab/01.Sprites/03.hound_kill_sheet/skeleton-03.hound_kill2_038.gif,809f50e7a217aa4918d7572741e607434ed2dcf16f76d0b082c6aab906cfd098,a3e83761f84e8bc40a30c3f9daf7f3c7
Assets/01.Sprites/CutSceneLab/03.hound_kill_sheet/skeleton-03.hound_kill2_039.gif,Assets/01.Game/03.Content/04.Cutscenes/01.Lab/01.Sprites/03.hound_kill_sheet/skeleton-03.hound_kill2_039.gif,fad8a006a8771b90c49ec4cbb082da36fd66dd69266b1a8b0b3d1f668537d36d,fd9df6f1fce424f43b326f391eec1827
Assets/01.Sprites/CutSceneLab/03.hound_kill_sheet/skeleton-03.hound_kill2_040.gif,Assets/01.Game/03.Content/04.Cutscenes/01.Lab/01.Sprites/03.hound_kill_sheet/skeleton-03.hound_kill2_040.gif,cbb4e4abe45a575b9d08e4a53f11db3e047f70c6dfff77a6bfe4e3569443209d,bdb64d7465843174fbab1a370d3bb8a3
Assets/01.Sprites/CutSceneLab/03.hound_kill_sheet/skeleton-03.hound_kill2_041.gif,Assets/01.Game/03.Content/04.Cutscenes/01.Lab/01.Sprites/03.hound_kill_sheet/skeleton-03.hound_kill2_041.gif,89960e7a0cf6cc9e1e36be4dcac5b3ef4fa2c3bb5068dfcec307574229bba4b4,96cc924537eb62f43b545fba4856a334
Assets/01.Sprites/CutSceneLab/03.hound_kill_sheet/skeleton-03.hound_kill2_042.gif,Assets/01.Game/03.Content/04.Cutscenes/01.Lab/01.Sprites/03.hound_kill_sheet/skeleton-03.hound_kill2_042.gif,97fdf9f0585714a1e371f2b18e085759f47a41fbbd2fcb5529f36151e0deb958,a69ad5caf39a86341bc4a63c594ffee4
Assets/01.Sprites/CutSceneLab/03.hound_kill_sheet/skeleton-03.hound_kill2_043.gif,Assets/01.Game/03.Content/04.Cutscenes/01.Lab/01.Sprites/03.hound_kill_sheet/skeleton-03.hound_kill2_043.gif,2d9ef2786444717e42cf043458477fe0f90b2748ec60324e98cc4e9e4927117f,7f8f352278da5d3419e4a1f9fff0b2c5
Assets/01.Sprites/CutSceneLab/03.hound_kill_sheet/skeleton-03.hound_kill2_044.gif,Assets/01.Game/03.Content/04.Cutscenes/01.Lab/01.Sprites/03.hound_kill_sheet/skeleton-03.hound_kill2_044.gif,1a637e69245e2e80e03ab3bdf49d46f5894640f80fab8c745ba735df576719b4,f5cc95575f0c11347a29c40198f2db81
Assets/01.Sprites/CutSceneLab/03.hound_kill_sheet/skeleton-03.hound_kill2_045.gif,Assets/01.Game/03.Content/04.Cutscenes/01.Lab/01.Sprites/03.hound_kill_sheet/skeleton-03.hound_kill2_045.gif,92feef66f8112f17dbbf00f050da5bf25c44be9ed5063127e4eb19cfae602c36,b47b26870b8894842ab57a7bea71acca
Assets/01.Sprites/CutSceneLab/03.hound_kill_sheet/skeleton-03.hound_kill2_046.gif,Assets/01.Game/03.Content/04.Cutscenes/01.Lab/01.Sprites/03.hound_kill_sheet/skeleton-03.hound_kill2_046.gif,7fc04c3e4e4566713d30515da021d6a9d05269d478fcb432a3be731a8891cf1f,02c93d1ef26811d40b3eb515e0805473
Assets/01.Sprites/CutSceneLab/03.hound_kill_sheet/skeleton-03.hound_kill2_047.gif,Assets/01.Game/03.Content/04.Cutscenes/01.Lab/01.Sprites/03.hound_kill_sheet/skeleton-03.hound_kill2_047.gif,3cf72bcfa047a970908e6fab36b263523904983bf73c9bda43f059b012691ff7,58a0187457a993a439cad0ac502ff274
Assets/01.Sprites/CutSceneLab/03.hound_kill_sheet/skeleton-03.hound_kill2_048.gif,Assets/01.Game/03.Content/04.Cutscenes/01.Lab/01.Sprites/03.hound_kill_sheet/skeleton-03.hound_kill2_048.gif,a6eb442102bacda621ae115e22acaf7bd03347c36626cec7d07abecefa43020b,b8f98dc116e5c2d4dbf9e5a7ae8708b8
Assets/01.Sprites/CutSceneLab/03.hound_kill_sheet/skeleton-03.hound_kill2_049.gif,Assets/01.Game/03.Content/04.Cutscenes/01.Lab/01.Sprites/03.hound_kill_sheet/skeleton-03.hound_kill2_049.gif,ee6ac1ee12468bff33ec2c71dfacb37dda630eced04a65f2abecabe416dace87,5adfec3d5c943dc4da6ed082713074d3
Assets/01.Sprites/CutSceneLab/03.hound_kill_sheet/skeleton-03.hound_kill2_050.gif,Assets/01.Game/03.Content/04.Cutscenes/01.Lab/01.Sprites/03.hound_kill_sheet/skeleton-03.hound_kill2_050.gif,2b19eee421593c4b7a3dc676c79fc0881eb2d97a65f64381a4ae98bba10116af,8e8739e17911ebf4e9bb2e658a99f171
Assets/01.Sprites/CutSceneLab/03.hound_kill_sheet/skeleton-03.hound_kill2_051.gif,Assets/01.Game/03.Content/04.Cutscenes/01.Lab/01.Sprites/03.hound_kill_sheet/skeleton-03.hound_kill2_051.gif,84a0f04f8a52d27adf4668ee6653e33d113046aef4abc83328cf438a1fc21527,8f7bc79621d1ff242989db7ee2c38179
Assets/01.Sprites/CutSceneLab/03.hound_kill_sheet/skeleton-03.hound_kill2_052.gif,Assets/01.Game/03.Content/04.Cutscenes/01.Lab/01.Sprites/03.hound_kill_sheet/skeleton-03.hound_kill2_052.gif,84a0f04f8a52d27adf4668ee6653e33d113046aef4abc83328cf438a1fc21527,76dd2996b910df04684c17a7519a9989
Assets/01.Sprites/CutSceneLab/03.hound_kill_sheet/skeleton-03.hound_kill2_053.gif,Assets/01.Game/03.Content/04.Cutscenes/01.Lab/01.Sprites/03.hound_kill_sheet/skeleton-03.hound_kill2_053.gif,84a0f04f8a52d27adf4668ee6653e33d113046aef4abc83328cf438a1fc21527,6a2f474da331fd444a7459842f20484b
Assets/01.Sprites/CutSceneLab/03.hound_kill_sheet/skeleton-03.hound_kill2_054.gif,Assets/01.Game/03.Content/04.Cutscenes/01.Lab/01.Sprites/03.hound_kill_sheet/skeleton-03.hound_kill2_054.gif,84a0f04f8a52d27adf4668ee6653e33d113046aef4abc83328cf438a1fc21527,505071d2872e90049972a5e465306e69
Assets/01.Sprites/CutSceneLab/03.hound_kill_sheet/skeleton-03.hound_kill2_055.gif,Assets/01.Game/03.Content/04.Cutscenes/01.Lab/01.Sprites/03.hound_kill_sheet/skeleton-03.hound_kill2_055.gif,627c90d10206bb40cd64e153698ae3d78a2e6c4117a599f0a9992d62434b9343,fce8e11683b13a345a93eeecc761655a
Assets/01.Sprites/CutSceneLab/03.hound_kill_sheet/skeleton-03.hound_kill2_056.gif,Assets/01.Game/03.Content/04.Cutscenes/01.Lab/01.Sprites/03.hound_kill_sheet/skeleton-03.hound_kill2_056.gif,a56f46617c1bb30c8c781214c12ee52a214f6196407516421a40dd23c7027f2e,c3ac47d7adc4f6f4bbd12a5dac23c259
Assets/01.Sprites/CutSceneLab/03.hound_kill_sheet/skeleton-03.hound_kill2_057.gif,Assets/01.Game/03.Content/04.Cutscenes/01.Lab/01.Sprites/03.hound_kill_sheet/skeleton-03.hound_kill2_057.gif,0d7eeb116051538387eae9b470038b287f1b30043574720a741be2e33462f714,b7add7fb2462ab44ab3b0495f1f16bcc
Assets/01.Sprites/CutSceneLab/03.hound_kill_sheet/skeleton-03.hound_kill2_058.gif,Assets/01.Game/03.Content/04.Cutscenes/01.Lab/01.Sprites/03.hound_kill_sheet/skeleton-03.hound_kill2_058.gif,bac8e9c951be128b695a7e8ab1b58188175a8bebf855a49d2dde6c7e38c66a92,70da8ec5824139f4ea86f293a33533b5
Assets/01.Sprites/CutSceneLab/03.hound_kill_sheet/skeleton-03.hound_kill2_059.gif,Assets/01.Game/03.Content/04.Cutscenes/01.Lab/01.Sprites/03.hound_kill_sheet/skeleton-03.hound_kill2_059.gif,e5beace25e6d1b6b949c4100d5601ffa2ac67af28eb28fb66b5c5d2a9000941d,47de4583ca72fe2468aa941ba9245fe4
Assets/01.Sprites/CutSceneLab/03.hound_kill_sheet/skeleton-03.hound_kill2_060.gif,Assets/01.Game/03.Content/04.Cutscenes/01.Lab/01.Sprites/03.hound_kill_sheet/skeleton-03.hound_kill2_060.gif,c7e747bac1d93666b90117b12ab5b9a89cd2729eac5bc2c6df711e8d55f48024,761683cd82dd5c14ab27ed260d7ab912
Assets/01.Sprites/CutSceneLab/03.hound_kill_sheet/skeleton-03.hound_kill2_061.gif,Assets/01.Game/03.Content/04.Cutscenes/01.Lab/01.Sprites/03.hound_kill_sheet/skeleton-03.hound_kill2_061.gif,6af3e219c39871e498cc7da6a485ec78d0000f9bba9595fa4d8d35472179d085,339a96bd4f2802347a0e5e3f22c3976e
Assets/01.Sprites/CutSceneLab/03.hound_kill_sheet/skeleton-03.hound_kill2_062.gif,Assets/01.Game/03.Content/04.Cutscenes/01.Lab/01.Sprites/03.hound_kill_sheet/skeleton-03.hound_kill2_062.gif,a5b4a0c82e3ec59e6ee20f9b2f6a75fb935deced0eac512d03e9d8a8b73bc9cc,82338882c8681924ba4cfafbb754a7e8
Assets/01.Sprites/CutSceneLab/03.hound_kill_sheet/skeleton-03.hound_kill2_063.gif,Assets/01.Game/03.Content/04.Cutscenes/01.Lab/01.Sprites/03.hound_kill_sheet/skeleton-03.hound_kill2_063.gif,6af3e219c39871e498cc7da6a485ec78d0000f9bba9595fa4d8d35472179d085,bd9f5cf9598a4ea46b94512966dc740f
Assets/01.Sprites/CutSceneLab/03.hound_kill_sheet/skeleton-03.hound_kill2_064.gif,Assets/01.Game/03.Content/04.Cutscenes/01.Lab/01.Sprites/03.hound_kill_sheet/skeleton-03.hound_kill2_064.gif,913ec1df075f4a79a0118211e64c8398fd83e66c1ab8b95d4eb10808146ff6e9,0ae7f3b76bf4b524093cc4280e0a261a
Assets/01.Sprites/CutSceneLab/03.hound_kill_sheet/skeleton-03.hound_kill2_065.gif,Assets/01.Game/03.Content/04.Cutscenes/01.Lab/01.Sprites/03.hound_kill_sheet/skeleton-03.hound_kill2_065.gif,ffb3152e5d5c9f3c9f135ffc0669db126704c387557e9862d9bc20aef4ddaa14,2c6bf3128a64fc94795542d360874b98
Assets/01.Sprites/CutSceneLab/03.hound_kill_sheet/skeleton-03.hound_kill2_066.gif,Assets/01.Game/03.Content/04.Cutscenes/01.Lab/01.Sprites/03.hound_kill_sheet/skeleton-03.hound_kill2_066.gif,63ad86be10d86774bc480c5a16ee690e3b293a85c97a4666e679544daeef3392,ab37a5bb921281347b678f0781060f9c
Assets/01.Sprites/CutSceneLab/03.hound_kill_sheet/skeleton-03.hound_kill2_067.gif,Assets/01.Game/03.Content/04.Cutscenes/01.Lab/01.Sprites/03.hound_kill_sheet/skeleton-03.hound_kill2_067.gif,263a708bb11f1344438273feef17839a5e79361f91aa634db761af20010764d7,4575b3eb12f149c4090fc97c2d079553
Assets/01.Sprites/CutSceneLab/03.hound_kill_sheet/skeleton-03.hound_kill2_068.gif,Assets/01.Game/03.Content/04.Cutscenes/01.Lab/01.Sprites/03.hound_kill_sheet/skeleton-03.hound_kill2_068.gif,690632f848068b8bce7d55208462593c3261633d53976d5a3e5d6a95b1f1dd67,03cea0ddf3e95c042bfaf043a3cc37a3
Assets/01.Sprites/CutSceneLab/03.hound_kill_sheet/skeleton-03.hound_kill2_069.gif,Assets/01.Game/03.Content/04.Cutscenes/01.Lab/01.Sprites/03.hound_kill_sheet/skeleton-03.hound_kill2_069.gif,86f9022e113c512986bb38fc4aed2b16aaf64c1ca02fca0f68c9185526b6bc0c,bfa1048ae0b36254bb1acb4ad70b4fc5
Assets/01.Sprites/CutSceneLab/03.hound_kill_sheet/skeleton-03.hound_kill2_070.gif,Assets/01.Game/03.Content/04.Cutscenes/01.Lab/01.Sprites/03.hound_kill_sheet/skeleton-03.hound_kill2_070.gif,28bdc9bea84906580410a4607a2325061a2740a744c1949d272c8553e61ad7f6,c2a0f42eb16a65149a5184119557cbe7
Assets/01.Sprites/CutSceneLab/03.hound_kill_sheet/skeleton-03.hound_kill2_071.gif,Assets/01.Game/03.Content/04.Cutscenes/01.Lab/01.Sprites/03.hound_kill_sheet/skeleton-03.hound_kill2_071.gif,c706bdbca90b76ed51626fd77aed231851e3c8eebe6afca1b06421ed9c466b1c,36dfd689b23014844ab5de070a323574
Assets/01.Sprites/CutSceneLab/03.hound_kill_sheet/skeleton-03.hound_kill2_072.gif,Assets/01.Game/03.Content/04.Cutscenes/01.Lab/01.Sprites/03.hound_kill_sheet/skeleton-03.hound_kill2_072.gif,8cfa990c94ae8bfab192566d4453540cfd15eabeca0451915cd728ffc217109b,d3235d989b625e4458120f4dd8f3ccc4
Assets/01.Sprites/CutSceneLab/03.hound_kill_sheet/skeleton-03.hound_kill2_073.gif,Assets/01.Game/03.Content/04.Cutscenes/01.Lab/01.Sprites/03.hound_kill_sheet/skeleton-03.hound_kill2_073.gif,099ac6d187995f5d100fa0b5ccbbd61cbc860f8f0d0bf6ac0b5067ee0165e015,ba06a041332604442be15caa08908310
Assets/01.Sprites/CutSceneLab/03.hound_kill_sheet/skeleton-03.hound_kill2_074.gif,Assets/01.Game/03.Content/04.Cutscenes/01.Lab/01.Sprites/03.hound_kill_sheet/skeleton-03.hound_kill2_074.gif,976f3c6cb3b279417cda1682b6fe46a2925ba184e3fb220b58b8d9302f372a89,e6e235aaa4d35d743ba08eef62c29cb0
Assets/01.Sprites/CutSceneLab/03.hound_kill_sheet/skeleton-03.hound_kill2_075.gif,Assets/01.Game/03.Content/04.Cutscenes/01.Lab/01.Sprites/03.hound_kill_sheet/skeleton-03.hound_kill2_075.gif,b177ad270632b7474363e43883ccdeec9cf2bd69c03dac469922b81233cfcd1c,a411836efa53b8a4899f035e51eec5e6
Assets/01.Sprites/CutSceneLab/03.hound_kill_sheet/skeleton-03.hound_kill2_076.gif,Assets/01.Game/03.Content/04.Cutscenes/01.Lab/01.Sprites/03.hound_kill_sheet/skeleton-03.hound_kill2_076.gif,57faf692fadb74f9d72d716069c222b444db366f09dbd18b4dbdaf5e2ad1ffae,6b9cafbb60ce6be49b8f605545aaefcd
Assets/01.Sprites/CutSceneLab/03.hound_kill_sheet/skeleton-03.hound_kill2_077.gif,Assets/01.Game/03.Content/04.Cutscenes/01.Lab/01.Sprites/03.hound_kill_sheet/skeleton-03.hound_kill2_077.gif,3f7c08998a50504251ace978523bcf07ecdcf6d81709c088b8803e2c7992a468,4788c74e1d3d73441bfd354ac139f5fc
Assets/01.Sprites/CutSceneLab/03.hound_kill_sheet/skeleton-03.hound_kill2_078.gif,Assets/01.Game/03.Content/04.Cutscenes/01.Lab/01.Sprites/03.hound_kill_sheet/skeleton-03.hound_kill2_078.gif,ad9c25110bc6836bbcde9bef18d6e48fa4ae91cbf52ea1e6f0042fa70b255196,466b29ec3565e11428400d5e15df69c0
Assets/01.Sprites/CutSceneLab/03.hound_kill_sheet/skeleton-03.hound_kill2_079.gif,Assets/01.Game/03.Content/04.Cutscenes/01.Lab/01.Sprites/03.hound_kill_sheet/skeleton-03.hound_kill2_079.gif,c8a548833139e7eacbc10675bb55e2bb596346faf7653bd1da85e52f715b0c8c,5ab6a0ee76201e4408438655d58ff74b
Assets/01.Sprites/CutSceneLab/03.hound_kill_sheet/skeleton-03.hound_kill2_080.gif,Assets/01.Game/03.Content/04.Cutscenes/01.Lab/01.Sprites/03.hound_kill_sheet/skeleton-03.hound_kill2_080.gif,ad4c1d8e370557775a9938cf0cc3ab875ee496ffcc0ead1e44f8076d420ee998,004c7f73cf144264f81cafae4e8fbe0e
Assets/01.Sprites/CutSceneLab/03.hound_kill_sheet/skeleton-03.hound_kill2_081.gif,Assets/01.Game/03.Content/04.Cutscenes/01.Lab/01.Sprites/03.hound_kill_sheet/skeleton-03.hound_kill2_081.gif,cae6d5be25a2b7f082cadf5616c079230b185f343f4a60c6e10711a161864ea5,9b9e5c6204bfc974e93203a100b66dc9
Assets/01.Sprites/CutSceneLab/03.hound_kill_sheet/skeleton-03.hound_kill2_082.gif,Assets/01.Game/03.Content/04.Cutscenes/01.Lab/01.Sprites/03.hound_kill_sheet/skeleton-03.hound_kill2_082.gif,5af6f3f2807444298f263467931aa0eb0644694c9f76e419652e8ca4f3a06f22,0fd6aa54006f93d48a07dae5df3cfbfb
Assets/01.Sprites/CutSceneLab/03.hound_kill_sheet/skeleton-03.hound_kill2_083.gif,Assets/01.Game/03.Content/04.Cutscenes/01.Lab/01.Sprites/03.hound_kill_sheet/skeleton-03.hound_kill2_083.gif,735cc131fe3e7bb512dd2734a10006da9f6e6b6c084591c8be3d062d47502322,3ae8719abbf08ec4692d1e049ef863b2
Assets/01.Sprites/CutSceneLab/03.hound_kill_sheet/skeleton-03.hound_kill2_084.gif,Assets/01.Game/03.Content/04.Cutscenes/01.Lab/01.Sprites/03.hound_kill_sheet/skeleton-03.hound_kill2_084.gif,f1d7862e67536a4780a7064549b15de19dbbfa210b7949f1c48d20b65e47a379,314ced5ed02a3ee46a8e96b13aff0ddc
Assets/01.Sprites/CutSceneLab/03.hound_kill_sheet/skeleton-03.hound_kill2_085.gif,Assets/01.Game/03.Content/04.Cutscenes/01.Lab/01.Sprites/03.hound_kill_sheet/skeleton-03.hound_kill2_085.gif,7226a7a0a67c0cfd174eabc8d493c1a0a112a605ebaa11e381d3ceb423680894,c857652bcacde4746b5f0e0e7a7af568
Assets/01.Sprites/CutSceneLab/03.hound_kill_sheet/skeleton-03.hound_kill2_086.gif,Assets/01.Game/03.Content/04.Cutscenes/01.Lab/01.Sprites/03.hound_kill_sheet/skeleton-03.hound_kill2_086.gif,7090945795353bc88ba15571faa16c2f0c71acb5edac86909a505fb189982092,20a7d5d4fc3d2cd4c8c2a46b433e4f14
Assets/01.Sprites/CutSceneLab/03.hound_kill_sheet/skeleton-03.hound_kill2_087.gif,Assets/01.Game/03.Content/04.Cutscenes/01.Lab/01.Sprites/03.hound_kill_sheet/skeleton-03.hound_kill2_087.gif,a0f34172dc423f8bd55a7478018e3b689e784c156d785e02dd3b2e910d79f6e0,2c0de5160ddf9da40b5267779309fcaf
Assets/01.Sprites/CutSceneLab/03.hound_kill_sheet/skeleton-03.hound_kill2_088.gif,Assets/01.Game/03.Content/04.Cutscenes/01.Lab/01.Sprites/03.hound_kill_sheet/skeleton-03.hound_kill2_088.gif,7ec46e74be5e174fedcafb61436e868d4f5bb43107422b91850f14d20368f9f2,af254bc1ddf705e499c2a0000150ac9e
Assets/01.Sprites/CutSceneLab/03.hound_kill_sheet/skeleton-03.hound_kill2_089.gif,Assets/01.Game/03.Content/04.Cutscenes/01.Lab/01.Sprites/03.hound_kill_sheet/skeleton-03.hound_kill2_089.gif,7ec46e74be5e174fedcafb61436e868d4f5bb43107422b91850f14d20368f9f2,a7b52531408e11f4a9bf911c514a76f7
Assets/01.Sprites/CutSceneLab/03.hound_kill_sheet/skeleton-03.hound_kill2_090.gif,Assets/01.Game/03.Content/04.Cutscenes/01.Lab/01.Sprites/03.hound_kill_sheet/skeleton-03.hound_kill2_090.gif,7ec46e74be5e174fedcafb61436e868d4f5bb43107422b91850f14d20368f9f2,011a56bbafdc1684fb8547aa94e29f3f
Assets/01.Sprites/CutSceneLab/03.hound_kill_sheet/skeleton-03.hound_kill2_091.gif,Assets/01.Game/03.Content/04.Cutscenes/01.Lab/01.Sprites/03.hound_kill_sheet/skeleton-03.hound_kill2_091.gif,7ec46e74be5e174fedcafb61436e868d4f5bb43107422b91850f14d20368f9f2,a5da964330b85774b94f3bf4d5d12195
Assets/01.Sprites/CutSceneLab/03.hound_kill_sheet/skeleton-03.hound_kill2_092.gif,Assets/01.Game/03.Content/04.Cutscenes/01.Lab/01.Sprites/03.hound_kill_sheet/skeleton-03.hound_kill2_092.gif,7ec46e74be5e174fedcafb61436e868d4f5bb43107422b91850f14d20368f9f2,038f51eccb8c0f6409f6622295b4284d
Assets/01.Sprites/CutSceneLab/03.hound_kill_sheet/skeleton-03.hound_kill2_093.gif,Assets/01.Game/03.Content/04.Cutscenes/01.Lab/01.Sprites/03.hound_kill_sheet/skeleton-03.hound_kill2_093.gif,07520b61167319f035ac2ec8f7674d4a6fa254bba89f93fdcd835b9412322f08,92f838b1ed6072d40a8c2a9235932087
Assets/01.Sprites/CutSceneLab/03.hound_kill_sheet/skeleton-03.hound_kill2_094.gif,Assets/01.Game/03.Content/04.Cutscenes/01.Lab/01.Sprites/03.hound_kill_sheet/skeleton-03.hound_kill2_094.gif,63eb399019df2ba14e1f1c327bd0c8577875028a1c1e279e5cae829490390516,feb1085cdc84d914dbe3f179eaa16201
Assets/01.Sprites/CutSceneLab/03.hound_kill_sheet/skeleton-03.hound_kill2_095.gif,Assets/01.Game/03.Content/04.Cutscenes/01.Lab/01.Sprites/03.hound_kill_sheet/skeleton-03.hound_kill2_095.gif,6d846bb40c0e3dd768d6e9526c5b6c35c18d954384660fca5f260f2aa944da99,ec142cfefc800c4429f7f78683bdffab
Assets/01.Sprites/CutSceneLab/03.hound_kill_sheet/skeleton-03.hound_kill2_096.gif,Assets/01.Game/03.Content/04.Cutscenes/01.Lab/01.Sprites/03.hound_kill_sheet/skeleton-03.hound_kill2_096.gif,3cf01fb2e1cfeb840b6a980961074f9731c7b0c9f3f058f9b2d9268037275968,c91de37bb73627547b6fd78909f61133
Assets/01.Sprites/CutSceneLab/03.hound_kill_sheet/skeleton-03.hound_kill2_097.gif,Assets/01.Game/03.Content/04.Cutscenes/01.Lab/01.Sprites/03.hound_kill_sheet/skeleton-03.hound_kill2_097.gif,0ebc800350ff9bc2c79b279ec6a3ccc5373edde57a8b00a04fe8c42cef9a7bb4,7be4b3759e9b7c84381207edb0907159
Assets/01.Sprites/CutSceneLab/03.hound_kill_sheet/skeleton-03.hound_kill2_098.gif,Assets/01.Game/03.Content/04.Cutscenes/01.Lab/01.Sprites/03.hound_kill_sheet/skeleton-03.hound_kill2_098.gif,caa59891a07d90742797ba8d79a082afa4b027d0d28d12d1613b5855bc027551,8fd785924d7ca27438ce440ac6b2f757
Assets/01.Sprites/CutSceneLab/03.hound_kill_sheet/skeleton-03.hound_kill2_099.gif,Assets/01.Game/03.Content/04.Cutscenes/01.Lab/01.Sprites/03.hound_kill_sheet/skeleton-03.hound_kill2_099.gif,89893db0abfe234da99a60f9f252fe53126092546b5de199520ce4ea84a30961,58edfde8483b4a04da14e38f67280753
Assets/01.Sprites/CutSceneLab/03.hound_kill_sheet/skeleton-03.hound_kill2_100.gif,Assets/01.Game/03.Content/04.Cutscenes/01.Lab/01.Sprites/03.hound_kill_sheet/skeleton-03.hound_kill2_100.gif,8f04bb99cf99c6ae4a7dc45909b30302da70174cc9cc5fbeb9f1e84fcf5e5222,ec82a8b778ce2084a948ca1034701dd9
Assets/01.Sprites/CutSceneLab/03.hound_kill_sheet/skeleton-03.hound_kill2_101.gif,Assets/01.Game/03.Content/04.Cutscenes/01.Lab/01.Sprites/03.hound_kill_sheet/skeleton-03.hound_kill2_101.gif,655b19fb525a806014820c12f09171b37f4bc536690d7bcac3ed1c049202613a,a8d74aaef9ddf8341ae3e2a0509a8cca
Assets/01.Sprites/CutSceneLab/03.hound_kill_sheet/skeleton-03.hound_kill2_102.gif,Assets/01.Game/03.Content/04.Cutscenes/01.Lab/01.Sprites/03.hound_kill_sheet/skeleton-03.hound_kill2_102.gif,f968d04e0b62f7192a946345b54e21a9a2b9a28e4c79a5bd85b45788e4cfec0b,1e13646599ea1cd44a4c61177a98af1e
Assets/01.Sprites/CutSceneLab/03.hound_kill_sheet/skeleton-03.hound_kill2_103.gif,Assets/01.Game/03.Content/04.Cutscenes/01.Lab/01.Sprites/03.hound_kill_sheet/skeleton-03.hound_kill2_103.gif,3b4a498da4a0ba45eaefa26c66e0f18e900bcf1907d2f3852aac845034ebdb87,f4c410b9aef03de4bbd57c6d1f488818
Assets/01.Sprites/CutSceneLab/03.hound_kill_sheet/skeleton-03.hound_kill2_104.gif,Assets/01.Game/03.Content/04.Cutscenes/01.Lab/01.Sprites/03.hound_kill_sheet/skeleton-03.hound_kill2_104.gif,528e80c1cb926f630d02a2900ca03a3150643cd740d765e01c28963819907855,d9085217c16aa5a4fa54c69eecab6407
Assets/01.Sprites/CutSceneLab/03.hound_kill_sheet/skeleton-03.hound_kill2_105.gif,Assets/01.Game/03.Content/04.Cutscenes/01.Lab/01.Sprites/03.hound_kill_sheet/skeleton-03.hound_kill2_105.gif,8e8ec484452b0ecf1ea1b0655888df47e7c7a217f991520ee2d01793d3132158,23ebcd6e6205ec54b8fadd63fe3a8666
Assets/01.Sprites/CutSceneLab/03.hound_kill_sheet/skeleton-03.hound_kill2_106.gif,Assets/01.Game/03.Content/04.Cutscenes/01.Lab/01.Sprites/03.hound_kill_sheet/skeleton-03.hound_kill2_106.gif,2f9e8d30c9fd417fea8ec25f227dc2713716b7350ae81859770629d91ee8c7c4,b0392bd23884758439e6500fe193ae9b
Assets/01.Sprites/CutSceneLab/03.hound_kill_sheet/skeleton-03.hound_kill2_107.gif,Assets/01.Game/03.Content/04.Cutscenes/01.Lab/01.Sprites/03.hound_kill_sheet/skeleton-03.hound_kill2_107.gif,2d6f2b710bec0b68e963b1af24687db9ca7a4e278cc0f801ef53fc787f3b3bce,488931f9254a67b48959cb58b0056045
Assets/01.Sprites/CutSceneLab/03.hound_kill_sheet/skeleton-03.hound_kill2_108.gif,Assets/01.Game/03.Content/04.Cutscenes/01.Lab/01.Sprites/03.hound_kill_sheet/skeleton-03.hound_kill2_108.gif,432c6dc4e7c09626b84b2077f8ab70acaeb48d000de32d64e0da0da41a58d8b8,7f348deb4a0932a4ab3bfdb0cecb1eed
Assets/01.Sprites/CutSceneLab/03.hound_kill_sheet/skeleton-03.hound_kill2_109.gif,Assets/01.Game/03.Content/04.Cutscenes/01.Lab/01.Sprites/03.hound_kill_sheet/skeleton-03.hound_kill2_109.gif,3237abda605875872d0743ae088881eb1ad97668760f013f30b394da56f240e5,9177bbd33515f634ab69140ae2660eb1
Assets/01.Sprites/CutSceneLab/03.hound_kill_sheet/skeleton-03.hound_kill2_110.gif,Assets/01.Game/03.Content/04.Cutscenes/01.Lab/01.Sprites/03.hound_kill_sheet/skeleton-03.hound_kill2_110.gif,31d21a725c105d8e21b97414ddd7cac197934a6eb81af990853d26873e8b985d,2f54f0a6ad89598488697f89fb8ace20
Assets/01.Sprites/CutSceneLab/03.hound_kill_sheet/skeleton-03.hound_kill2_111.gif,Assets/01.Game/03.Content/04.Cutscenes/01.Lab/01.Sprites/03.hound_kill_sheet/skeleton-03.hound_kill2_111.gif,c2e25382fd6679f94e32b2eb8d992b5e93b8c6104a6d4023eb1905e34ee5d184,fdef0d6fe59b11140865f6f5082d1fe5
Assets/01.Sprites/CutSceneLab/03.hound_kill_sheet/skeleton-03.hound_kill2_112.gif,Assets/01.Game/03.Content/04.Cutscenes/01.Lab/01.Sprites/03.hound_kill_sheet/skeleton-03.hound_kill2_112.gif,9f91bdd5156d770c671cfef308b7cd6de44f8dd955659b253878e3c16fef20fc,2daefce48e0780845af8f8f520139f36
Assets/01.Sprites/CutSceneLab/03.hound_kill_sheet/skeleton-03.hound_kill2_113.gif,Assets/01.Game/03.Content/04.Cutscenes/01.Lab/01.Sprites/03.hound_kill_sheet/skeleton-03.hound_kill2_113.gif,f8a0f9fb9fce446b5df8589a0578ac7804316528604d25a18fd2e6011bed41cc,0c0084b533fdcbc46aec0d66edf33b81
Assets/01.Sprites/CutSceneLab/03.hound_kill_sheet/skeleton-03.hound_kill2_114.gif,Assets/01.Game/03.Content/04.Cutscenes/01.Lab/01.Sprites/03.hound_kill_sheet/skeleton-03.hound_kill2_114.gif,f8a0f9fb9fce446b5df8589a0578ac7804316528604d25a18fd2e6011bed41cc,52b78516b88e524449b9ed9d32e0b822
Assets/01.Sprites/CutSceneLab/03.hound_kill_sheet/skeleton-03.hound_kill2_115.gif,Assets/01.Game/03.Content/04.Cutscenes/01.Lab/01.Sprites/03.hound_kill_sheet/skeleton-03.hound_kill2_115.gif,d5594a641320a1f7b3c569d5f6324aaa0bac1dbc9af61dafdcce0c151541e199,a2134a17c1e9c5a4388a9bfaee2a643c
Assets/01.Sprites/CutSceneLab/03.hound_kill_sheet/skeleton-03.hound_kill2_116.gif,Assets/01.Game/03.Content/04.Cutscenes/01.Lab/01.Sprites/03.hound_kill_sheet/skeleton-03.hound_kill2_116.gif,0068a9eca28aeff56f679bbed2537d38d0e7555741cd94cd8566718bf5778df3,e9f7df100efc00a4986cd2f91391e690
Assets/01.Sprites/CutSceneLab/03.hound_kill_sheet/skeleton-03.hound_kill2_117.gif,Assets/01.Game/03.Content/04.Cutscenes/01.Lab/01.Sprites/03.hound_kill_sheet/skeleton-03.hound_kill2_117.gif,1de96646e3046b20bc5876b7042351016e9ba67c41f642db8de08586ee71b05d,3095b895453186d4b8c54b76f0aba921
Assets/01.Sprites/CutSceneLab/03.hound_kill_sheet/skeleton-03.hound_kill2_118.gif,Assets/01.Game/03.Content/04.Cutscenes/01.Lab/01.Sprites/03.hound_kill_sheet/skeleton-03.hound_kill2_118.gif,064bebadd58af833a4da1f11c6e924ca4c1c5a85a0fd8f17c9aae7dd02fc6e30,0346bc52ffcdfb14c8ca1c7a32e0d22b
Assets/01.Sprites/CutSceneLab/03.hound_kill_sheet/skeleton-03.hound_kill2_119.gif,Assets/01.Game/03.Content/04.Cutscenes/01.Lab/01.Sprites/03.hound_kill_sheet/skeleton-03.hound_kill2_119.gif,d02b21bc6cf4780fc6d23a4d5565d69c21e7e198d6131bafd6bb86a365a1873f,94adb81f0b9ec7346a858803d1f044c5
Assets/01.Sprites/CutSceneLab/03.hound_kill_sheet/skeleton-03.hound_kill2_120.gif,Assets/01.Game/03.Content/04.Cutscenes/01.Lab/01.Sprites/03.hound_kill_sheet/skeleton-03.hound_kill2_120.gif,36b4b2d531e298a4aee884a56ff8c982a198b54eb3993f4058980cf840eeaff6,ab83e88b5fca502408d36ff30f5adef0
Assets/01.Sprites/CutSceneLab/03.hound_kill_sheet/skeleton-03.hound_kill2_121.gif,Assets/01.Game/03.Content/04.Cutscenes/01.Lab/01.Sprites/03.hound_kill_sheet/skeleton-03.hound_kill2_121.gif,b347152c1a2bf2421662960d25e3ed3d373502e672d55dcc9e49c89095a905d9,496fef7834b40024d89ff0d9dbb7dab4
Assets/01.Sprites/CutSceneLab/03.hound_kill_sheet/skeleton-03.hound_kill2_122.gif,Assets/01.Game/03.Content/04.Cutscenes/01.Lab/01.Sprites/03.hound_kill_sheet/skeleton-03.hound_kill2_122.gif,c0c7f941d63bfc356410b82a41e3a31b255f5731c56403ddfb9e295492451472,c52f5a538a3a84c40a3493f10744e159
Assets/01.Sprites/CutSceneLab/03.hound_kill_sheet/skeleton-03.hound_kill2_123.gif,Assets/01.Game/03.Content/04.Cutscenes/01.Lab/01.Sprites/03.hound_kill_sheet/skeleton-03.hound_kill2_123.gif,d8610fd443ae46a813252ef5a931cdb6a403ac9f56da3ad532acca466067e941,d7dba3279c14c7c4fa93738051e6fd69
Assets/01.Sprites/CutSceneLab/03.hound_kill_sheet/skeleton-03.hound_kill2_124.gif,Assets/01.Game/03.Content/04.Cutscenes/01.Lab/01.Sprites/03.hound_kill_sheet/skeleton-03.hound_kill2_124.gif,05fa9450654802d060858cce29ff2ffefccc1dbf62891502cbf18485b2e9cd94,f03ff4072c2cf3444919be515fecf362
Assets/01.Sprites/CutSceneLab/03.hound_kill_sheet/skeleton-03.hound_kill2_125.gif,Assets/01.Game/03.Content/04.Cutscenes/01.Lab/01.Sprites/03.hound_kill_sheet/skeleton-03.hound_kill2_125.gif,3f97a6e12541bfa5ac572945030774a1ab8c2ea2678a210876eef85e3206675d,4de7850421d6d5243b150831df945e9f
Assets/01.Sprites/CutSceneLab/03.hound_kill_sheet/skeleton-03.hound_kill2_126.gif,Assets/01.Game/03.Content/04.Cutscenes/01.Lab/01.Sprites/03.hound_kill_sheet/skeleton-03.hound_kill2_126.gif,d3b362aaee26d444a3aeeea18cb75054dd73032710deff32f698348c1c115bef,d6f7438593af6cb43a76829164306978
Assets/01.Sprites/CutSceneLab/03.hound_kill_sheet/skeleton-03.hound_kill2_127.gif,Assets/01.Game/03.Content/04.Cutscenes/01.Lab/01.Sprites/03.hound_kill_sheet/skeleton-03.hound_kill2_127.gif,549d4418d47799c70d7bbbe8c4e9e7607638dca1cb4a6a4630d0c3719325fb98,4386181ca1f808243a165877f96f7898
Assets/01.Sprites/CutSceneLab/03.hound_kill_sheet/skeleton-03.hound_kill2_128.gif,Assets/01.Game/03.Content/04.Cutscenes/01.Lab/01.Sprites/03.hound_kill_sheet/skeleton-03.hound_kill2_128.gif,490285e25db7f6552e21350aaa991cfb8de4148c63a0fd8a0080bbb2dd0ace96,de25711b16daf98468eb431f6896bf5d
Assets/01.Sprites/CutSceneLab/03.hound_kill_sheet/skeleton-03.hound_kill2_129.gif,Assets/01.Game/03.Content/04.Cutscenes/01.Lab/01.Sprites/03.hound_kill_sheet/skeleton-03.hound_kill2_129.gif,272c3d3868e94dd1a61388080a5d178e6b3dbfeb749f1e25fd5e4b24cdfd7751,a5876279c2a797344994a96fb719d338
Assets/01.Sprites/CutSceneLab/03.hound_kill_sheet/skeleton-03.hound_kill2_130.gif,Assets/01.Game/03.Content/04.Cutscenes/01.Lab/01.Sprites/03.hound_kill_sheet/skeleton-03.hound_kill2_130.gif,b9e87f5932d68d0edbb21461b9bd03c8cf4176c3cae00c73bda7a09fb9cb76e5,f35e7b05f89855b43b87f13f39267985
Assets/01.Sprites/CutSceneLab/03.hound_kill_sheet/skeleton-03.hound_kill2_131.gif,Assets/01.Game/03.Content/04.Cutscenes/01.Lab/01.Sprites/03.hound_kill_sheet/skeleton-03.hound_kill2_131.gif,f924608aa95225a9f71b87ce8c0eee133e0b78f4216d35f4781c32384bdf6ed3,44a04f7db0b7b6e42afa6bda19487c7d
Assets/01.Sprites/CutSceneLab/03.hound_kill_sheet/skeleton-03.hound_kill2_132.gif,Assets/01.Game/03.Content/04.Cutscenes/01.Lab/01.Sprites/03.hound_kill_sheet/skeleton-03.hound_kill2_132.gif,1335a6cab1833a5b36a024d87958b2fd21df15d6898cc14675ee526a452f37a7,a6615a882161b304da79954930fa5b28
Assets/01.Sprites/CutSceneLab/03.hound_kill_sheet/skeleton-03.hound_kill2_133.gif,Assets/01.Game/03.Content/04.Cutscenes/01.Lab/01.Sprites/03.hound_kill_sheet/skeleton-03.hound_kill2_133.gif,23ece88d1c12d7b25c08e32d1984e84ebcaa4c94ca158c8a55849dda6f99c539,6bbe686fcf47af04b8bcafeb0d899408
Assets/01.Sprites/CutSceneLab/03.hound_kill_sheet/skeleton-03.hound_kill2_134.gif,Assets/01.Game/03.Content/04.Cutscenes/01.Lab/01.Sprites/03.hound_kill_sheet/skeleton-03.hound_kill2_134.gif,ff870bb38bb0c65600670c0ae60d6c03b033a09a3270c8ee3a4f91d52dca3517,e3634be7729e37d458dd3d604e26885a
Assets/01.Sprites/CutSceneLab/03.hound_kill_sheet/skeleton-03.hound_kill2_135.gif,Assets/01.Game/03.Content/04.Cutscenes/01.Lab/01.Sprites/03.hound_kill_sheet/skeleton-03.hound_kill2_135.gif,02d79ef9986c800c91457530ad1435a4fb0a4671ef48dd1313703316385c7f2b,bd6b97074cf81bb439dfb03c71d29792
Assets/01.Sprites/CutSceneLab/03.hound_kill_sheet/skeleton-03.hound_kill2_136.gif,Assets/01.Game/03.Content/04.Cutscenes/01.Lab/01.Sprites/03.hound_kill_sheet/skeleton-03.hound_kill2_136.gif,b754baf47dfdda75961bec916829199c334d133f0d401d796c2545a5c917ac39,daa875d27e492644ebe66ac3004538d7
Assets/01.Sprites/CutSceneLab/03.hound_kill_sheet/skeleton-03.hound_kill2_137.gif,Assets/01.Game/03.Content/04.Cutscenes/01.Lab/01.Sprites/03.hound_kill_sheet/skeleton-03.hound_kill2_137.gif,2f35ebe40433c5116c6864d818b7bbe98f7fa7bc1807eda1542533ad089676f1,808bcc7604c78194383ed106520ddb62
Assets/01.Sprites/CutSceneLab/03.hound_kill_sheet/skeleton-03.hound_kill2_138.gif,Assets/01.Game/03.Content/04.Cutscenes/01.Lab/01.Sprites/03.hound_kill_sheet/skeleton-03.hound_kill2_138.gif,5c9744c37433979ce8e75748301bde7d8cf3e89714f947661439a28874484c6e,c2848d22e5e43954eb73a3d045e987a6
Assets/01.Sprites/CutSceneLab/03.hound_kill_sheet/skeleton-03.hound_kill2_139.gif,Assets/01.Game/03.Content/04.Cutscenes/01.Lab/01.Sprites/03.hound_kill_sheet/skeleton-03.hound_kill2_139.gif,e5442bccd32e2a1998468cfd39cf61d264d428a1ec2a560fe2ca6ceb188309e5,a1fddb13769682c44a29efc8057ad0a2
Assets/01.Sprites/CutSceneLab/03.hound_kill_sheet/skeleton-03.hound_kill2_140.gif,Assets/01.Game/03.Content/04.Cutscenes/01.Lab/01.Sprites/03.hound_kill_sheet/skeleton-03.hound_kill2_140.gif,fe316acda5e34425a57175d2fa37d2416823f7c4cd26b826cb01fba2cd372cb0,4608456744e40a24d87da27aaf0a56f5
Assets/01.Sprites/CutSceneLab/03.hound_kill_sheet/skeleton-03.hound_kill2_141.gif,Assets/01.Game/03.Content/04.Cutscenes/01.Lab/01.Sprites/03.hound_kill_sheet/skeleton-03.hound_kill2_141.gif,d7a0b518495e46e8f63383595f144406331d8b9c148cad1249c1cccd32af92bd,0b096fdba53a7a34cbab3b5c361d8e47
Assets/01.Sprites/CutSceneLab/03.hound_kill_sheet/skeleton-03.hound_kill2_142.gif,Assets/01.Game/03.Content/04.Cutscenes/01.Lab/01.Sprites/03.hound_kill_sheet/skeleton-03.hound_kill2_142.gif,e5ab2aa6e98176cac29e57d1b76b7a4ce5b26b21f73af7485cdcb08f8e898dad,0e0f2cb8b40121742b232f9c0cd45bcd
Assets/01.Sprites/CutSceneLab/04.soilder_idle/skeleton-04.soilder_idle_0.gif,Assets/01.Game/03.Content/04.Cutscenes/01.Lab/01.Sprites/04.soilder_idle/skeleton-04.soilder_idle_0.gif,b754baf47dfdda75961bec916829199c334d133f0d401d796c2545a5c917ac39,9e85fb34c33c7154aa32a3f355607e01
Assets/01.Sprites/CutSceneLab/04.soilder_idle/skeleton-04.soilder_idle_1.gif,Assets/01.Game/03.Content/04.Cutscenes/01.Lab/01.Sprites/04.soilder_idle/skeleton-04.soilder_idle_1.gif,b754baf47dfdda75961bec916829199c334d133f0d401d796c2545a5c917ac39,16487cc7259d1d34ca44bc6d55a80647
Assets/01.Sprites/CutSceneLab/04.soilder_idle/skeleton-04.soilder_idle_2.gif,Assets/01.Game/03.Content/04.Cutscenes/01.Lab/01.Sprites/04.soilder_idle/skeleton-04.soilder_idle_2.gif,814f391fb557645b28787cd44d4f7f93b000cde28ee8fac4b96db964bf74dc27,82bc1293506d48e4b848a52e43815b06
Assets/01.Sprites/CutSceneLab/04.soilder_idle/skeleton-04.soilder_idle_3.gif,Assets/01.Game/03.Content/04.Cutscenes/01.Lab/01.Sprites/04.soilder_idle/skeleton-04.soilder_idle_3.gif,603ddba9e3aacc3303c53e5fbebe7bc5697e01e89373d349507e06febf53c703,28ad3b1008322ef4189ea5974ce28ad8
Assets/01.Sprites/CutSceneLab/04.soilder_idle/skeleton-04.soilder_idle_4.gif,Assets/01.Game/03.Content/04.Cutscenes/01.Lab/01.Sprites/04.soilder_idle/skeleton-04.soilder_idle_4.gif,eaf95dd4bea8584788b1c939081bbfb2809f5ec6193ca5f6133540ff2c000045,7bd0ec3bd6f949a4ebc5e7851b97bf83
Assets/01.Sprites/CutSceneLab/04.soilder_idle/skeleton-04.soilder_idle_5.gif,Assets/01.Game/03.Content/04.Cutscenes/01.Lab/01.Sprites/04.soilder_idle/skeleton-04.soilder_idle_5.gif,9792d1ea9d3ded7b61b33bd0258d029a01bc56f818955d591d87186c6a1ce42d,5ba0dd5abd693ab42a12013e2a1b5bfc
Assets/01.Sprites/CutSceneLab/05.hound_attack/skeleton-05.hound_attack3_000.gif,Assets/01.Game/03.Content/04.Cutscenes/01.Lab/01.Sprites/05.hound_attack/skeleton-05.hound_attack3_000.gif,0fb361b557748fd85b32afb62624565354f1631f6504646752333dca5716e3dd,3d5b060cd9f77e84e9efcf20289e8c88
Assets/01.Sprites/CutSceneLab/05.hound_attack/skeleton-05.hound_attack3_001.gif,Assets/01.Game/03.Content/04.Cutscenes/01.Lab/01.Sprites/05.hound_attack/skeleton-05.hound_attack3_001.gif,1add84e60a78ed9ed9ab817716fa5c621aaa140f1cc7947561c5f095ada995fe,76b87f2a49c88174ab148dedba62492d
Assets/01.Sprites/CutSceneLab/05.hound_attack/skeleton-05.hound_attack3_002.gif,Assets/01.Game/03.Content/04.Cutscenes/01.Lab/01.Sprites/05.hound_attack/skeleton-05.hound_attack3_002.gif,40e268c2adabceeba0df7f74f81fdf3ad11c4524cc527b83cebf401b2eec2f73,68f193ef8c3a24741a7b382b1fe4422c
Assets/01.Sprites/CutSceneLab/05.hound_attack/skeleton-05.hound_attack3_003.gif,Assets/01.Game/03.Content/04.Cutscenes/01.Lab/01.Sprites/05.hound_attack/skeleton-05.hound_attack3_003.gif,967cf25b49c8f29d1754a22738eac482aeed82e1ae7670c0c8beb53a3de7a0b0,e6fd71f3edf89314faa51779ed2f2df8
Assets/01.Sprites/CutSceneLab/05.hound_attack/skeleton-05.hound_attack3_004.gif,Assets/01.Game/03.Content/04.Cutscenes/01.Lab/01.Sprites/05.hound_attack/skeleton-05.hound_attack3_004.gif,72d317c40a33881a1711844a0814da9fadb40a17fbc38eb21ca23863c20d6699,37792824a5567c445b87b65051373e18
Assets/01.Sprites/CutSceneLab/05.hound_attack/skeleton-05.hound_attack3_005.gif,Assets/01.Game/03.Content/04.Cutscenes/01.Lab/01.Sprites/05.hound_attack/skeleton-05.hound_attack3_005.gif,cefb78e54efb93b2ea75870491da1772c3c774320c0a0f3527ae5295ec948072,382bcc6437b2b9445a96a3ae41765430
Assets/01.Sprites/CutSceneLab/05.hound_attack/skeleton-05.hound_attack3_006.gif,Assets/01.Game/03.Content/04.Cutscenes/01.Lab/01.Sprites/05.hound_attack/skeleton-05.hound_attack3_006.gif,ee9b5fe0f8c7893b1d966f35227c40139800808f8320ac18ef4025e03f40e6e7,01d03749ebd8b7a4a97e1e30cc4e3842
Assets/01.Sprites/CutSceneLab/05.hound_attack/skeleton-05.hound_attack3_007.gif,Assets/01.Game/03.Content/04.Cutscenes/01.Lab/01.Sprites/05.hound_attack/skeleton-05.hound_attack3_007.gif,3d86c595eab64fa3f7698a82c058041703f60bb899e61197747f5cc63e33cf38,10b106f8a04e946429ba6bde51d50103
Assets/01.Sprites/CutSceneLab/05.hound_attack/skeleton-05.hound_attack3_008.gif,Assets/01.Game/03.Content/04.Cutscenes/01.Lab/01.Sprites/05.hound_attack/skeleton-05.hound_attack3_008.gif,2264eac66091b9a9653745833320ad2172cef1cb6319baa611cfb4f08066c877,36d19e6f9956d93478961ee34e7467b6
Assets/01.Sprites/CutSceneLab/05.hound_attack/skeleton-05.hound_attack3_009.gif,Assets/01.Game/03.Content/04.Cutscenes/01.Lab/01.Sprites/05.hound_attack/skeleton-05.hound_attack3_009.gif,b140a40591ca5184fbaceb3543281a94a0feafc50e2278c75794a895420dc8f4,26ddb7ed29a706c45a48b39aa8367992
Assets/01.Sprites/CutSceneLab/05.hound_attack/skeleton-05.hound_attack3_010.gif,Assets/01.Game/03.Content/04.Cutscenes/01.Lab/01.Sprites/05.hound_attack/skeleton-05.hound_attack3_010.gif,8974f3201701515ce02851db3c7b1e1dc84b8a22ddb33422fa614b68bbf33116,adeac52f8a51c534fa50ca9a0d90b365
Assets/01.Sprites/CutSceneLab/05.hound_attack/skeleton-05.hound_attack3_011.gif,Assets/01.Game/03.Content/04.Cutscenes/01.Lab/01.Sprites/05.hound_attack/skeleton-05.hound_attack3_011.gif,5695c58238559008c9dfc4164025587fbe2fdfed2fc6a39f6aa53f45279460b1,f85fbd43b013a8f4ca0cfdbefa8664d1
Assets/01.Sprites/CutSceneLab/05.hound_attack/skeleton-05.hound_attack3_012.gif,Assets/01.Game/03.Content/04.Cutscenes/01.Lab/01.Sprites/05.hound_attack/skeleton-05.hound_attack3_012.gif,c9781292d4910acab5fdbd9e19cf823e903af2dc207662d66b53ac80bb5dc924,762110498b2336c4e9ffdf8b57d57514
Assets/01.Sprites/CutSceneLab/05.hound_attack/skeleton-05.hound_attack3_013.gif,Assets/01.Game/03.Content/04.Cutscenes/01.Lab/01.Sprites/05.hound_attack/skeleton-05.hound_attack3_013.gif,1d4746707cf0d2e968a313674e436d377a1479b2b780a40fca1dd19a008cebd8,f427352b964b9304082e62abaec7ed55
Assets/01.Sprites/CutSceneLab/05.hound_attack/skeleton-05.hound_attack3_014.gif,Assets/01.Game/03.Content/04.Cutscenes/01.Lab/01.Sprites/05.hound_attack/skeleton-05.hound_attack3_014.gif,52545dd49c15c82cfbf21d44ccdaea366613174c28d49620af538098671a2544,bee93fb8f9aad154592ea1b9007d9719
Assets/01.Sprites/CutSceneLab/05.hound_attack/skeleton-05.hound_attack3_015.gif,Assets/01.Game/03.Content/04.Cutscenes/01.Lab/01.Sprites/05.hound_attack/skeleton-05.hound_attack3_015.gif,df228d82db3641d081f6d29a87ae4edd0ea0550800a5a68a4149bf78124a58ae,3d75bb781fa6dd64dab22afa87c5df1f
Assets/01.Sprites/CutSceneLab/05.hound_attack/skeleton-05.hound_attack3_016.gif,Assets/01.Game/03.Content/04.Cutscenes/01.Lab/01.Sprites/05.hound_attack/skeleton-05.hound_attack3_016.gif,9401c6b8f9f2ff65a66561a8ab6148bbd211826b8b135293d32caf08ac62ed05,e938c6dd25e2a644b862c552e6efcac5
Assets/01.Sprites/CutSceneLab/05.hound_attack/skeleton-05.hound_attack3_017.gif,Assets/01.Game/03.Content/04.Cutscenes/01.Lab/01.Sprites/05.hound_attack/skeleton-05.hound_attack3_017.gif,3a19a1393bad4b434d7a5270c594a828f494672b475c728b1cd92d3664d64db0,a2e5f96b7bc571b47b5f3364478a31cf
Assets/01.Sprites/CutSceneLab/05.hound_attack/skeleton-05.hound_attack3_018.gif,Assets/01.Game/03.Content/04.Cutscenes/01.Lab/01.Sprites/05.hound_attack/skeleton-05.hound_attack3_018.gif,f651086f41fbd6cc3f0258e3afc79466937eb526a09ea213b0fb6d9871998afb,01cd740d12442ba4fb894286569f828f
Assets/01.Sprites/CutSceneLab/05.hound_attack/skeleton-05.hound_attack3_019.gif,Assets/01.Game/03.Content/04.Cutscenes/01.Lab/01.Sprites/05.hound_attack/skeleton-05.hound_attack3_019.gif,acefe345fa20a8680626126a23f63cbd26bb1700be3a6868eba3f43c6e4939b3,294bd9a74bbd91b4680d1b592a2c3946
Assets/01.Sprites/CutSceneLab/05.hound_attack/skeleton-05.hound_attack3_020.gif,Assets/01.Game/03.Content/04.Cutscenes/01.Lab/01.Sprites/05.hound_attack/skeleton-05.hound_attack3_020.gif,650c4d820952ed2f7dd16c3f44bcef37c5780b9a6c677245eecf04ac81c24fca,4b8e63e6ed21bca419fa5085cad3a352
Assets/01.Sprites/CutSceneLab/05.hound_attack/skeleton-05.hound_attack3_021.gif,Assets/01.Game/03.Content/04.Cutscenes/01.Lab/01.Sprites/05.hound_attack/skeleton-05.hound_attack3_021.gif,993f9408b4039525ac929de154492f5ebd30b1df499a842bffc12653e7d2b14e,9b644bc771a8f8946909fc2322a8ef8f
Assets/01.Sprites/CutSceneLab/05.hound_attack/skeleton-05.hound_attack3_022.gif,Assets/01.Game/03.Content/04.Cutscenes/01.Lab/01.Sprites/05.hound_attack/skeleton-05.hound_attack3_022.gif,03920570a86b4d36e368d439b0cc6db772cfa7fab10378cfc2eaf0ffe383dc3b,4c8dd2c4750108b42a085d57d6002b39
Assets/01.Sprites/CutSceneLab/05.hound_attack/skeleton-05.hound_attack3_023.gif,Assets/01.Game/03.Content/04.Cutscenes/01.Lab/01.Sprites/05.hound_attack/skeleton-05.hound_attack3_023.gif,43814ebd0b1b74f1269fb7aac9e2dfeef4b38c52023607beed6dff7545964623,6f23f349bdf507d449540bacd70fdb64
Assets/01.Sprites/CutSceneLab/05.hound_attack/skeleton-05.hound_attack3_024.gif,Assets/01.Game/03.Content/04.Cutscenes/01.Lab/01.Sprites/05.hound_attack/skeleton-05.hound_attack3_024.gif,602f6f5fac358631cdd0e5a6456f32ff24acbe126d8501ac76d51d003118f59a,3d2c10e273d5b9d47944f2981d23ea2d
Assets/01.Sprites/CutSceneLab/05.hound_attack/skeleton-05.hound_attack3_025.gif,Assets/01.Game/03.Content/04.Cutscenes/01.Lab/01.Sprites/05.hound_attack/skeleton-05.hound_attack3_025.gif,87ec793bdc6f90756acb61c8da9e0e310b8a1432dd3c7d859221eb5b521607f0,20e5520e6d919854085b1b825ba7982b
Assets/01.Sprites/CutSceneLab/05.hound_attack/skeleton-05.hound_attack3_026.gif,Assets/01.Game/03.Content/04.Cutscenes/01.Lab/01.Sprites/05.hound_attack/skeleton-05.hound_attack3_026.gif,7286e9e1eb769c14c33eff3d180025b80b9475e214865563cdfd8304101984da,e45c8fe55a2616c4eb0b1635dc26ecf3
Assets/01.Sprites/CutSceneLab/05.hound_attack/skeleton-05.hound_attack3_027.gif,Assets/01.Game/03.Content/04.Cutscenes/01.Lab/01.Sprites/05.hound_attack/skeleton-05.hound_attack3_027.gif,2f24785bd31ab74807034073e1e2563ae1c2fcca0315b58acc86c064805a76a6,465ad17325a2c8c4f98230a91913e019
Assets/01.Sprites/CutSceneLab/05.hound_attack/skeleton-05.hound_attack3_028.gif,Assets/01.Game/03.Content/04.Cutscenes/01.Lab/01.Sprites/05.hound_attack/skeleton-05.hound_attack3_028.gif,e2a5fdabc17973056ca187d238287925c2f296692fdd51f91446a89a7360fe69,9133f537c562904478e281b0870b3094
Assets/01.Sprites/CutSceneLab/05.hound_attack/skeleton-05.hound_attack3_029.gif,Assets/01.Game/03.Content/04.Cutscenes/01.Lab/01.Sprites/05.hound_attack/skeleton-05.hound_attack3_029.gif,59a70f128083c477bf83c490299c988380fae00de6fd912e923ed484638bf6d9,f8b3fc0517b1b9b469c238e334ba4572
Assets/01.Sprites/CutSceneLab/05.hound_attack/skeleton-05.hound_attack3_030.gif,Assets/01.Game/03.Content/04.Cutscenes/01.Lab/01.Sprites/05.hound_attack/skeleton-05.hound_attack3_030.gif,6e342f7ef352c9ea40dfd8022a729f70cab0654387e8733f1bc1563a65be7fa6,e1f4b8893cc2d784086aa6ff47500211
Assets/01.Sprites/CutSceneLab/05.hound_attack/skeleton-05.hound_attack3_031.gif,Assets/01.Game/03.Content/04.Cutscenes/01.Lab/01.Sprites/05.hound_attack/skeleton-05.hound_attack3_031.gif,11eb5523f02f4a24580dc5c3d9d3ee817679fa0cdaad96b14d60838ea5161a14,de4f2e30a9161a64c85b849d4ebfe18a
Assets/01.Sprites/CutSceneLab/05.hound_attack/skeleton-05.hound_attack3_032.gif,Assets/01.Game/03.Content/04.Cutscenes/01.Lab/01.Sprites/05.hound_attack/skeleton-05.hound_attack3_032.gif,4c29e4e18df510b9d72f799c1eccb1431709e336c8778a92d6a554841c9a18c7,d6c50ac1c14ef574485f2667693f085c
Assets/01.Sprites/CutSceneLab/05.hound_attack/skeleton-05.hound_attack3_033.gif,Assets/01.Game/03.Content/04.Cutscenes/01.Lab/01.Sprites/05.hound_attack/skeleton-05.hound_attack3_033.gif,23e05c18cabe99447c8d6f3ee8e656dfe148c44c6d98b84197b54c84803dff7b,430175ba902ae1444a9c07b366da15da
Assets/01.Sprites/CutSceneLab/05.hound_attack/skeleton-05.hound_attack3_034.gif,Assets/01.Game/03.Content/04.Cutscenes/01.Lab/01.Sprites/05.hound_attack/skeleton-05.hound_attack3_034.gif,2a77cb88ecb1a5b92973af55cfb4bfda004c0415356a71725bc90c5f989537a7,7c8ba87be23a92444ae4120e224a9098
Assets/01.Sprites/CutSceneLab/05.hound_attack/skeleton-05.hound_attack3_035.gif,Assets/01.Game/03.Content/04.Cutscenes/01.Lab/01.Sprites/05.hound_attack/skeleton-05.hound_attack3_035.gif,485dd5cfde436ccfffeac2dffa90bfd52320da740345c8a532b8ec44f49bb9cf,9f6856a3a08829248aeb77e5266bb176
Assets/01.Sprites/CutSceneLab/05.hound_attack/skeleton-05.hound_attack3_036.gif,Assets/01.Game/03.Content/04.Cutscenes/01.Lab/01.Sprites/05.hound_attack/skeleton-05.hound_attack3_036.gif,a8e708c2e2996f7a8273d512f79120c7dc3f92475420afa5ba0c518c1b582364,85aa0e3695f0daf468c5d0dc4630dca2
Assets/01.Sprites/CutSceneLab/05.hound_attack/skeleton-05.hound_attack3_037.gif,Assets/01.Game/03.Content/04.Cutscenes/01.Lab/01.Sprites/05.hound_attack/skeleton-05.hound_attack3_037.gif,e7a0c7aa59988e4af4a2d0c418287f71f3011972f551f68d9f72e85948270843,75b59bdf7781d1540b0439476103db34
Assets/01.Sprites/CutSceneLab/05.hound_attack/skeleton-05.hound_attack3_038.gif,Assets/01.Game/03.Content/04.Cutscenes/01.Lab/01.Sprites/05.hound_attack/skeleton-05.hound_attack3_038.gif,1977c409d91786a741ba0a1b1a9b8bdacf84310095e78e02e15f9fa080ce8b3c,55854394206fb254989fea193a459f7d
Assets/01.Sprites/CutSceneLab/05.hound_attack/skeleton-05.hound_attack3_039.gif,Assets/01.Game/03.Content/04.Cutscenes/01.Lab/01.Sprites/05.hound_attack/skeleton-05.hound_attack3_039.gif,f90987ebc70b64575a4fd659d5d44d84a9a1c0b022fab413190033171096e833,151103fbbe340de4ea3fb1058fb34070
Assets/01.Sprites/CutSceneLab/05.hound_attack/skeleton-05.hound_attack3_040.gif,Assets/01.Game/03.Content/04.Cutscenes/01.Lab/01.Sprites/05.hound_attack/skeleton-05.hound_attack3_040.gif,81b74208d2257215194718007b85348b978f8a931a4d689efcc390e1b20f2c74,1397cbf1901119248bdff0d2365d264c
Assets/01.Sprites/CutSceneLab/05.hound_attack/skeleton-05.hound_attack3_041.gif,Assets/01.Game/03.Content/04.Cutscenes/01.Lab/01.Sprites/05.hound_attack/skeleton-05.hound_attack3_041.gif,d39d3cb5000460648a9e8ad7d716acdb6b40eaf2a821b174a6d27e1813b3c517,995458ee79125ef469acdca8ec5cfff4
Assets/01.Sprites/CutSceneLab/05.hound_attack/skeleton-05.hound_attack3_042.gif,Assets/01.Game/03.Content/04.Cutscenes/01.Lab/01.Sprites/05.hound_attack/skeleton-05.hound_attack3_042.gif,73105ade05876a583d67121229e7addca9811c92a451df88cd8ca26a8712202e,90887dca180b46b4fb09571dc7294079
Assets/01.Sprites/CutSceneLab/05.hound_attack/skeleton-05.hound_attack3_043.gif,Assets/01.Game/03.Content/04.Cutscenes/01.Lab/01.Sprites/05.hound_attack/skeleton-05.hound_attack3_043.gif,b6ead090e3e89c1e355abc55f698108affe51b69da7a2ab3d0b5f2cc29e2b98e,5bf8e5ede7214c04ebed1bd07f188867
Assets/01.Sprites/CutSceneLab/05.hound_attack/skeleton-05.hound_attack3_044.gif,Assets/01.Game/03.Content/04.Cutscenes/01.Lab/01.Sprites/05.hound_attack/skeleton-05.hound_attack3_044.gif,1977c409d91786a741ba0a1b1a9b8bdacf84310095e78e02e15f9fa080ce8b3c,4b2fc75471fea0349b33ce350ded9272
Assets/01.Sprites/CutSceneLab/05.hound_attack/skeleton-05.hound_attack3_045.gif,Assets/01.Game/03.Content/04.Cutscenes/01.Lab/01.Sprites/05.hound_attack/skeleton-05.hound_attack3_045.gif,1977c409d91786a741ba0a1b1a9b8bdacf84310095e78e02e15f9fa080ce8b3c,cac731b1fc96a13438649d9a5c06b4d7
Assets/01.Sprites/CutSceneLab/05.hound_attack/skeleton-05.hound_attack3_046.gif,Assets/01.Game/03.Content/04.Cutscenes/01.Lab/01.Sprites/05.hound_attack/skeleton-05.hound_attack3_046.gif,1977c409d91786a741ba0a1b1a9b8bdacf84310095e78e02e15f9fa080ce8b3c,30aaddff31ef9294389a3943b3f8bfb2
Assets/01.Sprites/CutSceneLab/05.hound_attack/skeleton-05.hound_attack3_047.gif,Assets/01.Game/03.Content/04.Cutscenes/01.Lab/01.Sprites/05.hound_attack/skeleton-05.hound_attack3_047.gif,72eb39f7ece1138c15b950b1f52523fe942b2009f98956804ff84f5f238c6d8f,39e2237296883e542aaee1058c03b439
Assets/01.Sprites/CutSceneLab/05.hound_attack/skeleton-05.hound_attack3_048.gif,Assets/01.Game/03.Content/04.Cutscenes/01.Lab/01.Sprites/05.hound_attack/skeleton-05.hound_attack3_048.gif,8e1d1f7876c8ca58b93680316ffb75874540de10bd45eb1bfd0fb8c0043f19af,8433a13ff19e91549bb015492fa8c054
Assets/01.Sprites/CutSceneLab/05.hound_attack/skeleton-05.hound_attack3_049.gif,Assets/01.Game/03.Content/04.Cutscenes/01.Lab/01.Sprites/05.hound_attack/skeleton-05.hound_attack3_049.gif,0a120fcaa5a90aac5d01bb23a80ed90285d4fb1f6f8738cd23e2e42a983d0eee,9d22553d516b9aa4c87ad99d82fd8854
Assets/01.Sprites/CutSceneLab/05.hound_attack/skeleton-05.hound_attack3_050.gif,Assets/01.Game/03.Content/04.Cutscenes/01.Lab/01.Sprites/05.hound_attack/skeleton-05.hound_attack3_050.gif,b99c848410f40c5642a4badd4db89a64d0293ef36bcd91863376d3a7e88ec40d,393933807c5532347ba9b040f6999db5
Assets/01.Sprites/CutSceneLab/05.hound_attack/skeleton-05.hound_attack3_051.gif,Assets/01.Game/03.Content/04.Cutscenes/01.Lab/01.Sprites/05.hound_attack/skeleton-05.hound_attack3_051.gif,3711ccc2abce2941e013153f0dbdddcd0a65778f09bc9f8da840ad45ce7fec7c,753414da05ee48c4c921409195c5cd07
Assets/01.Sprites/CutSceneLab/05.hound_attack/skeleton-05.hound_attack3_052.gif,Assets/01.Game/03.Content/04.Cutscenes/01.Lab/01.Sprites/05.hound_attack/skeleton-05.hound_attack3_052.gif,43e3544b20329ed0110fc26ce1edfb243ce10c0aa891143b4d7294f40a763b00,ef8a78ab08896b748801de387295872f
Assets/01.Sprites/CutSceneLab/05.hound_attack/skeleton-05.hound_attack3_053.gif,Assets/01.Game/03.Content/04.Cutscenes/01.Lab/01.Sprites/05.hound_attack/skeleton-05.hound_attack3_053.gif,e3ea3dfebfbe10ab31c35a3484cfb8ef591d056061f7cc1192735e61b13eb5a4,8bf8dda8ffd50f1429a9acc7ca01beb0
Assets/01.Sprites/CutSceneLab/05.hound_attack/skeleton-05.hound_attack3_054.gif,Assets/01.Game/03.Content/04.Cutscenes/01.Lab/01.Sprites/05.hound_attack/skeleton-05.hound_attack3_054.gif,5f2125382765c6e89c5985e2f2261769ed3b0f78c2ebb156deb973545e9cc247,1ca0971c407f59742aba57c5ef2951c8
Assets/01.Sprites/CutSceneLab/05.hound_attack/skeleton-05.hound_attack3_055.gif,Assets/01.Game/03.Content/04.Cutscenes/01.Lab/01.Sprites/05.hound_attack/skeleton-05.hound_attack3_055.gif,4c67700f3c26cef41d4d64f92875295176c0a88dab5ea4b41cd70264bc285b49,5192ec0c18c5ae847ae17df92fc3e469
Assets/01.Sprites/CutSceneLab/05.hound_attack/skeleton-05.hound_attack3_056.gif,Assets/01.Game/03.Content/04.Cutscenes/01.Lab/01.Sprites/05.hound_attack/skeleton-05.hound_attack3_056.gif,9b793b34d85e13fe8862579641986132a89ab673bc8c7855ba8895ca589ae6ed,9a6edebf7849fdb4a8f71e0bc3a38b04
Assets/01.Sprites/CutSceneLab/05.hound_attack/skeleton-05.hound_attack3_057.gif,Assets/01.Game/03.Content/04.Cutscenes/01.Lab/01.Sprites/05.hound_attack/skeleton-05.hound_attack3_057.gif,fa27c207ba73d24db7db5c8037924ab8760c4a6d45d28beb316a5ce680715284,8a329027246726b489a3b169d8867656
Assets/01.Sprites/CutSceneLab/05.hound_attack/skeleton-05.hound_attack3_058.gif,Assets/01.Game/03.Content/04.Cutscenes/01.Lab/01.Sprites/05.hound_attack/skeleton-05.hound_attack3_058.gif,c52323f41cd4846efd795268e1489cc9a235f7f6f5497b2a6df10afbba120b48,af2cc73e666ff8e439338f6589e8c6b7
Assets/01.Sprites/CutSceneLab/05.hound_attack/skeleton-05.hound_attack3_059.gif,Assets/01.Game/03.Content/04.Cutscenes/01.Lab/01.Sprites/05.hound_attack/skeleton-05.hound_attack3_059.gif,da38995298af64d12c54e522d494d3bdda53c2a11a87d74305ecb48e20d6690b,c527155cefcff5e41b6401ca3532eade
Assets/01.Sprites/CutSceneLab/05.hound_attack/skeleton-05.hound_attack3_060.gif,Assets/01.Game/03.Content/04.Cutscenes/01.Lab/01.Sprites/05.hound_attack/skeleton-05.hound_attack3_060.gif,6b9a5b6f52da4d971c1d6655541d1bb948a6b757fcfe8ca7e54b8d6e7d3c5687,b6b2d302e82df29429b2d8bd989e4545
Assets/01.Sprites/CutSceneLab/05.hound_attack/skeleton-05.hound_attack3_061.gif,Assets/01.Game/03.Content/04.Cutscenes/01.Lab/01.Sprites/05.hound_attack/skeleton-05.hound_attack3_061.gif,ff36d6298a0af8d35c40765a55058f67ff728e6adb4f0f07705ec76d45203f52,9e9e188cf553a0a45a7bc71c337c322c
Assets/01.Sprites/CutSceneLab/05.hound_attack/skeleton-05.hound_attack3_062.gif,Assets/01.Game/03.Content/04.Cutscenes/01.Lab/01.Sprites/05.hound_attack/skeleton-05.hound_attack3_062.gif,644da7a2c1f011a7584c3184aad7941fc56b540a9519ccb69f1d702cd0c28792,8db1449aa13a6ad48b8a4b02f6460ccb
Assets/01.Sprites/CutSceneLab/05.hound_attack/skeleton-05.hound_attack3_063.gif,Assets/01.Game/03.Content/04.Cutscenes/01.Lab/01.Sprites/05.hound_attack/skeleton-05.hound_attack3_063.gif,9f806c75728be91ca1d22da7c8f6d8fff0aad3f979ae35baafd520150ee99735,9b6268ecdd237bb428b96033a677dbf9
Assets/01.Sprites/CutSceneLab/05.hound_attack/skeleton-05.hound_attack3_064.gif,Assets/01.Game/03.Content/04.Cutscenes/01.Lab/01.Sprites/05.hound_attack/skeleton-05.hound_attack3_064.gif,5b145f01033ec63ec7142058eabaadfc28dc876398fa9e352d411902d50927dc,3b947b1654c0b5246accb7849a08c083
Assets/01.Sprites/CutSceneLab/05.hound_attack/skeleton-05.hound_attack3_065.gif,Assets/01.Game/03.Content/04.Cutscenes/01.Lab/01.Sprites/05.hound_attack/skeleton-05.hound_attack3_065.gif,bbb51e390f355e00df0941784880a5f25798c8ef461a838a63b7e35696b97532,eff1cfdc937092246813b669061491fa
Assets/01.Sprites/CutSceneLab/05.hound_attack/skeleton-05.hound_attack3_066.gif,Assets/01.Game/03.Content/04.Cutscenes/01.Lab/01.Sprites/05.hound_attack/skeleton-05.hound_attack3_066.gif,e56c6e500cd96fc4bdc358ba1c347827aa2a86bf3be8d0e6c855dd2781f52b7f,e2c2e34c9f7151b408bf50a5a6d8617a
Assets/01.Sprites/CutSceneLab/05.hound_attack/skeleton-05.hound_attack3_067.gif,Assets/01.Game/03.Content/04.Cutscenes/01.Lab/01.Sprites/05.hound_attack/skeleton-05.hound_attack3_067.gif,904f1ad152e92e91e3d5ba53c50fb4f53d562a9fca41c2912177ee1735872fe0,db6954c357a918a47996fc2822f4b4af
Assets/01.Sprites/CutSceneLab/05.hound_attack/skeleton-05.hound_attack3_068.gif,Assets/01.Game/03.Content/04.Cutscenes/01.Lab/01.Sprites/05.hound_attack/skeleton-05.hound_attack3_068.gif,5e943a14265a23c2ee1517cd022a992a8329047352b9df268cbff45a9bad77eb,c0048a50af040da41923c79433f642b6
Assets/01.Sprites/CutSceneLab/05.hound_attack/skeleton-05.hound_attack3_069.gif,Assets/01.Game/03.Content/04.Cutscenes/01.Lab/01.Sprites/05.hound_attack/skeleton-05.hound_attack3_069.gif,41d047c0add305176440c5838947a57fa278b41d697023ed79c6ce37b3fe9c0c,d2d2ebe3263a9194996ebd4a8901b0df
Assets/01.Sprites/CutSceneLab/05.hound_attack/skeleton-05.hound_attack3_070.gif,Assets/01.Game/03.Content/04.Cutscenes/01.Lab/01.Sprites/05.hound_attack/skeleton-05.hound_attack3_070.gif,6e1240017d50f2d99d73877f75711ab5ec40deb8bfcbeb8756c736603472f05c,7427caaa0f6b2e54ab198382e8399832
Assets/01.Sprites/CutSceneLab/05.hound_attack/skeleton-05.hound_attack3_071.gif,Assets/01.Game/03.Content/04.Cutscenes/01.Lab/01.Sprites/05.hound_attack/skeleton-05.hound_attack3_071.gif,3b2c5e685e9f8b943b6d0a6de6eeda8f1216e50405469f819182a58173829cc8,28a6c3a3eae658246bfdc29a81f8b521
Assets/01.Sprites/CutSceneLab/05.hound_attack/skeleton-05.hound_attack3_072.gif,Assets/01.Game/03.Content/04.Cutscenes/01.Lab/01.Sprites/05.hound_attack/skeleton-05.hound_attack3_072.gif,d7c6efa1af07c05ef0ffb51048b4c78c4c5674f3765e7e6d8e374f92d999f225,f1ce65d88cf006d4bafd3cb6b607ac6f
Assets/01.Sprites/CutSceneLab/05.hound_attack/skeleton-05.hound_attack3_073.gif,Assets/01.Game/03.Content/04.Cutscenes/01.Lab/01.Sprites/05.hound_attack/skeleton-05.hound_attack3_073.gif,e6f71690583f1c5a9dae4a134f041963d8b5288bb15f15579336423d4fdc546f,7f0899a25def20b419da1e90a9462af3
Assets/01.Sprites/CutSceneLab/05.hound_attack/skeleton-05.hound_attack3_074.gif,Assets/01.Game/03.Content/04.Cutscenes/01.Lab/01.Sprites/05.hound_attack/skeleton-05.hound_attack3_074.gif,3c247cea111389d61240063f47a7f506f29d1f0dd142df6a0e55e895d0e118f8,6fca835897790574bb05e6395e32a5ec
Assets/01.Sprites/CutSceneLab/05.hound_attack/skeleton-05.hound_attack3_075.gif,Assets/01.Game/03.Content/04.Cutscenes/01.Lab/01.Sprites/05.hound_attack/skeleton-05.hound_attack3_075.gif,84038d6872b4a97b1ba462e94372e9c331a725f5652e3de93fb646f0082ea5a0,8792bfb3b5ac1054bbefde230c829411
Assets/01.Sprites/CutSceneLab/05.hound_attack/skeleton-05.hound_attack3_076.gif,Assets/01.Game/03.Content/04.Cutscenes/01.Lab/01.Sprites/05.hound_attack/skeleton-05.hound_attack3_076.gif,37a7f97cca679f71bb2909d2dd05ab43dfe2798760f8cf809e6c94f427d0ecfe,6774f99da8cfaf941b65adb6b8abc0a3
Assets/01.Sprites/CutSceneLab/05.hound_attack/skeleton-05.hound_attack3_077.gif,Assets/01.Game/03.Content/04.Cutscenes/01.Lab/01.Sprites/05.hound_attack/skeleton-05.hound_attack3_077.gif,7824998aa77f2f82d2d63b1c5dc3b8e5d000eaf40e29bd810420318662093fb3,fcae3cb19bd94b648a0f656e1732b120
Assets/01.Sprites/CutSceneLab/05.hound_attack/skeleton-05.hound_attack3_078.gif,Assets/01.Game/03.Content/04.Cutscenes/01.Lab/01.Sprites/05.hound_attack/skeleton-05.hound_attack3_078.gif,1d07408a6d8da57b91f69f2cfac70541109de5760d1f94be1100c499edf60e89,ace3cf50c8244a34d8231bb988703dc1
Assets/01.Sprites/CutSceneLab/05.hound_attack/skeleton-05.hound_attack3_079.gif,Assets/01.Game/03.Content/04.Cutscenes/01.Lab/01.Sprites/05.hound_attack/skeleton-05.hound_attack3_079.gif,26a1f684e11e3d92dfd04139a0617de4380bd956b0ef26a98a77ed472aa7eb94,18ec401b999da2346af457c210a5d8fa
Assets/01.Sprites/CutSceneLab/05.hound_attack/skeleton-05.hound_attack3_080.gif,Assets/01.Game/03.Content/04.Cutscenes/01.Lab/01.Sprites/05.hound_attack/skeleton-05.hound_attack3_080.gif,30be40060fef0c1e43953eaacbb41111e67eb976f0c69dc372d657c33bb796eb,0107f79ac0942cd4bb5d5b29a0becabb
Assets/01.Sprites/CutSceneLab/05.hound_attack/skeleton-05.hound_attack3_081.gif,Assets/01.Game/03.Content/04.Cutscenes/01.Lab/01.Sprites/05.hound_attack/skeleton-05.hound_attack3_081.gif,80d5c4904a299d997800991e5d77ebb0e87fef86da16324d2130c5f570cc860c,c09fdcb12f7aa574eba97995b68df41c
Assets/01.Sprites/CutSceneLab/05.hound_attack/skeleton-05.hound_attack3_082.gif,Assets/01.Game/03.Content/04.Cutscenes/01.Lab/01.Sprites/05.hound_attack/skeleton-05.hound_attack3_082.gif,d687c79017072c2c87f5d41f8cc83db547f3807f4241b88b75d62cdcb99fcc05,8dafefe890a3e7b43a344b73a58914c8
Assets/01.Sprites/CutSceneLab/05.hound_attack/skeleton-05.hound_attack3_083.gif,Assets/01.Game/03.Content/04.Cutscenes/01.Lab/01.Sprites/05.hound_attack/skeleton-05.hound_attack3_083.gif,71662cee95bb198ba923997387a97f6965c89e56fae7306edf51dce390b5f932,f4d9bfefe145faf48a4c158251d18766
Assets/01.Sprites/CutSceneLab/05.hound_attack/skeleton-05.hound_attack3_084.gif,Assets/01.Game/03.Content/04.Cutscenes/01.Lab/01.Sprites/05.hound_attack/skeleton-05.hound_attack3_084.gif,36b231e08b43354c3e3c7d62caba9ef188fe87f4a914726dcb448408f6da141c,995c64f1cc21664478137718082b8a1e
Assets/01.Sprites/CutSceneLab/05.hound_attack/skeleton-05.hound_attack3_085.gif,Assets/01.Game/03.Content/04.Cutscenes/01.Lab/01.Sprites/05.hound_attack/skeleton-05.hound_attack3_085.gif,99a68d455a09360716e004a6fbaa7065f894683acbfefd5fef380207981010f7,800df2af15d36db49ae065dac66b5575
Assets/01.Sprites/CutSceneLab/05.hound_attack/skeleton-05.hound_attack3_086.gif,Assets/01.Game/03.Content/04.Cutscenes/01.Lab/01.Sprites/05.hound_attack/skeleton-05.hound_attack3_086.gif,b944b5099da8a1bff06ca5a622231c67e590d3623d0a0c219f0714c6b14e24eb,e88266ceabae09440b1be40294c2d0a7
Assets/01.Sprites/CutSceneLab/05.hound_attack/skeleton-05.hound_attack3_087.gif,Assets/01.Game/03.Content/04.Cutscenes/01.Lab/01.Sprites/05.hound_attack/skeleton-05.hound_attack3_087.gif,19637960e800f2badbfa162793cf3dee63eae89c9b04091e187c89ebf4ef22be,78e4a9e952202c8438c53c54e0cff7cb
Assets/01.Sprites/CutSceneLab/05.hound_attack/skeleton-05.hound_attack3_088.gif,Assets/01.Game/03.Content/04.Cutscenes/01.Lab/01.Sprites/05.hound_attack/skeleton-05.hound_attack3_088.gif,b6c94ee664860e6ec621d13e6263cd342c1637187e9ffaa5e24c0668a0cdd435,190ffbdd86e9eb849a0a8dcef2328938
Assets/01.Sprites/CutSceneLab/05.hound_attack/skeleton-05.hound_attack3_089.gif,Assets/01.Game/03.Content/04.Cutscenes/01.Lab/01.Sprites/05.hound_attack/skeleton-05.hound_attack3_089.gif,bb0c2f2815568df1e15c653f543e6ffae133bb02e227a7644a22840037f4b304,45927257445ad784bbe687c3ef7ecbd5
Assets/01.Sprites/CutSceneLab/05.hound_attack/skeleton-05.hound_attack3_090.gif,Assets/01.Game/03.Content/04.Cutscenes/01.Lab/01.Sprites/05.hound_attack/skeleton-05.hound_attack3_090.gif,80e226b22f7e15b08b64a225a0549b16b56a1ac78d9ddd258db40900f7a3cad6,782df38c34b258c48b1440c585963f11
Assets/01.Sprites/CutSceneLab/05.hound_attack/skeleton-05.hound_attack3_091.gif,Assets/01.Game/03.Content/04.Cutscenes/01.Lab/01.Sprites/05.hound_attack/skeleton-05.hound_attack3_091.gif,87b314363f4e034670d1a13cbabf9fdf039d1fb0cdc3dfb2f2619554908db886,043eff758576fa04bbdf4c7031cc4cd0
Assets/01.Sprites/CutSceneLab/05.hound_attack/skeleton-05.hound_attack3_092.gif,Assets/01.Game/03.Content/04.Cutscenes/01.Lab/01.Sprites/05.hound_attack/skeleton-05.hound_attack3_092.gif,923bd0843b5b77e78778cde23155c3cbca921730d0f35a7ed39b2e2a663f1e2b,604587c79857f6643a4d3cd926cda1af
Assets/01.Sprites/CutSceneLab/05.hound_attack/skeleton-05.hound_attack3_093.gif,Assets/01.Game/03.Content/04.Cutscenes/01.Lab/01.Sprites/05.hound_attack/skeleton-05.hound_attack3_093.gif,7bc1f4b7a9b8978eb1d563b19a8d53efe3656ac749144eb7653cf502b1c51dc8,dcf4770e1ab7575488175b0a33ee6f1c
Assets/01.Sprites/CutSceneLab/05.hound_attack/skeleton-05.hound_attack3_094.gif,Assets/01.Game/03.Content/04.Cutscenes/01.Lab/01.Sprites/05.hound_attack/skeleton-05.hound_attack3_094.gif,01723d5df82030056238ea547c59762d02ddb05ed96924c642025b07815727f5,b3492c275aa929b47b2b060b70aa03e3
Assets/01.Sprites/CutSceneLab/05.hound_attack/skeleton-05.hound_attack3_095.gif,Assets/01.Game/03.Content/04.Cutscenes/01.Lab/01.Sprites/05.hound_attack/skeleton-05.hound_attack3_095.gif,1bae5d094331767cbe52f94593cccb3cea9dba550355129b5c250180fccd528e,8050621b35760cf44bc4e8c17549201a
Assets/01.Sprites/CutSceneLab/05.hound_attack/skeleton-05.hound_attack3_096.gif,Assets/01.Game/03.Content/04.Cutscenes/01.Lab/01.Sprites/05.hound_attack/skeleton-05.hound_attack3_096.gif,67f436987444c81bf59b08e03db6a6bca5115a67a0b8d42ee6b29c2f59eafd60,a7e8bdd7026db4146b3ea44860e4a935
Assets/01.Sprites/CutSceneLab/05.hound_attack/skeleton-05.hound_attack3_097.gif,Assets/01.Game/03.Content/04.Cutscenes/01.Lab/01.Sprites/05.hound_attack/skeleton-05.hound_attack3_097.gif,665d63386778734d9ff72fec0e7976e6d4e4fbf2fdf27482981e81cfa0b00fcd,1ba51038761d55f418cea3bb6cb61559
Assets/01.Sprites/CutSceneLab/05.hound_attack/skeleton-05.hound_attack3_098.gif,Assets/01.Game/03.Content/04.Cutscenes/01.Lab/01.Sprites/05.hound_attack/skeleton-05.hound_attack3_098.gif,792e0dddc3d42c776c470dfeadbb161e1dad2a9d84ab33ff540d678f41688c3c,b2ad0eb67bffde349b0623d34b7d7f43
Assets/01.Sprites/CutSceneLab/05.hound_attack/skeleton-05.hound_attack3_099.gif,Assets/01.Game/03.Content/04.Cutscenes/01.Lab/01.Sprites/05.hound_attack/skeleton-05.hound_attack3_099.gif,27bf04de973ad8cfab8660bfd7651ca3ef537c8d8ace309c34a7eadd11781a31,2f35e99115c97b84292f94d39f5ece1a
Assets/01.Sprites/CutSceneLab/05.hound_attack/skeleton-05.hound_attack3_100.gif,Assets/01.Game/03.Content/04.Cutscenes/01.Lab/01.Sprites/05.hound_attack/skeleton-05.hound_attack3_100.gif,c43c5ddcf5501304d4468907b9898cb0f543cccfd1536e30d0cd0879e11a1ab2,7860633b479f37b48a71b9e95e91be2e
Assets/01.Sprites/CutSceneLab/05.hound_attack/skeleton-05.hound_attack3_101.gif,Assets/01.Game/03.Content/04.Cutscenes/01.Lab/01.Sprites/05.hound_attack/skeleton-05.hound_attack3_101.gif,c43c5ddcf5501304d4468907b9898cb0f543cccfd1536e30d0cd0879e11a1ab2,5730e389a5ea77e45ab7128e69187054
Assets/01.Sprites/CutSceneLab/05.hound_attack/skeleton-05.hound_attack3_102.gif,Assets/01.Game/03.Content/04.Cutscenes/01.Lab/01.Sprites/05.hound_attack/skeleton-05.hound_attack3_102.gif,c43c5ddcf5501304d4468907b9898cb0f543cccfd1536e30d0cd0879e11a1ab2,1d251331879e8d5419b3cdc6823f2e03
Assets/01.Sprites/CutSceneLab/05.hound_attack/skeleton-05.hound_attack3_103.gif,Assets/01.Game/03.Content/04.Cutscenes/01.Lab/01.Sprites/05.hound_attack/skeleton-05.hound_attack3_103.gif,c43c5ddcf5501304d4468907b9898cb0f543cccfd1536e30d0cd0879e11a1ab2,62f4caf549807b54392539b9d8fbf52a
Assets/01.Sprites/CutSceneLab/05.hound_attack/skeleton-05.hound_attack3_104.gif,Assets/01.Game/03.Content/04.Cutscenes/01.Lab/01.Sprites/05.hound_attack/skeleton-05.hound_attack3_104.gif,c43c5ddcf5501304d4468907b9898cb0f543cccfd1536e30d0cd0879e11a1ab2,bd504ea29006d014094eab18a069e829
Assets/01.Sprites/CutSceneLab/05.hound_attack/skeleton-05.hound_attack3_105.gif,Assets/01.Game/03.Content/04.Cutscenes/01.Lab/01.Sprites/05.hound_attack/skeleton-05.hound_attack3_105.gif,c43c5ddcf5501304d4468907b9898cb0f543cccfd1536e30d0cd0879e11a1ab2,0e30684d3e6d8084baf03a488b9d0b7e
Assets/01.Sprites/CutSceneLab/05.hound_attack/skeleton-05.hound_attack3_106.gif,Assets/01.Game/03.Content/04.Cutscenes/01.Lab/01.Sprites/05.hound_attack/skeleton-05.hound_attack3_106.gif,c43c5ddcf5501304d4468907b9898cb0f543cccfd1536e30d0cd0879e11a1ab2,349bfe6cbd2d3784b8b51c49508a1814
Assets/01.Sprites/CutSceneLab/05.hound_attack/skeleton-05.hound_attack3_107.gif,Assets/01.Game/03.Content/04.Cutscenes/01.Lab/01.Sprites/05.hound_attack/skeleton-05.hound_attack3_107.gif,c43c5ddcf5501304d4468907b9898cb0f543cccfd1536e30d0cd0879e11a1ab2,5522b9eb3ad141b49aa4de4f9b18eafb
Assets/01.Sprites/CutSceneLab/05.hound_attack/skeleton-05.hound_attack3_108.gif,Assets/01.Game/03.Content/04.Cutscenes/01.Lab/01.Sprites/05.hound_attack/skeleton-05.hound_attack3_108.gif,c43c5ddcf5501304d4468907b9898cb0f543cccfd1536e30d0cd0879e11a1ab2,0b8b3efd1fc2be644a6238a27e11bd42
Assets/01.Sprites/CutSceneLab/05.hound_attack/skeleton-05.hound_attack3_109.gif,Assets/01.Game/03.Content/04.Cutscenes/01.Lab/01.Sprites/05.hound_attack/skeleton-05.hound_attack3_109.gif,c43c5ddcf5501304d4468907b9898cb0f543cccfd1536e30d0cd0879e11a1ab2,79856789ae59d5947b79f0209843eb32
Assets/01.Sprites/CutSceneLab/05.hound_attack/skeleton-05.hound_attack3_110.gif,Assets/01.Game/03.Content/04.Cutscenes/01.Lab/01.Sprites/05.hound_attack/skeleton-05.hound_attack3_110.gif,c43c5ddcf5501304d4468907b9898cb0f543cccfd1536e30d0cd0879e11a1ab2,96776a019017dac44970c5a49116acea
Assets/01.Sprites/CutSceneLab/05.hound_attack/skeleton-05.hound_attack3_111.gif,Assets/01.Game/03.Content/04.Cutscenes/01.Lab/01.Sprites/05.hound_attack/skeleton-05.hound_attack3_111.gif,91519bb539fd20553dad1ae542900613dfcbb96e6921872b8c37d3f3bbaa5e3e,1b6208a542cda2a4182cd1935662aa53
Assets/01.Sprites/CutSceneLab/05.hound_attack/skeleton-05.hound_attack3_112.gif,Assets/01.Game/03.Content/04.Cutscenes/01.Lab/01.Sprites/05.hound_attack/skeleton-05.hound_attack3_112.gif,577ae712b1103945063e9cd8dfff1d663ce7e2137b044bcbb09ee1477fcba1e6,e2e4b71960fe0e94da7befc71481c872
Assets/01.Sprites/CutSceneLab/05.hound_attack/skeleton-05.hound_attack3_113.gif,Assets/01.Game/03.Content/04.Cutscenes/01.Lab/01.Sprites/05.hound_attack/skeleton-05.hound_attack3_113.gif,ecf7932e90dd5debd104d5bcf226682604d8c99c4785951a06867606669b2b68,3efa94fa3cb77ca4b83009294d87d0c9
Assets/01.Sprites/CutSceneLab/05.hound_attack/skeleton-05.hound_attack3_114.gif,Assets/01.Game/03.Content/04.Cutscenes/01.Lab/01.Sprites/05.hound_attack/skeleton-05.hound_attack3_114.gif,23865584742cf3b3cbc92d1f9fe0b1f33e1076e1ca6e918a7ac53454f0e816d4,85c95fad471944f4eb57db7cd2bba957
Assets/01.Sprites/CutSceneLab/05.hound_attack/skeleton-05.hound_attack3_115.gif,Assets/01.Game/03.Content/04.Cutscenes/01.Lab/01.Sprites/05.hound_attack/skeleton-05.hound_attack3_115.gif,506e96e42b98a01b371f875192f9a879b4d1d5a060d4026107711a5c9dbaa921,f0c8541b98963094797fbd5dbe4d4954
Assets/01.Sprites/CutSceneLab/05.hound_attack/skeleton-05.hound_attack3_116.gif,Assets/01.Game/03.Content/04.Cutscenes/01.Lab/01.Sprites/05.hound_attack/skeleton-05.hound_attack3_116.gif,ca244a09f937dad4967c888183aafd7ba6e3bda292328d83d967aedd93c4bb0e,3b9941113abb7874fb03d6538b784a43
Assets/01.Sprites/CutSceneLab/05.hound_attack/skeleton-05.hound_attack3_117.gif,Assets/01.Game/03.Content/04.Cutscenes/01.Lab/01.Sprites/05.hound_attack/skeleton-05.hound_attack3_117.gif,455c3c54769de9d00a92d49573a972cd7bf58bb10047fa74816221a1de254a04,b8dc5266636b4fd4097fa1aa1b12a1c7
Assets/01.Sprites/CutSceneLab/05.hound_attack/skeleton-05.hound_attack3_118.gif,Assets/01.Game/03.Content/04.Cutscenes/01.Lab/01.Sprites/05.hound_attack/skeleton-05.hound_attack3_118.gif,fc856178fb708e784469f18ad877e6ff8ef8af1e66cbaec667e813a7bb8061cf,0a6b0197ab8d5a14ebcecc172b061285
Assets/01.Sprites/CutSceneLab/05.hound_attack/skeleton-05.hound_attack3_119.gif,Assets/01.Game/03.Content/04.Cutscenes/01.Lab/01.Sprites/05.hound_attack/skeleton-05.hound_attack3_119.gif,ac07c6739dc1f20ee31a50513aa99a5130f21ab669b9e97e8912f06de7351fda,370ac1815791edc499459b6e4ac4f433
Assets/01.Sprites/CutSceneLab/06.hound_door_idle/skeleton-11.hound_door_idle_00.gif,Assets/01.Game/03.Content/04.Cutscenes/01.Lab/01.Sprites/06.hound_door_idle/skeleton-11.hound_door_idle_00.gif,da7b71ecd35ccf13ac80b744b62dc31088d9aab8811ec64f7d26300b4dafb59b,4c824ca28885d5c49b8497184f7e914a
Assets/01.Sprites/CutSceneLab/06.hound_door_idle/skeleton-11.hound_door_idle_01.gif,Assets/01.Game/03.Content/04.Cutscenes/01.Lab/01.Sprites/06.hound_door_idle/skeleton-11.hound_door_idle_01.gif,da7b71ecd35ccf13ac80b744b62dc31088d9aab8811ec64f7d26300b4dafb59b,8df907c814a5c79459c742f2864cca16
Assets/01.Sprites/CutSceneLab/06.hound_door_idle/skeleton-11.hound_door_idle_02.gif,Assets/01.Game/03.Content/04.Cutscenes/01.Lab/01.Sprites/06.hound_door_idle/skeleton-11.hound_door_idle_02.gif,da7b71ecd35ccf13ac80b744b62dc31088d9aab8811ec64f7d26300b4dafb59b,e1f949319449594499534ac639aafa10
Assets/01.Sprites/CutSceneLab/06.hound_door_idle/skeleton-11.hound_door_idle_03.gif,Assets/01.Game/03.Content/04.Cutscenes/01.Lab/01.Sprites/06.hound_door_idle/skeleton-11.hound_door_idle_03.gif,1f253a8d7f8b883b4286678b0046a904d7ec315a31f7dac9096b2a18aacac625,95c6a2bbcc41377489e3298ae9424884
Assets/01.Sprites/CutSceneLab/06.hound_door_idle/skeleton-11.hound_door_idle_04.gif,Assets/01.Game/03.Content/04.Cutscenes/01.Lab/01.Sprites/06.hound_door_idle/skeleton-11.hound_door_idle_04.gif,98922dfe000970111134129a36c04b643708bbbe147efd0c0bb8675183f2bdc6,be4bd740a94b84d4696a308d4fd7eaef
Assets/01.Sprites/CutSceneLab/06.hound_door_idle/skeleton-11.hound_door_idle_05.gif,Assets/01.Game/03.Content/04.Cutscenes/01.Lab/01.Sprites/06.hound_door_idle/skeleton-11.hound_door_idle_05.gif,d7c185e687198824b70524a8ad686ccce004b45ef1a71996b40877c81402ed05,81837be3baaf7c841831ca9b4a9bb4b6
Assets/01.Sprites/CutSceneLab/06.hound_door_idle/skeleton-11.hound_door_idle_06.gif,Assets/01.Game/03.Content/04.Cutscenes/01.Lab/01.Sprites/06.hound_door_idle/skeleton-11.hound_door_idle_06.gif,f39c9657420f3c49d067821b4d7a7c7161e1c926f7ca9c9e4cb6c7d7b9dd1e12,bbd56dff28408b04f961a10822493220
Assets/01.Sprites/CutSceneLab/06.hound_door_idle/skeleton-11.hound_door_idle_07.gif,Assets/01.Game/03.Content/04.Cutscenes/01.Lab/01.Sprites/06.hound_door_idle/skeleton-11.hound_door_idle_07.gif,ae8e7ee7c8696db58750328415b06241724a6a7a147ff947d33adacec12c19d6,a0fe0a74fde019048ac62ea4d22e5f81
Assets/01.Sprites/CutSceneLab/06.hound_door_idle/skeleton-11.hound_door_idle_08.gif,Assets/01.Game/03.Content/04.Cutscenes/01.Lab/01.Sprites/06.hound_door_idle/skeleton-11.hound_door_idle_08.gif,d8a4010a6e01883319d28caa5235b09f338814d7862de2aee63829c720eda393,227673202a132df409ded77b4fcacafa
Assets/01.Sprites/CutSceneLab/06.hound_door_idle/skeleton-11.hound_door_idle_09.gif,Assets/01.Game/03.Content/04.Cutscenes/01.Lab/01.Sprites/06.hound_door_idle/skeleton-11.hound_door_idle_09.gif,cf427f8970c68801747d976afd67831bfdcba4e734b3e4516cac0775e8b159b6,833ba95e24c38fd45adac9539f0b345f
Assets/01.Sprites/CutSceneLab/07.hound_door_punch/skeleton-12.hound_door_punch_00.gif,Assets/01.Game/03.Content/04.Cutscenes/01.Lab/01.Sprites/07.hound_door_punch/skeleton-12.hound_door_punch_00.gif,bc07cf8d4dad6c636099bfc47b498cb343ae71e5d5716128748dfa919fe315c6,672036c4d357d4e41ab01df8ae3dec5d
Assets/01.Sprites/CutSceneLab/07.hound_door_punch/skeleton-12.hound_door_punch_01.gif,Assets/01.Game/03.Content/04.Cutscenes/01.Lab/01.Sprites/07.hound_door_punch/skeleton-12.hound_door_punch_01.gif,893303ad57b7ce71cacc7e13322ff7ed16896517cebe888e5e3616ada6e3d70a,748c972d97085624aa676c22def18a6f
Assets/01.Sprites/CutSceneLab/07.hound_door_punch/skeleton-12.hound_door_punch_02.gif,Assets/01.Game/03.Content/04.Cutscenes/01.Lab/01.Sprites/07.hound_door_punch/skeleton-12.hound_door_punch_02.gif,0b972715273e3b363cdb613cbd95688e4698e33eb60196533f8676738e88f77f,0eb3874c932074e4b9fc6c2708b2ef54
Assets/01.Sprites/CutSceneLab/07.hound_door_punch/skeleton-12.hound_door_punch_03.gif,Assets/01.Game/03.Content/04.Cutscenes/01.Lab/01.Sprites/07.hound_door_punch/skeleton-12.hound_door_punch_03.gif,02f2b0fd38698842a9b78c2b1853fbcb18d0b6fa66bfbb4508d042afe0bce093,c8a31cdb07c308248919adcd564c6fa4
Assets/01.Sprites/CutSceneLab/07.hound_door_punch/skeleton-12.hound_door_punch_04.gif,Assets/01.Game/03.Content/04.Cutscenes/01.Lab/01.Sprites/07.hound_door_punch/skeleton-12.hound_door_punch_04.gif,aef8cf257c6b94e98301c382128f5c0512436a1101612e283bd8c5e15be37c99,d66b9e3c5abed1d4a8ab43a66b8b1936
Assets/01.Sprites/CutSceneLab/07.hound_door_punch/skeleton-12.hound_door_punch_05.gif,Assets/01.Game/03.Content/04.Cutscenes/01.Lab/01.Sprites/07.hound_door_punch/skeleton-12.hound_door_punch_05.gif,ec14f6c5c306731078f19ce6a9f7a417a300515d939313985a0d09ac2f07cae6,94e9dcaeda86cd641bd538ac622e0045
Assets/01.Sprites/CutSceneLab/07.hound_door_punch/skeleton-12.hound_door_punch_06.gif,Assets/01.Game/03.Content/04.Cutscenes/01.Lab/01.Sprites/07.hound_door_punch/skeleton-12.hound_door_punch_06.gif,157024e287a01f483e06707295d6b0074ea7eb0a66361576de743dcf033f3065,91f06e76fd4fea149b98683a855144ca
Assets/01.Sprites/CutSceneLab/07.hound_door_punch/skeleton-12.hound_door_punch_07.gif,Assets/01.Game/03.Content/04.Cutscenes/01.Lab/01.Sprites/07.hound_door_punch/skeleton-12.hound_door_punch_07.gif,a43ecaf5500a60719ba5f674dcd1f69fab1f28f1d86c3ddb831ac23edefeda58,6bc9ed4877306644ea66d92d2ef6a442
Assets/01.Sprites/CutSceneLab/07.hound_door_punch/skeleton-12.hound_door_punch_08.gif,Assets/01.Game/03.Content/04.Cutscenes/01.Lab/01.Sprites/07.hound_door_punch/skeleton-12.hound_door_punch_08.gif,81ab4bc28e3b7fbcb417a2c713fb43e010b5a9ae103c7ac5dff5aa2ce69e8f6b,319385c4fec3f6649b9dad86795fc042
Assets/01.Sprites/CutSceneLab/07.hound_door_punch/skeleton-12.hound_door_punch_09.gif,Assets/01.Game/03.Content/04.Cutscenes/01.Lab/01.Sprites/07.hound_door_punch/skeleton-12.hound_door_punch_09.gif,ce32d2753d66ebfca696f0f47a0feb93f0107b8aa81bd61bc64c2a38485ffcdf,05f188affc4193f4ab353807cac9e9fb
Assets/01.Sprites/CutSceneLab/07.hound_door_punch/skeleton-12.hound_door_punch_10.gif,Assets/01.Game/03.Content/04.Cutscenes/01.Lab/01.Sprites/07.hound_door_punch/skeleton-12.hound_door_punch_10.gif,fe54ef4829e6b24202eb163c780827f08eaf90ceb5b1abea315760d31c926e78,919803036d850d94a8eeaa5d4562190b
Assets/01.Sprites/CutSceneLab/07.hound_door_punch/skeleton-12.hound_door_punch_11.gif,Assets/01.Game/03.Content/04.Cutscenes/01.Lab/01.Sprites/07.hound_door_punch/skeleton-12.hound_door_punch_11.gif,fe17994cc401c40754b2891746d0a2721c1f2a5938d142c52f8a268ba62c6321,9129c62a3afb35047bfe9aa6f9c0d6e4
Assets/01.Sprites/CutSceneLab/07.hound_door_punch/skeleton-12.hound_door_punch_12.gif,Assets/01.Game/03.Content/04.Cutscenes/01.Lab/01.Sprites/07.hound_door_punch/skeleton-12.hound_door_punch_12.gif,cfcfc3ec11a95a85c7f38c18b52fe3f3eeb57fa2ff11be82600eaf177c2bedcc,d4bfc022d9265a047b75a3158426051d
Assets/01.Sprites/CutSceneLab/07.hound_door_punch/skeleton-12.hound_door_punch_13.gif,Assets/01.Game/03.Content/04.Cutscenes/01.Lab/01.Sprites/07.hound_door_punch/skeleton-12.hound_door_punch_13.gif,029934f2ba58b9a1695945d0eb7764d5f54b9639fb19f887e559fc735acdd361,a124a3e5d6ebaa44da84c4c3b198ee71
Assets/01.Sprites/CutSceneLab/07.hound_door_punch/skeleton-12.hound_door_punch_14.gif,Assets/01.Game/03.Content/04.Cutscenes/01.Lab/01.Sprites/07.hound_door_punch/skeleton-12.hound_door_punch_14.gif,a055fa55431eb24b1734f676f8e3e44f343ca1eba038f57abc28e9079286f990,7a74d6c317081814cb2de11f6a9c9120
Assets/01.Sprites/CutSceneLab/07.hound_door_punch/skeleton-12.hound_door_punch_15.gif,Assets/01.Game/03.Content/04.Cutscenes/01.Lab/01.Sprites/07.hound_door_punch/skeleton-12.hound_door_punch_15.gif,d708bf1eb97034b3dfffd4798b13034f9cca5c26f2e8289596db90dac48f6e97,9e74afcb0fa16f64db1e512997401e2f
Assets/01.Sprites/CutSceneLab/07.hound_door_punch/skeleton-12.hound_door_punch_16.gif,Assets/01.Game/03.Content/04.Cutscenes/01.Lab/01.Sprites/07.hound_door_punch/skeleton-12.hound_door_punch_16.gif,908555bc48a9349a980aea53ba8bea79ea7e453535e31fd4400c623eb60cbd77,38d4a23e16206fc4e9deb21b5d05e607
Assets/01.Sprites/CutSceneLab/07.hound_door_punch/skeleton-12.hound_door_punch_17.gif,Assets/01.Game/03.Content/04.Cutscenes/01.Lab/01.Sprites/07.hound_door_punch/skeleton-12.hound_door_punch_17.gif,1cd3d674ec3a6215c721795c1106d8fc352d5c10e6743ebef2a7c6b80855dce7,25770ff3316883b418cd60ec9334b8c8
Assets/01.Sprites/CutSceneLab/07.hound_door_punch/skeleton-12.hound_door_punch_18.gif,Assets/01.Game/03.Content/04.Cutscenes/01.Lab/01.Sprites/07.hound_door_punch/skeleton-12.hound_door_punch_18.gif,87d3fee9261fdbcb8bf152c95cbea44329838b32089b4d04529e66c5f658828d,b58f2ca03cb21bc42a86763f4b6a8a95
Assets/01.Sprites/CutSceneLab/07.hound_door_punch/skeleton-12.hound_door_punch_19.gif,Assets/01.Game/03.Content/04.Cutscenes/01.Lab/01.Sprites/07.hound_door_punch/skeleton-12.hound_door_punch_19.gif,9a77a9a861c0bc9e4591df93129ba472e78393ba35ed966d0c7dc4d602396c78,7fffd4c4f1825b941a0eea4dd4bf9b96
Assets/01.Sprites/CutSceneLab/07.hound_door_punch/skeleton-12.hound_door_punch_20.gif,Assets/01.Game/03.Content/04.Cutscenes/01.Lab/01.Sprites/07.hound_door_punch/skeleton-12.hound_door_punch_20.gif,0e95f8c69445a6d57058dd401bae2f711c7b7a3a8c6d7491f4bb38b3689615b9,50090a746c89abf4295981ddc3bfadfb
Assets/01.Sprites/CutSceneLab/07.hound_door_punch/skeleton-12.hound_door_punch_21.gif,Assets/01.Game/03.Content/04.Cutscenes/01.Lab/01.Sprites/07.hound_door_punch/skeleton-12.hound_door_punch_21.gif,46a1bde11f9b2515f75549a7697525138112877ea993afaff49e4c113f4782ba,a6ffc872c8be1504796e690006460a41
Assets/01.Sprites/CutSceneLab/07.hound_door_punch/skeleton-12.hound_door_punch_22.gif,Assets/01.Game/03.Content/04.Cutscenes/01.Lab/01.Sprites/07.hound_door_punch/skeleton-12.hound_door_punch_22.gif,46a1bde11f9b2515f75549a7697525138112877ea993afaff49e4c113f4782ba,61e00a61cbf37fe448bc1582aed35ee0
Assets/01.Sprites/CutSceneLab/07.hound_door_punch/skeleton-12.hound_door_punch_23.gif,Assets/01.Game/03.Content/04.Cutscenes/01.Lab/01.Sprites/07.hound_door_punch/skeleton-12.hound_door_punch_23.gif,46a1bde11f9b2515f75549a7697525138112877ea993afaff49e4c113f4782ba,f3d77ddf2409fd14a8691be1fe67fd33
Assets/01.Sprites/CutSceneLab/07.hound_door_punch/skeleton-12.hound_door_punch_24.gif,Assets/01.Game/03.Content/04.Cutscenes/01.Lab/01.Sprites/07.hound_door_punch/skeleton-12.hound_door_punch_24.gif,f2f969908e97bf6e2672b0b404e9d9f9f03d20b4cddffc1cb1490215e9fcc7ea,0094d7941eef9c74fa38b453ee31c9d8
Assets/01.Sprites/CutSceneLab/07.hound_door_punch/skeleton-12.hound_door_punch_25.gif,Assets/01.Game/03.Content/04.Cutscenes/01.Lab/01.Sprites/07.hound_door_punch/skeleton-12.hound_door_punch_25.gif,62d310ed41ec5341ac5d605339396435dbc4e890b73e9bbb1700ebf0bef42c32,876b5cd3438ffb54699df3c4f23a071a
Assets/01.Sprites/CutSceneLab/07.hound_door_punch/skeleton-12.hound_door_punch_26.gif,Assets/01.Game/03.Content/04.Cutscenes/01.Lab/01.Sprites/07.hound_door_punch/skeleton-12.hound_door_punch_26.gif,cbeb0b8ef1cab207efacc4e53a98f51670a2d6f546adfd7a5f135d856eaef6d5,8d57a2d50d3062840b4d533ae9a4794e
Assets/01.Sprites/CutSceneLab/07.hound_door_punch/skeleton-12.hound_door_punch_27.gif,Assets/01.Game/03.Content/04.Cutscenes/01.Lab/01.Sprites/07.hound_door_punch/skeleton-12.hound_door_punch_27.gif,51d7d211abd15a99c37f26c687d0d25606bb9dcfa4aa58083c7c77f357c4b113,2bf859e312d853c4eb492aa171a3da94
Assets/01.Sprites/CutSceneLab/07.hound_door_punch/skeleton-12.hound_door_punch_28.gif,Assets/01.Game/03.Content/04.Cutscenes/01.Lab/01.Sprites/07.hound_door_punch/skeleton-12.hound_door_punch_28.gif,067af2c116675a978e16ffd5e198a2a09566a1b618d2aea75348b68e34e158ab,28216f0adb029c2479d6a369a8d4aa4c
Assets/01.Sprites/CutSceneLab/07.hound_door_punch/skeleton-12.hound_door_punch_29.gif,Assets/01.Game/03.Content/04.Cutscenes/01.Lab/01.Sprites/07.hound_door_punch/skeleton-12.hound_door_punch_29.gif,9c4130942392f8ef6f568529eb2007c7a334f82bd1eea5150316f84b2acb0481,c93aa497d6c479c44bf0ff67b9100f79
Assets/01.Sprites/CutSceneLab/08.yuna_attack/skeleton-13.yuna_attack_00.gif,Assets/01.Game/03.Content/04.Cutscenes/01.Lab/01.Sprites/08.yuna_attack/skeleton-13.yuna_attack_00.gif,5d8f050abf89372b36dd44bf3864c484cc910edf8033056cffc60d61184e582c,b3f09554eae0f10479c88e5b98e63fd9
Assets/01.Sprites/CutSceneLab/08.yuna_attack/skeleton-13.yuna_attack_01.gif,Assets/01.Game/03.Content/04.Cutscenes/01.Lab/01.Sprites/08.yuna_attack/skeleton-13.yuna_attack_01.gif,1539a700edacc7539a4276d1c23803c6c3c93685633f5e0bfdc9795c365f7d21,616a5e98dc1029b44be3be43c1c3d695
Assets/01.Sprites/CutSceneLab/08.yuna_attack/skeleton-13.yuna_attack_02.gif,Assets/01.Game/03.Content/04.Cutscenes/01.Lab/01.Sprites/08.yuna_attack/skeleton-13.yuna_attack_02.gif,13c9b307144ec5d2aec5f4bbf4b98c349e04feca779aec20f7fcd27498722ab0,996014055fa368643959c0165ebe0680
Assets/01.Sprites/CutSceneLab/08.yuna_attack/skeleton-13.yuna_attack_03.gif,Assets/01.Game/03.Content/04.Cutscenes/01.Lab/01.Sprites/08.yuna_attack/skeleton-13.yuna_attack_03.gif,7ff8ec6fe62ca877ea71edcacd816fe2407a99a7c032704cdf239ec135c31325,b5f73bb0b186b064680c12bcf956f89b
Assets/01.Sprites/CutSceneLab/08.yuna_attack/skeleton-13.yuna_attack_04.gif,Assets/01.Game/03.Content/04.Cutscenes/01.Lab/01.Sprites/08.yuna_attack/skeleton-13.yuna_attack_04.gif,1d7bb283f36f570a477824b273dce6d6670ac84b1c09b700cebd30ce5fdd59dc,0c6743305664d664f937c93343beea10
Assets/01.Sprites/CutSceneLab/08.yuna_attack/skeleton-13.yuna_attack_05.gif,Assets/01.Game/03.Content/04.Cutscenes/01.Lab/01.Sprites/08.yuna_attack/skeleton-13.yuna_attack_05.gif,d30d4747c8542973e7fa323fc5bcc4322a7f1cdb792b4ac0d3ad1a39b31dc12f,c9c22713e58cecb4e880a243114ea6af
Assets/01.Sprites/CutSceneLab/08.yuna_attack/skeleton-13.yuna_attack_06.gif,Assets/01.Game/03.Content/04.Cutscenes/01.Lab/01.Sprites/08.yuna_attack/skeleton-13.yuna_attack_06.gif,5bffd252518e55712e30366c2f71a6ad3e6f3d8e9d736a4d2335f4af5f54667b,002c239dfc58c7f448fa23a7423a2446
Assets/01.Sprites/CutSceneLab/08.yuna_attack/skeleton-13.yuna_attack_07.gif,Assets/01.Game/03.Content/04.Cutscenes/01.Lab/01.Sprites/08.yuna_attack/skeleton-13.yuna_attack_07.gif,26404aa11cf4dc3c4a52ba0ac35d127e95a71fd3d2ef08b4552fc0a110f0374c,f5b821cc9ff9b454f8b26f1732a907c4
Assets/01.Sprites/CutSceneLab/08.yuna_attack/skeleton-13.yuna_attack_08.gif,Assets/01.Game/03.Content/04.Cutscenes/01.Lab/01.Sprites/08.yuna_attack/skeleton-13.yuna_attack_08.gif,cdfd48164d96dfcddee0337f78bb4c7516c050f3eeb1b98756ceae8575948d3d,1a9867ba1f62ac94f9256157cef04844
Assets/01.Sprites/CutSceneLab/08.yuna_attack/skeleton-13.yuna_attack_09.gif,Assets/01.Game/03.Content/04.Cutscenes/01.Lab/01.Sprites/08.yuna_attack/skeleton-13.yuna_attack_09.gif,03ac2c9cb5f42f0a9fddb0b2c789635b59f8c62aa4797f84ed3fbfd2190b72af,3cdbc57cd4b6e9c48ba816a76b375327
Assets/01.Sprites/CutSceneLab/08.yuna_attack/skeleton-13.yuna_attack_10.gif,Assets/01.Game/03.Content/04.Cutscenes/01.Lab/01.Sprites/08.yuna_attack/skeleton-13.yuna_attack_10.gif,021678a01020c66e810f57e0b2e34653a1af251f4d52767653f75e17f5162ae9,05b71ac9db493f34b89745d5a4ffd420
Assets/01.Sprites/CutSceneLab/08.yuna_attack/skeleton-13.yuna_attack_11.gif,Assets/01.Game/03.Content/04.Cutscenes/01.Lab/01.Sprites/08.yuna_attack/skeleton-13.yuna_attack_11.gif,19e0c6aac2747cb407b2b36a66591a69713a6e54e8e265f5bb8f64d9d1d94984,3ac8045a36f89504e8fa110b3bba9e2b
Assets/01.Sprites/CutSceneLab/08.yuna_attack/skeleton-13.yuna_attack_12.gif,Assets/01.Game/03.Content/04.Cutscenes/01.Lab/01.Sprites/08.yuna_attack/skeleton-13.yuna_attack_12.gif,eb390dfd225605dd8cad24102cce271bb18eb6971fdd47aac396f7a6325c8227,e8111f7b85bb04448a906a434dd30c76
Assets/01.Sprites/CutSceneLab/08.yuna_attack/skeleton-13.yuna_attack_13.gif,Assets/01.Game/03.Content/04.Cutscenes/01.Lab/01.Sprites/08.yuna_attack/skeleton-13.yuna_attack_13.gif,776781ad5e60c09b94802e2685dc9584ce7eeb54f89b2c5bf61a651086582275,9a9ada838d0051142ad0c798db5006a9
Assets/01.Sprites/CutSceneLab/08.yuna_attack/skeleton-13.yuna_attack_14.gif,Assets/01.Game/03.Content/04.Cutscenes/01.Lab/01.Sprites/08.yuna_attack/skeleton-13.yuna_attack_14.gif,9060c4d777499f64005fe7a5d0f642cb327feb14e772d3b7862980b94f21c4c0,305459cb62c0fe244ad662d6f6d68811
Assets/01.Sprites/CutSceneLab/08.yuna_attack/skeleton-13.yuna_attack_15.gif,Assets/01.Game/03.Content/04.Cutscenes/01.Lab/01.Sprites/08.yuna_attack/skeleton-13.yuna_attack_15.gif,bf36273674a305ee07d102fcb485d41bef046b479cad0b1d0b0a3fddd40bc347,db739edca53289a408dbf486ad258238
Assets/01.Sprites/CutSceneLab/08.yuna_attack/skeleton-13.yuna_attack_16.gif,Assets/01.Game/03.Content/04.Cutscenes/01.Lab/01.Sprites/08.yuna_attack/skeleton-13.yuna_attack_16.gif,055be2e44f39e1e770cb69b372beb7e7d7cbca20e21d682fbf2c02d637103073,7f17159251177e64fa94744234c722ed
Assets/01.Sprites/CutSceneLab/08.yuna_attack/skeleton-13.yuna_attack_17.gif,Assets/01.Game/03.Content/04.Cutscenes/01.Lab/01.Sprites/08.yuna_attack/skeleton-13.yuna_attack_17.gif,110cbda72be0d861b01502229e72f827363d077e4ab828d0a2459289fe653fbc,6c085ec0de9b5df40a22e11b2548e56b
Assets/01.Sprites/CutSceneLab/08.yuna_attack/skeleton-13.yuna_attack_18.gif,Assets/01.Game/03.Content/04.Cutscenes/01.Lab/01.Sprites/08.yuna_attack/skeleton-13.yuna_attack_18.gif,f5ba4134edbe4f223c5c4b371f3fbc742ba05944ea195be4915e89aaebabbfd8,9200203d59c0b1d49bd88c45544b9baa
Assets/01.Sprites/CutSceneLab/08.yuna_attack/skeleton-13.yuna_attack_19.gif,Assets/01.Game/03.Content/04.Cutscenes/01.Lab/01.Sprites/08.yuna_attack/skeleton-13.yuna_attack_19.gif,d5eca1f050ddc2cb0fae21c9ae6512f75b54e824c5904d84aeedef96c399135b,017045ea51ba1f74dbbcdb13037897af
Assets/01.Sprites/CutSceneLab/08.yuna_attack/skeleton-13.yuna_attack_20.gif,Assets/01.Game/03.Content/04.Cutscenes/01.Lab/01.Sprites/08.yuna_attack/skeleton-13.yuna_attack_20.gif,25c723d8ae8468f4a20484d94ec2bc5426739baa13b4cd14d401ac32ca8140f4,5761bb29036c09c448cf542d71273cf7
Assets/01.Sprites/CutSceneLab/08.yuna_attack/skeleton-13.yuna_attack_21.gif,Assets/01.Game/03.Content/04.Cutscenes/01.Lab/01.Sprites/08.yuna_attack/skeleton-13.yuna_attack_21.gif,1e6e774e26de8c6e4a565f962bf84827da82fdb56d7b4322bf397acd03760b72,e19b3a127da5a9a48b190bdbd263d801
Assets/01.Sprites/CutSceneLab/08.yuna_attack/skeleton-13.yuna_attack_22.gif,Assets/01.Game/03.Content/04.Cutscenes/01.Lab/01.Sprites/08.yuna_attack/skeleton-13.yuna_attack_22.gif,8f3e3b2792e67eae2796a2f8f9e78de662b9854642e8de3f5c58b356f9ea7d0e,a4ddd0ba92b3f2541873ca86ff8c1f6a
Assets/01.Sprites/CutSceneLab/08.yuna_attack/skeleton-13.yuna_attack_23.gif,Assets/01.Game/03.Content/04.Cutscenes/01.Lab/01.Sprites/08.yuna_attack/skeleton-13.yuna_attack_23.gif,8084639874a97e77c885b7a6f792ececdd1670c2af3e58f1b6a975cd1ba053c5,c616bf677616ba8418b33a994c321507
Assets/01.Sprites/CutSceneLab/08.yuna_attack/skeleton-13.yuna_attack_24.gif,Assets/01.Game/03.Content/04.Cutscenes/01.Lab/01.Sprites/08.yuna_attack/skeleton-13.yuna_attack_24.gif,8eaf46e7643f23fb26b364165900a69c0fb0cc56c34a804dad78b75dbd63ab75,6c8f48fe5398846418010f7f17395cae
Assets/01.Sprites/CutSceneLab/08.yuna_attack/skeleton-13.yuna_attack_25.gif,Assets/01.Game/03.Content/04.Cutscenes/01.Lab/01.Sprites/08.yuna_attack/skeleton-13.yuna_attack_25.gif,d7de4b637dfa34e656790f78836690847e885e537e44aea91aeb387f2ac871ed,a5556e45561fb2340ace6b5310ccc34e
Assets/01.Sprites/CutSceneLab/08.yuna_attack/skeleton-13.yuna_attack_26.gif,Assets/01.Game/03.Content/04.Cutscenes/01.Lab/01.Sprites/08.yuna_attack/skeleton-13.yuna_attack_26.gif,74dc40c715cb1501f79dd7689bf6c7f14b0ac5ca18dca4e45d6c435065536075,19d24d63a2748044d82a3a134aa25b2a
Assets/01.Sprites/CutSceneLab/08.yuna_attack/skeleton-13.yuna_attack_27.gif,Assets/01.Game/03.Content/04.Cutscenes/01.Lab/01.Sprites/08.yuna_attack/skeleton-13.yuna_attack_27.gif,16726e48cb08e7cd5240064b2cb645433ec269dc64d823385f459b6df6239567,ebb6e99f4dbd2b346992c0a9d8b49d4a
Assets/01.Sprites/CutSceneLab/08.yuna_attack/skeleton-13.yuna_attack_28.gif,Assets/01.Game/03.Content/04.Cutscenes/01.Lab/01.Sprites/08.yuna_attack/skeleton-13.yuna_attack_28.gif,555e80e309df77572022ebd3bef184e3bbcaa6fc501fb63bd99f4cd427b6281c,3716d8d32b0e4694cba546af67c4f2cb
Assets/01.Sprites/CutSceneLab/08.yuna_attack/skeleton-13.yuna_attack_29.gif,Assets/01.Game/03.Content/04.Cutscenes/01.Lab/01.Sprites/08.yuna_attack/skeleton-13.yuna_attack_29.gif,5a95961acab4511d24daa96ee268b106a6daea27005e0cb943153d1a452fffb2,2ab6759701b676746906883b16fa67ff
Assets/01.Sprites/CutSceneLab/08.yuna_attack/skeleton-13.yuna_attack_30.gif,Assets/01.Game/03.Content/04.Cutscenes/01.Lab/01.Sprites/08.yuna_attack/skeleton-13.yuna_attack_30.gif,c669611c2f84166fb7f61091a16d4802730bc74c2bcd78d10f463beb81980bea,a54c77434877a38449497a24fe7220d6
Assets/01.Sprites/CutSceneLab/08.yuna_attack/skeleton-13.yuna_attack_31.gif,Assets/01.Game/03.Content/04.Cutscenes/01.Lab/01.Sprites/08.yuna_attack/skeleton-13.yuna_attack_31.gif,8787464dff0058da563e60647943c104abc6d57bc1eb460fc380f424957a33e8,b8b387b7d7151cc479916fd845ef577b
Assets/01.Sprites/CutSceneLab/08.yuna_attack/skeleton-13.yuna_attack_32.gif,Assets/01.Game/03.Content/04.Cutscenes/01.Lab/01.Sprites/08.yuna_attack/skeleton-13.yuna_attack_32.gif,40118e6320b01817990e3982b44de4d1d9bf000e7ff45edf4c8d2f9953f0ef5c,92cc28d344b685545be168e5f655568f
Assets/01.Sprites/CutSceneLab/08.yuna_attack/skeleton-13.yuna_attack_33.gif,Assets/01.Game/03.Content/04.Cutscenes/01.Lab/01.Sprites/08.yuna_attack/skeleton-13.yuna_attack_33.gif,88f9dcb7b8744cd31fe2e61a06f0fc6f53eebccaa04d667867b4eb268db1d1c1,6f7b01ff7f98b68438167442d42ba57c
Assets/01.Sprites/CutSceneLab/08.yuna_attack/skeleton-13.yuna_attack_34.gif,Assets/01.Game/03.Content/04.Cutscenes/01.Lab/01.Sprites/08.yuna_attack/skeleton-13.yuna_attack_34.gif,271ba9917bb366554235e55d32542212b1b5002dc1ebd751970c814a1697968f,2260d818f37c0de48af640bd10139c98
Assets/01.Sprites/CutSceneLab/08.yuna_attack/skeleton-13.yuna_attack_35.gif,Assets/01.Game/03.Content/04.Cutscenes/01.Lab/01.Sprites/08.yuna_attack/skeleton-13.yuna_attack_35.gif,c358e15178e96e274bfc266e90cc46171e7ebe8b6b65cd4417f233bbca490442,6696bf616870c8843a2005f39dc43ddc
Assets/01.Sprites/CutSceneLab/08.yuna_attack/skeleton-13.yuna_attack_36.gif,Assets/01.Game/03.Content/04.Cutscenes/01.Lab/01.Sprites/08.yuna_attack/skeleton-13.yuna_attack_36.gif,269afd8891b1b02fd49e4391f0753824636c681e5330354fd2d9df34c7a7a5ed,002834c92caaa69498a06833fc45c34e
Assets/01.Sprites/CutSceneLab/08.yuna_attack/skeleton-13.yuna_attack_37.gif,Assets/01.Game/03.Content/04.Cutscenes/01.Lab/01.Sprites/08.yuna_attack/skeleton-13.yuna_attack_37.gif,26991421a11b997ece92b6ca59f7123919e31c29ff9aeee1d7d8f79549db64e5,b4e9d479165dddb4ca6861ab7320d664
Assets/01.Sprites/CutSceneLab/08.yuna_attack/skeleton-13.yuna_attack_38.gif,Assets/01.Game/03.Content/04.Cutscenes/01.Lab/01.Sprites/08.yuna_attack/skeleton-13.yuna_attack_38.gif,d666762dd702501f47429db71edce2ae66dcbee7df9ec6d1c99b45da0bac7d40,24a35e78cf7c39d48873c58f0e6d7118
Assets/01.Sprites/CutSceneLab/08.yuna_attack/skeleton-13.yuna_attack_39.gif,Assets/01.Game/03.Content/04.Cutscenes/01.Lab/01.Sprites/08.yuna_attack/skeleton-13.yuna_attack_39.gif,70186a87c1aacb842d2476c491bbb3d789e580d5e41be9fb8ed125a19d7958e1,fcb349ba5f0b51a41a1a495b14e9fbbb
Assets/01.Sprites/CutSceneLab/08.yuna_attack/skeleton-13.yuna_attack_40.gif,Assets/01.Game/03.Content/04.Cutscenes/01.Lab/01.Sprites/08.yuna_attack/skeleton-13.yuna_attack_40.gif,73e4fa58c838b86f373e85b980f516991cc1de0e7dc8065beb27d72853bfbda3,ef2c849db883e8e48a97ca2f9eded7fc
Assets/01.Sprites/CutSceneLab/08.yuna_attack/skeleton-13.yuna_attack_41.gif,Assets/01.Game/03.Content/04.Cutscenes/01.Lab/01.Sprites/08.yuna_attack/skeleton-13.yuna_attack_41.gif,21aeb16fc247628f1e58dd33307771d8d6be145f3221f26ed933d99e674d44f1,bf964eb052c650b49a2870a22cb3e84d
Assets/01.Sprites/CutSceneLab/08.yuna_attack/skeleton-13.yuna_attack_42.gif,Assets/01.Game/03.Content/04.Cutscenes/01.Lab/01.Sprites/08.yuna_attack/skeleton-13.yuna_attack_42.gif,4f7ca8bb941b483b1e87f565dc9b7cbc030d6cc8ad3b3ec362c5337d7a7d2a83,61e703a35636b084faa0e56926f19c43
Assets/01.Sprites/CutSceneLab/08.yuna_attack/skeleton-13.yuna_attack_43.gif,Assets/01.Game/03.Content/04.Cutscenes/01.Lab/01.Sprites/08.yuna_attack/skeleton-13.yuna_attack_43.gif,af13b53a54ed8cfc2022621686032879d06bac316dab18f6aa993a4448cd5f4d,43f7fe8a3c625694e91cb2c2e0a2b6b0
Assets/01.Sprites/CutSceneLab/08.yuna_attack/skeleton-13.yuna_attack_44.gif,Assets/01.Game/03.Content/04.Cutscenes/01.Lab/01.Sprites/08.yuna_attack/skeleton-13.yuna_attack_44.gif,4f56db55a5f330cbb751646aad11c74053812767a7bd53964aefba8d4993c5a1,3a224b9441e304b4bbd3677eb1aefd7a
Assets/01.Sprites/CutSceneLab/08.yuna_attack/skeleton-13.yuna_attack_45.gif,Assets/01.Game/03.Content/04.Cutscenes/01.Lab/01.Sprites/08.yuna_attack/skeleton-13.yuna_attack_45.gif,bd231b6669472356305600c4a8bf003e109788c3065f1212d50e94fa12430d18,b704b48d7fa6fa3488a8f4d006f20a02
Assets/01.Sprites/CutSceneLab/09.yuna_hound_idle/skeleton-14.yuna_hound_idle_0.gif,Assets/01.Game/03.Content/04.Cutscenes/01.Lab/01.Sprites/09.yuna_hound_idle/skeleton-14.yuna_hound_idle_0.gif,7f68be571e5172e15d3c0efa9992455f59c39a57bdb9040aff090e834e7e6e83,e9287ed15f4899749b66787927ede456
Assets/01.Sprites/CutSceneLab/09.yuna_hound_idle/skeleton-14.yuna_hound_idle_1.gif,Assets/01.Game/03.Content/04.Cutscenes/01.Lab/01.Sprites/09.yuna_hound_idle/skeleton-14.yuna_hound_idle_1.gif,1c2d7cd4e7ef0db562fc534bfcc712be6f71d1d87ecf4f34a6149609dad36f52,f38269cb047ff424498cc4cc2813c401
Assets/01.Sprites/CutSceneLab/09.yuna_hound_idle/skeleton-14.yuna_hound_idle_2.gif,Assets/01.Game/03.Content/04.Cutscenes/01.Lab/01.Sprites/09.yuna_hound_idle/skeleton-14.yuna_hound_idle_2.gif,99cc0cbf1780cd8946a6f80d558310aac77b35b521b38add64288d6e53ca7165,d73c88004bae384449c1cb1d28927b62
Assets/01.Sprites/CutSceneLab/09.yuna_hound_idle/skeleton-14.yuna_hound_idle_3.gif,Assets/01.Game/03.Content/04.Cutscenes/01.Lab/01.Sprites/09.yuna_hound_idle/skeleton-14.yuna_hound_idle_3.gif,bc355e92bad17b00c6529acd33463f5b4bdbdaedc91a362c21c77aae0a7fe198,7ace68c0f358bbf478fe595be8bbb119
Assets/01.Sprites/CutSceneLab/09.yuna_hound_idle/skeleton-14.yuna_hound_idle_4.gif,Assets/01.Game/03.Content/04.Cutscenes/01.Lab/01.Sprites/09.yuna_hound_idle/skeleton-14.yuna_hound_idle_4.gif,f1af42790e54a5e8f9f5fb9d831f81362d614a99fab6910858c9a402e672f964,4f53aef6301502d4a979cc5e574a92e4
Assets/01.Sprites/CutSceneLab/09.yuna_hound_idle/skeleton-14.yuna_hound_idle_5.gif,Assets/01.Game/03.Content/04.Cutscenes/01.Lab/01.Sprites/09.yuna_hound_idle/skeleton-14.yuna_hound_idle_5.gif,da2478c8756cd9b1143521d05e2d60a7e9cf02cb323af43781b4e8dfb88ba73f,3d02404b25a72794cb422e4458e97a09
Assets/01.Sprites/CutSceneLab/09.yuna_hound_idle/skeleton-14.yuna_hound_idle_6.gif,Assets/01.Game/03.Content/04.Cutscenes/01.Lab/01.Sprites/09.yuna_hound_idle/skeleton-14.yuna_hound_idle_6.gif,ba9b72c1b0dd39823cb1c09aec09fec32dba731dcd044943858ea774acc934f3,96514e3ea75148848931a3553fe0594d
Assets/01.Sprites/CutSceneLab/09.yuna_hound_idle/skeleton-14.yuna_hound_idle_7.gif,Assets/01.Game/03.Content/04.Cutscenes/01.Lab/01.Sprites/09.yuna_hound_idle/skeleton-14.yuna_hound_idle_7.gif,645f76eb7ce33b8fa5d67f5454d51815e7c950412c0b53a4d14560d41b61e74a,8c958d6376218c54cb9c812b5df9b2a9
Assets/01.Sprites/CutSceneLab/09.yuna_hound_idle/skeleton-14.yuna_hound_idle_8.gif,Assets/01.Game/03.Content/04.Cutscenes/01.Lab/01.Sprites/09.yuna_hound_idle/skeleton-14.yuna_hound_idle_8.gif,2bfc35f044b91245b46c05a0a5a1ba2bc350fe906dbf636d194c23c0008f4146,3d838667c5f98bf44b14dbcd4339ab53
Assets/01.Sprites/CutSceneLab/10.luna_move/skeleton-15.luna_move_0.gif,Assets/01.Game/03.Content/04.Cutscenes/01.Lab/01.Sprites/10.luna_move/skeleton-15.luna_move_0.gif,7f68be571e5172e15d3c0efa9992455f59c39a57bdb9040aff090e834e7e6e83,f4d21cd41bb0acf439a44b09c33756f8
Assets/01.Sprites/CutSceneLab/10.luna_move/skeleton-15.luna_move_1.gif,Assets/01.Game/03.Content/04.Cutscenes/01.Lab/01.Sprites/10.luna_move/skeleton-15.luna_move_1.gif,1c2d7cd4e7ef0db562fc534bfcc712be6f71d1d87ecf4f34a6149609dad36f52,9f4c2e0e9b8cde840b815fd526c0d5f6
Assets/01.Sprites/CutSceneLab/11.luna_move_to_end/skeleton-15.luna_move_to_end_000.gif,Assets/01.Game/03.Content/04.Cutscenes/01.Lab/01.Sprites/11.luna_move_to_end/skeleton-15.luna_move_to_end_000.gif,dc3f59cc86978b224a01e1819f36efc6c08fce06aae6e2133ba33e3d5608f092,e6c1b06bad9c58a44944df10083bae1e
Assets/01.Sprites/CutSceneLab/11.luna_move_to_end/skeleton-15.luna_move_to_end_001.gif,Assets/01.Game/03.Content/04.Cutscenes/01.Lab/01.Sprites/11.luna_move_to_end/skeleton-15.luna_move_to_end_001.gif,054ec059c971c14e55d5efcf7dc74fd0d3edff7a4cc65c282221c0bffd8bd63e,96106e8e42ddf5f4eacf8ef442eb8452
Assets/01.Sprites/CutSceneLab/11.luna_move_to_end/skeleton-15.luna_move_to_end_002.gif,Assets/01.Game/03.Content/04.Cutscenes/01.Lab/01.Sprites/11.luna_move_to_end/skeleton-15.luna_move_to_end_002.gif,f84c27955f52910c909589c4f51b43bf90dcd38529772c2e0f8d422596c739a4,e4cb4d52ddf7d244a9b8fc74d9c5b15c
Assets/01.Sprites/CutSceneLab/11.luna_move_to_end/skeleton-15.luna_move_to_end_003.gif,Assets/01.Game/03.Content/04.Cutscenes/01.Lab/01.Sprites/11.luna_move_to_end/skeleton-15.luna_move_to_end_003.gif,83c11349cf87c36c42d0d2e9fd04d47f3fbba3a289239f3db47e36e064c5d339,cf5a0e6192ee4664b98273fe698b0bc4
Assets/01.Sprites/CutSceneLab/11.luna_move_to_end/skeleton-15.luna_move_to_end_004.gif,Assets/01.Game/03.Content/04.Cutscenes/01.Lab/01.Sprites/11.luna_move_to_end/skeleton-15.luna_move_to_end_004.gif,9d493e8f4f5ea96c6c3954c5fb17b10b28564c4ac7f5f959e364111a21dc107b,7aa3333356a509b4cbdf9679edbcd6fb
Assets/01.Sprites/CutSceneLab/11.luna_move_to_end/skeleton-15.luna_move_to_end_005.gif,Assets/01.Game/03.Content/04.Cutscenes/01.Lab/01.Sprites/11.luna_move_to_end/skeleton-15.luna_move_to_end_005.gif,1cc2259b5fb20b98eb909164b6e34bf64bbfefc3fa3542808a39187243286363,93a549a35ffd57c4e8a5939801b6c87f
Assets/01.Sprites/CutSceneLab/11.luna_move_to_end/skeleton-15.luna_move_to_end_006.gif,Assets/01.Game/03.Content/04.Cutscenes/01.Lab/01.Sprites/11.luna_move_to_end/skeleton-15.luna_move_to_end_006.gif,4c59e61efd0e2a73e017a4ca984e69dfe484fe9f2bd383beefe7145a60475bab,3020398960323d34fa9c3ba2189e3ac5
Assets/01.Sprites/CutSceneLab/11.luna_move_to_end/skeleton-15.luna_move_to_end_007.gif,Assets/01.Game/03.Content/04.Cutscenes/01.Lab/01.Sprites/11.luna_move_to_end/skeleton-15.luna_move_to_end_007.gif,273c428aad13fca6c380d2b55fc46dd9898d957730c863c07dccf7cb21674438,b3f234ec2644b1d41b9746dfa55c0075
Assets/01.Sprites/CutSceneLab/11.luna_move_to_end/skeleton-15.luna_move_to_end_008.gif,Assets/01.Game/03.Content/04.Cutscenes/01.Lab/01.Sprites/11.luna_move_to_end/skeleton-15.luna_move_to_end_008.gif,25e70b511987cdca226468962d33393d2ebb3390b784ef07b55dd783ffd27aa4,a54403ba44503304785f359bfcbfe5d3
Assets/01.Sprites/CutSceneLab/11.luna_move_to_end/skeleton-15.luna_move_to_end_009.gif,Assets/01.Game/03.Content/04.Cutscenes/01.Lab/01.Sprites/11.luna_move_to_end/skeleton-15.luna_move_to_end_009.gif,f6aa70462b44121a08aad9ac34ff9b21dc2e3a042cd267f42e31e3326be4f676,86059f1059ae7354fa17c8a8d234c73f
Assets/01.Sprites/CutSceneLab/11.luna_move_to_end/skeleton-15.luna_move_to_end_010.gif,Assets/01.Game/03.Content/04.Cutscenes/01.Lab/01.Sprites/11.luna_move_to_end/skeleton-15.luna_move_to_end_010.gif,5a3fd64646cd3d10def14f6acddbe50e075b751f35a5fb28d52a35135c2a6d1b,0d202f345d5a4db45a8ea4699ecb8e53
Assets/01.Sprites/CutSceneLab/11.luna_move_to_end/skeleton-15.luna_move_to_end_011.gif,Assets/01.Game/03.Content/04.Cutscenes/01.Lab/01.Sprites/11.luna_move_to_end/skeleton-15.luna_move_to_end_011.gif,202c698ef0cd7be855841ad7ce69aaaf1943c539152c4aa20974232f89344efc,fc8770a311d9aab4a9f6c7b6c4936ddb
Assets/01.Sprites/CutSceneLab/11.luna_move_to_end/skeleton-15.luna_move_to_end_012.gif,Assets/01.Game/03.Content/04.Cutscenes/01.Lab/01.Sprites/11.luna_move_to_end/skeleton-15.luna_move_to_end_012.gif,dfb9f4d46c0e3363a9e321505b8f9c690fd6b3379ce0bfdf7e4530dfb45bdeee,4a08aa205f130c74585c8e499bf90c48
Assets/01.Sprites/CutSceneLab/11.luna_move_to_end/skeleton-15.luna_move_to_end_013.gif,Assets/01.Game/03.Content/04.Cutscenes/01.Lab/01.Sprites/11.luna_move_to_end/skeleton-15.luna_move_to_end_013.gif,13874e57d3806a875b12706bceebb20380bff06c5ca1b81865d8aa3d6566fcd1,1a7db372c42d04344ab0397ec53ab1fe
Assets/01.Sprites/CutSceneLab/11.luna_move_to_end/skeleton-15.luna_move_to_end_014.gif,Assets/01.Game/03.Content/04.Cutscenes/01.Lab/01.Sprites/11.luna_move_to_end/skeleton-15.luna_move_to_end_014.gif,8c9915a089f658c4e28dcf9cff5d85099c09b89b8638f0b96862017464f65dc0,e831fcd444310624f9d3e1df6dbc327f
Assets/01.Sprites/CutSceneLab/11.luna_move_to_end/skeleton-15.luna_move_to_end_015.gif,Assets/01.Game/03.Content/04.Cutscenes/01.Lab/01.Sprites/11.luna_move_to_end/skeleton-15.luna_move_to_end_015.gif,0771fcdf0052b45f8ee2e8fb86eca6d5c6fc4f937fef07c8a85342acc6205e6d,878a2c085eb88fe47b4e13eb8dd010a9
Assets/01.Sprites/CutSceneLab/11.luna_move_to_end/skeleton-15.luna_move_to_end_016.gif,Assets/01.Game/03.Content/04.Cutscenes/01.Lab/01.Sprites/11.luna_move_to_end/skeleton-15.luna_move_to_end_016.gif,8fd6451ad1ed17b22818494f151906bee8d6fabe0d9eeb94aec21b47c01b255c,dead15b629327c64c961fd1193bd38d6
Assets/01.Sprites/CutSceneLab/11.luna_move_to_end/skeleton-15.luna_move_to_end_017.gif,Assets/01.Game/03.Content/04.Cutscenes/01.Lab/01.Sprites/11.luna_move_to_end/skeleton-15.luna_move_to_end_017.gif,ac3b954546c8661b59f7fc6c98079b56b4a45dc21f07eec316df898fb700d165,4120e915e9e4f894ab9392d9e3f5592b
Assets/01.Sprites/CutSceneLab/11.luna_move_to_end/skeleton-15.luna_move_to_end_018.gif,Assets/01.Game/03.Content/04.Cutscenes/01.Lab/01.Sprites/11.luna_move_to_end/skeleton-15.luna_move_to_end_018.gif,d5ca5dffc138f45c2ba0c28100d94e30953477c0c6fb624978712f44eef6a2eb,c4818bba8080a0243ba7514b38cb325c
Assets/01.Sprites/CutSceneLab/11.luna_move_to_end/skeleton-15.luna_move_to_end_019.gif,Assets/01.Game/03.Content/04.Cutscenes/01.Lab/01.Sprites/11.luna_move_to_end/skeleton-15.luna_move_to_end_019.gif,170ac04cf4a64b7e9622704eb95cb18977948c7f21e9022a4610000aa8e67aa0,fb8ef0900a1c24d4c9144c7704cce1e1
Assets/01.Sprites/CutSceneLab/11.luna_move_to_end/skeleton-15.luna_move_to_end_020.gif,Assets/01.Game/03.Content/04.Cutscenes/01.Lab/01.Sprites/11.luna_move_to_end/skeleton-15.luna_move_to_end_020.gif,e2867166ddf199593f1840867d588ea7ab0f79e9982658625b693424d04e307d,7f8ca342a19f2af40b4c3db2f76c6083
Assets/01.Sprites/CutSceneLab/11.luna_move_to_end/skeleton-15.luna_move_to_end_021.gif,Assets/01.Game/03.Content/04.Cutscenes/01.Lab/01.Sprites/11.luna_move_to_end/skeleton-15.luna_move_to_end_021.gif,c4f55bf7d8f29ba09d445c7db16ed66f3b13e5fd2bb406d2fc2c1a058ce4a9bd,f4e4c7ba3792c804984067edbb4cd730
Assets/01.Sprites/CutSceneLab/11.luna_move_to_end/skeleton-15.luna_move_to_end_022.gif,Assets/01.Game/03.Content/04.Cutscenes/01.Lab/01.Sprites/11.luna_move_to_end/skeleton-15.luna_move_to_end_022.gif,efabe357c4e62415af1f0a7c18a9ebc49abfbff796b3dd8ba2abf33611223ef7,fdb4b0af607c3a741bb8140cc7843403
Assets/01.Sprites/CutSceneLab/11.luna_move_to_end/skeleton-15.luna_move_to_end_023.gif,Assets/01.Game/03.Content/04.Cutscenes/01.Lab/01.Sprites/11.luna_move_to_end/skeleton-15.luna_move_to_end_023.gif,f697a99cd162d281ec6cc527f8e336075765d4006a3e4118ccb745491d5e666e,2fefd38e6b0392440900fcbfb36ca901
Assets/01.Sprites/CutSceneLab/11.luna_move_to_end/skeleton-15.luna_move_to_end_024.gif,Assets/01.Game/03.Content/04.Cutscenes/01.Lab/01.Sprites/11.luna_move_to_end/skeleton-15.luna_move_to_end_024.gif,deecd0c27204b334550bb1e4a7ff183faedc432dc4c747e3bf04aebd11f98738,d3824b82f2b1e2c429c5bc0f6617b5da
Assets/01.Sprites/CutSceneLab/11.luna_move_to_end/skeleton-15.luna_move_to_end_025.gif,Assets/01.Game/03.Content/04.Cutscenes/01.Lab/01.Sprites/11.luna_move_to_end/skeleton-15.luna_move_to_end_025.gif,d8f8e5e69e50922a1b1636d16e9bccd69f8e17c91936da12119c6953eee2c46e,ca9e7fe4cfd3a0f4ebea9be1649b0fb9
Assets/01.Sprites/CutSceneLab/11.luna_move_to_end/skeleton-15.luna_move_to_end_026.gif,Assets/01.Game/03.Content/04.Cutscenes/01.Lab/01.Sprites/11.luna_move_to_end/skeleton-15.luna_move_to_end_026.gif,558ccf6482e1fa7b6191fde0d567d1e2064ba3d68e5608d48cef7e7c5560f970,c49a35f0b07f1664791b55c9462700ce
Assets/01.Sprites/CutSceneLab/11.luna_move_to_end/skeleton-15.luna_move_to_end_027.gif,Assets/01.Game/03.Content/04.Cutscenes/01.Lab/01.Sprites/11.luna_move_to_end/skeleton-15.luna_move_to_end_027.gif,29326aa71c6ce6fea371fec10d993e67abba7f15d5745acb9cf354f54e30fef2,0d1362d5aae2a9145b9f80ed69eec893
Assets/01.Sprites/CutSceneLab/11.luna_move_to_end/skeleton-15.luna_move_to_end_028.gif,Assets/01.Game/03.Content/04.Cutscenes/01.Lab/01.Sprites/11.luna_move_to_end/skeleton-15.luna_move_to_end_028.gif,d4649746c38d720102e701ef90e486e40b80e463e86c59edd890973da7bcf4bb,189025e40e871f8449a183cb6ec0b5f6
Assets/01.Sprites/CutSceneLab/11.luna_move_to_end/skeleton-15.luna_move_to_end_029.gif,Assets/01.Game/03.Content/04.Cutscenes/01.Lab/01.Sprites/11.luna_move_to_end/skeleton-15.luna_move_to_end_029.gif,7ac808afd0cfca6a58c6c982858ffcb73a9b23fe7a7c1c736f816767c7396379,6a87b59cd13c6fb408c910c1e826d068
Assets/01.Sprites/CutSceneLab/11.luna_move_to_end/skeleton-15.luna_move_to_end_030.gif,Assets/01.Game/03.Content/04.Cutscenes/01.Lab/01.Sprites/11.luna_move_to_end/skeleton-15.luna_move_to_end_030.gif,61c2a738a83ce32c495b4ca91830c54d791513ed22ce3bbf7f1530e80f882668,a9a324c95646963419b40841217d5c10
Assets/01.Sprites/CutSceneLab/11.luna_move_to_end/skeleton-15.luna_move_to_end_031.gif,Assets/01.Game/03.Content/04.Cutscenes/01.Lab/01.Sprites/11.luna_move_to_end/skeleton-15.luna_move_to_end_031.gif,3fadffc02b8336847dceccc60ff7e7ee2d0f65b60a8acfc51ebf1677290d0de2,b4079bf86d894b0419484bce1a09f4b7
Assets/01.Sprites/CutSceneLab/11.luna_move_to_end/skeleton-15.luna_move_to_end_032.gif,Assets/01.Game/03.Content/04.Cutscenes/01.Lab/01.Sprites/11.luna_move_to_end/skeleton-15.luna_move_to_end_032.gif,62367c894e5930effcf46991f01af7825d132d432b43523e6eb23a61298f78e7,4117b218e4058e54697d43561646732c
Assets/01.Sprites/CutSceneLab/11.luna_move_to_end/skeleton-15.luna_move_to_end_033.gif,Assets/01.Game/03.Content/04.Cutscenes/01.Lab/01.Sprites/11.luna_move_to_end/skeleton-15.luna_move_to_end_033.gif,5a6fd3129b95a0fd65c658f1155a5c04957bccf5daa14bd4a64215e032577db9,24bd2fecfa6252143b78f0a4789d00ed
Assets/01.Sprites/CutSceneLab/11.luna_move_to_end/skeleton-15.luna_move_to_end_034.gif,Assets/01.Game/03.Content/04.Cutscenes/01.Lab/01.Sprites/11.luna_move_to_end/skeleton-15.luna_move_to_end_034.gif,03cbf0e82efa2d68abaa75963c2c07f37c5745bfc1257c1c851d2605b5b1e3d4,8923378bde23d244cb38807a69d4a2e6
Assets/01.Sprites/CutSceneLab/11.luna_move_to_end/skeleton-15.luna_move_to_end_035.gif,Assets/01.Game/03.Content/04.Cutscenes/01.Lab/01.Sprites/11.luna_move_to_end/skeleton-15.luna_move_to_end_035.gif,57de0e0318854e11bf01d0474685b567c85611f7ee2bbcc6fff7ed0ab04886d1,6cbaa6c112f6f67468d3e33e8f04b2da
Assets/01.Sprites/CutSceneLab/11.luna_move_to_end/skeleton-15.luna_move_to_end_036.gif,Assets/01.Game/03.Content/04.Cutscenes/01.Lab/01.Sprites/11.luna_move_to_end/skeleton-15.luna_move_to_end_036.gif,179e982eccdc3738b053ef88de40c413a7d82e862e50f788f601834d3dc88937,e7eb3378c17558740ac8d93c3da0a1c7
Assets/01.Sprites/CutSceneLab/11.luna_move_to_end/skeleton-15.luna_move_to_end_037.gif,Assets/01.Game/03.Content/04.Cutscenes/01.Lab/01.Sprites/11.luna_move_to_end/skeleton-15.luna_move_to_end_037.gif,58815bbf597ce1f86fd5625c50e731f57001987e426784f01c5ad669e22f83b0,9cf4a2a57cb1ec441b9b1edd52222152
Assets/01.Sprites/CutSceneLab/11.luna_move_to_end/skeleton-15.luna_move_to_end_038.gif,Assets/01.Game/03.Content/04.Cutscenes/01.Lab/01.Sprites/11.luna_move_to_end/skeleton-15.luna_move_to_end_038.gif,db13603bbaa89e172f237deb24e0df3c7763c466ff8a4d54f5dbe5246059dc60,cdb86ba2cc07adc4aae91424398eb149
Assets/01.Sprites/CutSceneLab/11.luna_move_to_end/skeleton-15.luna_move_to_end_039.gif,Assets/01.Game/03.Content/04.Cutscenes/01.Lab/01.Sprites/11.luna_move_to_end/skeleton-15.luna_move_to_end_039.gif,95e66d4dfc5777d6c98c98f324e79dedbca5cfbb5fa8cced4f0a8227f7630b68,112d3ab02d8e991489c08cdd3ad8a90c
Assets/01.Sprites/CutSceneLab/11.luna_move_to_end/skeleton-15.luna_move_to_end_040.gif,Assets/01.Game/03.Content/04.Cutscenes/01.Lab/01.Sprites/11.luna_move_to_end/skeleton-15.luna_move_to_end_040.gif,6652e66ce1bcc90b9e337e8b5c65e9ea7c7d8ab6d6e399eb2f19ab7a9b9173bd,125d242cdc36af043a7d75430a3ebe12
Assets/01.Sprites/CutSceneLab/11.luna_move_to_end/skeleton-15.luna_move_to_end_041.gif,Assets/01.Game/03.Content/04.Cutscenes/01.Lab/01.Sprites/11.luna_move_to_end/skeleton-15.luna_move_to_end_041.gif,72f9a1d51d8de4eeffc606b344823a46bf5722221e9cd1e3364bb073ebe4e505,3c1ae19bf91f19845ad7bb12086dc942
Assets/01.Sprites/CutSceneLab/11.luna_move_to_end/skeleton-15.luna_move_to_end_042.gif,Assets/01.Game/03.Content/04.Cutscenes/01.Lab/01.Sprites/11.luna_move_to_end/skeleton-15.luna_move_to_end_042.gif,d2969ac766667d709b6f9873adea94bdf1fd2fb9c1ee3a9e6bfb197e181967d4,3e9a216cd4c94ea40a593da034b5eecb
Assets/01.Sprites/CutSceneLab/11.luna_move_to_end/skeleton-15.luna_move_to_end_043.gif,Assets/01.Game/03.Content/04.Cutscenes/01.Lab/01.Sprites/11.luna_move_to_end/skeleton-15.luna_move_to_end_043.gif,fe3940f56198e633f0b797ebfada89ad5231ba07ab6759fdbd7fde231eb0a724,9eaeb16bbb75e1745912c74b6e43955c
Assets/01.Sprites/CutSceneLab/11.luna_move_to_end/skeleton-15.luna_move_to_end_044.gif,Assets/01.Game/03.Content/04.Cutscenes/01.Lab/01.Sprites/11.luna_move_to_end/skeleton-15.luna_move_to_end_044.gif,159fdfd7e78dcb2462b5e973153bf982393c546f8cd39dc1e6a3166c82f041e6,163705736cf3ec148aacb1ba53da2555
Assets/01.Sprites/CutSceneLab/11.luna_move_to_end/skeleton-15.luna_move_to_end_045.gif,Assets/01.Game/03.Content/04.Cutscenes/01.Lab/01.Sprites/11.luna_move_to_end/skeleton-15.luna_move_to_end_045.gif,4e70ee2a1bc78675316d695ab44bfeaa266a5e4cc3a9036dbfe24d5768142c1a,8fd2fe8e3c1c7d94987f2440c9a36736
Assets/01.Sprites/CutSceneLab/11.luna_move_to_end/skeleton-15.luna_move_to_end_046.gif,Assets/01.Game/03.Content/04.Cutscenes/01.Lab/01.Sprites/11.luna_move_to_end/skeleton-15.luna_move_to_end_046.gif,ac7462bebaa22e6c9e6271766912e9b7741f7bae27ccf85f5355a991c6ab2b66,3f2cb52a0852b3d47ba9622741127482
Assets/01.Sprites/CutSceneLab/11.luna_move_to_end/skeleton-15.luna_move_to_end_047.gif,Assets/01.Game/03.Content/04.Cutscenes/01.Lab/01.Sprites/11.luna_move_to_end/skeleton-15.luna_move_to_end_047.gif,186030c3d615984617da641923d195da1501dcf643fd7fe99d9ef31b3dd8cea3,87cf3eba4dbec8141b054d22fbfdc4e6
Assets/01.Sprites/CutSceneLab/11.luna_move_to_end/skeleton-15.luna_move_to_end_048.gif,Assets/01.Game/03.Content/04.Cutscenes/01.Lab/01.Sprites/11.luna_move_to_end/skeleton-15.luna_move_to_end_048.gif,d089a27a288e5ec8cbf39ae56b224614ba4ad40673c7079ed1150ba620b2f735,8476f49395c82f4428a7d32dc3b85045
Assets/01.Sprites/CutSceneLab/11.luna_move_to_end/skeleton-15.luna_move_to_end_049.gif,Assets/01.Game/03.Content/04.Cutscenes/01.Lab/01.Sprites/11.luna_move_to_end/skeleton-15.luna_move_to_end_049.gif,40378b7a8b58c76d8e7648696927505b76a71a684a7c262633d1f3b8a9db99fc,a433930a55b41ca45b40c613abbeed82
Assets/01.Sprites/CutSceneLab/11.luna_move_to_end/skeleton-15.luna_move_to_end_050.gif,Assets/01.Game/03.Content/04.Cutscenes/01.Lab/01.Sprites/11.luna_move_to_end/skeleton-15.luna_move_to_end_050.gif,101b69ecb5d35ebd6ce248f799d39863fe11553c43afdae5eb19493f9dc9fb13,f801b2e020037e14fb7158f85609a8bb
Assets/01.Sprites/CutSceneLab/11.luna_move_to_end/skeleton-15.luna_move_to_end_051.gif,Assets/01.Game/03.Content/04.Cutscenes/01.Lab/01.Sprites/11.luna_move_to_end/skeleton-15.luna_move_to_end_051.gif,4827b49777d78dfb9e60a2724ca256d95ee60f1a57933948e715af0822bd41b5,9ebad793df6f1584dafab7295ea0a60d
Assets/01.Sprites/CutSceneLab/11.luna_move_to_end/skeleton-15.luna_move_to_end_052.gif,Assets/01.Game/03.Content/04.Cutscenes/01.Lab/01.Sprites/11.luna_move_to_end/skeleton-15.luna_move_to_end_052.gif,09ec50a495fab4b847ad261a01985efb93fd500ece8aa12b846953300ae14cc5,140f358e542397f4eb5556e2cd314b2c
Assets/01.Sprites/CutSceneLab/11.luna_move_to_end/skeleton-15.luna_move_to_end_053.gif,Assets/01.Game/03.Content/04.Cutscenes/01.Lab/01.Sprites/11.luna_move_to_end/skeleton-15.luna_move_to_end_053.gif,1dfce64ade20a19967da2cbf32c727ae6a934075c5facb3869a5315bd83e79ce,5e1a5ddb809df9248b7bd44c291fa963
Assets/01.Sprites/CutSceneLab/11.luna_move_to_end/skeleton-15.luna_move_to_end_054.gif,Assets/01.Game/03.Content/04.Cutscenes/01.Lab/01.Sprites/11.luna_move_to_end/skeleton-15.luna_move_to_end_054.gif,f5d40e172917b61fb3b11ed344366f806d60d2e7defed45d0eed0ad3e7da053a,5bdac12ac212e0c43881c2ce3c56f180
Assets/01.Sprites/CutSceneLab/11.luna_move_to_end/skeleton-15.luna_move_to_end_055.gif,Assets/01.Game/03.Content/04.Cutscenes/01.Lab/01.Sprites/11.luna_move_to_end/skeleton-15.luna_move_to_end_055.gif,478f67fd936570d1ad6e24c0489fb37fdce1256911543c58cf4bf0771804f2c8,d445ab0ebf99f4341972c02ecc95c344
Assets/01.Sprites/CutSceneLab/11.luna_move_to_end/skeleton-15.luna_move_to_end_056.gif,Assets/01.Game/03.Content/04.Cutscenes/01.Lab/01.Sprites/11.luna_move_to_end/skeleton-15.luna_move_to_end_056.gif,7fcca364a9f9150314c874a58f3f40bc8e01ad91231430e7b09b81b4af92d75d,d1fc618e030dd0b43a826801818ce7ac
Assets/01.Sprites/CutSceneLab/11.luna_move_to_end/skeleton-15.luna_move_to_end_057.gif,Assets/01.Game/03.Content/04.Cutscenes/01.Lab/01.Sprites/11.luna_move_to_end/skeleton-15.luna_move_to_end_057.gif,4f46bd4614e30e36ea7ec38e64b960ce0613df5cdd3e4b4683b893e06e69357a,aa0b90437c6bd084d957534fbde0a5c5
Assets/01.Sprites/CutSceneLab/11.luna_move_to_end/skeleton-15.luna_move_to_end_058.gif,Assets/01.Game/03.Content/04.Cutscenes/01.Lab/01.Sprites/11.luna_move_to_end/skeleton-15.luna_move_to_end_058.gif,3e38c77f1423a3dceefa335a2300bbc53a253687fb568edc6ffdf44f5b5a504a,c2778932bdbad8646b4590a70bea4068
Assets/01.Sprites/CutSceneLab/11.luna_move_to_end/skeleton-15.luna_move_to_end_059.gif,Assets/01.Game/03.Content/04.Cutscenes/01.Lab/01.Sprites/11.luna_move_to_end/skeleton-15.luna_move_to_end_059.gif,a3a8f9ff55b598c26cde488c6c8e9def061d86f5ae3cfd8ed784cc7d4cf4d4a9,d612cf6997d6b1141b40db643df3f0a3
Assets/01.Sprites/CutSceneLab/11.luna_move_to_end/skeleton-15.luna_move_to_end_060.gif,Assets/01.Game/03.Content/04.Cutscenes/01.Lab/01.Sprites/11.luna_move_to_end/skeleton-15.luna_move_to_end_060.gif,cbabe23ab21c14dfb9978b42773ddb12d5b5de5077bcce15f7f56d7f5ff5bca2,89ccbb7294417714bb09f287d9eacb76
Assets/01.Sprites/CutSceneLab/11.luna_move_to_end/skeleton-15.luna_move_to_end_061.gif,Assets/01.Game/03.Content/04.Cutscenes/01.Lab/01.Sprites/11.luna_move_to_end/skeleton-15.luna_move_to_end_061.gif,31e04a939eb2c6ad8ae669af61235555fccffdb58549bf103212fcc4175b0aad,ec75001a07240364f8c63f88b796f89f
Assets/01.Sprites/CutSceneLab/11.luna_move_to_end/skeleton-15.luna_move_to_end_062.gif,Assets/01.Game/03.Content/04.Cutscenes/01.Lab/01.Sprites/11.luna_move_to_end/skeleton-15.luna_move_to_end_062.gif,50c1cd87fb17ed9fca81b7d7e5e51a28555ff6b7f1309b0a2378e3b805c7ede3,fe877419f12eace468611c04bbc43b65
Assets/01.Sprites/CutSceneLab/11.luna_move_to_end/skeleton-15.luna_move_to_end_063.gif,Assets/01.Game/03.Content/04.Cutscenes/01.Lab/01.Sprites/11.luna_move_to_end/skeleton-15.luna_move_to_end_063.gif,1404af37dd14427bec01e37c68674924f177ffb6963b638746a42bc53140c323,c1b6a1e51ed41a346bdcda2e7bd5850f
Assets/01.Sprites/CutSceneLab/11.luna_move_to_end/skeleton-15.luna_move_to_end_064.gif,Assets/01.Game/03.Content/04.Cutscenes/01.Lab/01.Sprites/11.luna_move_to_end/skeleton-15.luna_move_to_end_064.gif,e240741b288c4f52dd11d0c5410510117fff46bc54bc2973dd882766a5f3ec9f,e1769920e9c9b2a4386024698b55f429
Assets/01.Sprites/CutSceneLab/11.luna_move_to_end/skeleton-15.luna_move_to_end_065.gif,Assets/01.Game/03.Content/04.Cutscenes/01.Lab/01.Sprites/11.luna_move_to_end/skeleton-15.luna_move_to_end_065.gif,153ed02681cbbe433e16b8e2f82c222b0602445f3422202e78f578a75606e4be,92c1c118fe1e5d14aaa4761943e81ec4
Assets/01.Sprites/CutSceneLab/11.luna_move_to_end/skeleton-15.luna_move_to_end_066.gif,Assets/01.Game/03.Content/04.Cutscenes/01.Lab/01.Sprites/11.luna_move_to_end/skeleton-15.luna_move_to_end_066.gif,b311d417aefc4c18dc42e1a0d03bb56d42dcf3c1fc49c28a41a63c98f4d47578,17967f1afbf0517438b9aac7789ca12b
Assets/01.Sprites/CutSceneLab/11.luna_move_to_end/skeleton-15.luna_move_to_end_067.gif,Assets/01.Game/03.Content/04.Cutscenes/01.Lab/01.Sprites/11.luna_move_to_end/skeleton-15.luna_move_to_end_067.gif,22c642e88ed21dc2a8d0b5439883d8fa8070d98eedc8ec71230f37c038da7001,2024ce42ac962bd44853d2e135880810
Assets/01.Sprites/CutSceneLab/11.luna_move_to_end/skeleton-15.luna_move_to_end_068.gif,Assets/01.Game/03.Content/04.Cutscenes/01.Lab/01.Sprites/11.luna_move_to_end/skeleton-15.luna_move_to_end_068.gif,ae51b1399a233d089727360610cf0b0e6eb7702949b83e98749ccb2d809c8635,e33498cf6ba11a54e9f74741e6c0db7d
Assets/01.Sprites/CutSceneLab/11.luna_move_to_end/skeleton-15.luna_move_to_end_069.gif,Assets/01.Game/03.Content/04.Cutscenes/01.Lab/01.Sprites/11.luna_move_to_end/skeleton-15.luna_move_to_end_069.gif,2e237945043572ba0d91dadf78ec2388e3e1cfb18e6e7c2f244a1d19e59768a0,8e11ecaaf1c67cc489b4f8aae45cf407
Assets/01.Sprites/CutSceneLab/11.luna_move_to_end/skeleton-15.luna_move_to_end_070.gif,Assets/01.Game/03.Content/04.Cutscenes/01.Lab/01.Sprites/11.luna_move_to_end/skeleton-15.luna_move_to_end_070.gif,4fd5cffe7e5e3217740ee1b7240ddf01a5dd66dc6d0fecc29637ea43f142b226,6ca69cd034b3d254a88ae00232f5c73b
Assets/01.Sprites/CutSceneLab/11.luna_move_to_end/skeleton-15.luna_move_to_end_071.gif,Assets/01.Game/03.Content/04.Cutscenes/01.Lab/01.Sprites/11.luna_move_to_end/skeleton-15.luna_move_to_end_071.gif,42e2a656f28fd55437453785abe0d5c29f0d212ae4a0a9e045ed468879dd503e,37b816773e8c22b47956bdc46fdc6136
Assets/01.Sprites/CutSceneLab/11.luna_move_to_end/skeleton-15.luna_move_to_end_072.gif,Assets/01.Game/03.Content/04.Cutscenes/01.Lab/01.Sprites/11.luna_move_to_end/skeleton-15.luna_move_to_end_072.gif,639837ea9890c63fe15bd9d7321b0465b02ac6fe1e7422845ea7ca107e85fd5d,4e82ecd9ccf17a74caee4f07eec467a1
Assets/01.Sprites/CutSceneLab/11.luna_move_to_end/skeleton-15.luna_move_to_end_073.gif,Assets/01.Game/03.Content/04.Cutscenes/01.Lab/01.Sprites/11.luna_move_to_end/skeleton-15.luna_move_to_end_073.gif,55a14bc7426d4d7d765f206eff5d0b88b699b1754a174ad32ac5e24c4ef73d4a,b41edab5eed76e74cb1fc435c5d26060
Assets/01.Sprites/CutSceneLab/11.luna_move_to_end/skeleton-15.luna_move_to_end_074.gif,Assets/01.Game/03.Content/04.Cutscenes/01.Lab/01.Sprites/11.luna_move_to_end/skeleton-15.luna_move_to_end_074.gif,ce0d8a0c1c56a8b2efeb72cb3d828871ae41a40032552628486cbc832ced6a8a,f0c642ec654c91342bb049c2d49ca772
Assets/01.Sprites/CutSceneLab/11.luna_move_to_end/skeleton-15.luna_move_to_end_075.gif,Assets/01.Game/03.Content/04.Cutscenes/01.Lab/01.Sprites/11.luna_move_to_end/skeleton-15.luna_move_to_end_075.gif,8fa92f9a6b44d1b939d593066ad087eaf2065e5deac983938f4db4d3572db0e6,c62faa787f8e7474097dfc1df1b02aa2
Assets/01.Sprites/CutSceneLab/11.luna_move_to_end/skeleton-15.luna_move_to_end_076.gif,Assets/01.Game/03.Content/04.Cutscenes/01.Lab/01.Sprites/11.luna_move_to_end/skeleton-15.luna_move_to_end_076.gif,d6000782210dda8720f750f45f73f3ece8d24e0020c31934d49a2eea82ec67b0,6e9030e4c25a70242bf6c0515a8c84f1
Assets/01.Sprites/CutSceneLab/11.luna_move_to_end/skeleton-15.luna_move_to_end_077.gif,Assets/01.Game/03.Content/04.Cutscenes/01.Lab/01.Sprites/11.luna_move_to_end/skeleton-15.luna_move_to_end_077.gif,e6022e11279286eb3801809cd1c8799a000d364492c0320de95a9e9034778d3d,0288e3f9ecdf412468301ae9e3cb52fd
Assets/01.Sprites/CutSceneLab/11.luna_move_to_end/skeleton-15.luna_move_to_end_078.gif,Assets/01.Game/03.Content/04.Cutscenes/01.Lab/01.Sprites/11.luna_move_to_end/skeleton-15.luna_move_to_end_078.gif,76e30223a120279f9e84b3ac39ebfcc786d4be5119b60b94716063d581b5dc2c,1aef91aa33f721946aaf37c57b17f125
Assets/01.Sprites/CutSceneLab/11.luna_move_to_end/skeleton-15.luna_move_to_end_079.gif,Assets/01.Game/03.Content/04.Cutscenes/01.Lab/01.Sprites/11.luna_move_to_end/skeleton-15.luna_move_to_end_079.gif,7c343889a28f40749ab3087aa224d1f341a22f20d2e554039806b468b13e6ede,390530d9e9f309f4a9c91649357364b3
Assets/01.Sprites/CutSceneLab/11.luna_move_to_end/skeleton-15.luna_move_to_end_080.gif,Assets/01.Game/03.Content/04.Cutscenes/01.Lab/01.Sprites/11.luna_move_to_end/skeleton-15.luna_move_to_end_080.gif,80097c0e5860183425d1a7c7a531821f9a11fe3f26131ec532e58c520016d645,e75534e1abcdff441abca0d25cea421a
Assets/01.Sprites/CutSceneLab/11.luna_move_to_end/skeleton-15.luna_move_to_end_081.gif,Assets/01.Game/03.Content/04.Cutscenes/01.Lab/01.Sprites/11.luna_move_to_end/skeleton-15.luna_move_to_end_081.gif,8e0c602042bfadaf4664ed8bf0535d7adaa94ede34c1d9af7b93b69e49a76b75,444b457ccc08928468ca49588185b96a
Assets/01.Sprites/CutSceneLab/11.luna_move_to_end/skeleton-15.luna_move_to_end_082.gif,Assets/01.Game/03.Content/04.Cutscenes/01.Lab/01.Sprites/11.luna_move_to_end/skeleton-15.luna_move_to_end_082.gif,a54a2a3406d1f3bd8fd2c969e0028a0af6ff0c549906a5fc0582c2f5c2846f59,553d0447d7c9246408ac24dc8764f541
Assets/01.Sprites/CutSceneLab/11.luna_move_to_end/skeleton-15.luna_move_to_end_083.gif,Assets/01.Game/03.Content/04.Cutscenes/01.Lab/01.Sprites/11.luna_move_to_end/skeleton-15.luna_move_to_end_083.gif,d3a46d8f4a7ee8e03f02d927051d68187680176794d0c9693463fedbafc721ef,2de02d129ebacc647a5698dd29bda87b
Assets/01.Sprites/CutSceneLab/11.luna_move_to_end/skeleton-15.luna_move_to_end_084.gif,Assets/01.Game/03.Content/04.Cutscenes/01.Lab/01.Sprites/11.luna_move_to_end/skeleton-15.luna_move_to_end_084.gif,6a81a7c2160e51ed29e06bed51578a6daa55338b98fa0e0366c92a1e26baf520,122eba19d56ae314b83d82567d71f71b
Assets/01.Sprites/CutSceneLab/11.luna_move_to_end/skeleton-15.luna_move_to_end_085.gif,Assets/01.Game/03.Content/04.Cutscenes/01.Lab/01.Sprites/11.luna_move_to_end/skeleton-15.luna_move_to_end_085.gif,7f633c9845ebc471b0f099a32a5bf7dff934782367084f207463a14cdb505b43,f3f4d7b34c5680f43a53a13a9c67783c
Assets/01.Sprites/CutSceneLab/11.luna_move_to_end/skeleton-15.luna_move_to_end_086.gif,Assets/01.Game/03.Content/04.Cutscenes/01.Lab/01.Sprites/11.luna_move_to_end/skeleton-15.luna_move_to_end_086.gif,5f8dc90a51b0dc9d45d9c792c55fcf3f4c599bf4bfdee3f4b557924345cecd13,3336b3dd93d02904fb0b74636893f6c3
Assets/01.Sprites/CutSceneLab/11.luna_move_to_end/skeleton-15.luna_move_to_end_087.gif,Assets/01.Game/03.Content/04.Cutscenes/01.Lab/01.Sprites/11.luna_move_to_end/skeleton-15.luna_move_to_end_087.gif,c135e7661a73031d8a1c831d60dd1b726b5178c4d3ff7b690f51154156e0b887,e4cd3e1ecf91bae40af917234b5b1da8
Assets/01.Sprites/CutSceneLab/11.luna_move_to_end/skeleton-15.luna_move_to_end_088.gif,Assets/01.Game/03.Content/04.Cutscenes/01.Lab/01.Sprites/11.luna_move_to_end/skeleton-15.luna_move_to_end_088.gif,dcc01317925ec32c0e851beed008f4f987285ca8a2283c5d47d0189d5b7b56fb,51a162e734a164046b72ad11702c93c5
Assets/01.Sprites/CutSceneLab/11.luna_move_to_end/skeleton-15.luna_move_to_end_089.gif,Assets/01.Game/03.Content/04.Cutscenes/01.Lab/01.Sprites/11.luna_move_to_end/skeleton-15.luna_move_to_end_089.gif,e2823bcdad49baa730d51e227d01a36e0ab7f53bc45c5928d6e70774a44e7599,cad8ee62960ae384695cfe3109b20040
Assets/01.Sprites/CutSceneLab/11.luna_move_to_end/skeleton-15.luna_move_to_end_090.gif,Assets/01.Game/03.Content/04.Cutscenes/01.Lab/01.Sprites/11.luna_move_to_end/skeleton-15.luna_move_to_end_090.gif,a1fca32cba62f7c2559021f821984c397749533e08ce0ebaba03630052d5d421,88811c2f9337a9845a51ce02eb9603e6
Assets/01.Sprites/CutSceneLab/11.luna_move_to_end/skeleton-15.luna_move_to_end_091.gif,Assets/01.Game/03.Content/04.Cutscenes/01.Lab/01.Sprites/11.luna_move_to_end/skeleton-15.luna_move_to_end_091.gif,70ecd07e0c57917ea2d4dfcbace17083c4f4e5bceea847500411c3fa1dc3a613,d53cea5e6e5f0f34980e31ecbd87b6e7
Assets/01.Sprites/CutSceneLab/11.luna_move_to_end/skeleton-15.luna_move_to_end_092.gif,Assets/01.Game/03.Content/04.Cutscenes/01.Lab/01.Sprites/11.luna_move_to_end/skeleton-15.luna_move_to_end_092.gif,2f6b70e76bedbc969cb13653d9f601453074b10a1a9dad8ca7f7457cd43cb8de,3a6a976fa8633f34db6d3665ae917cee
Assets/01.Sprites/CutSceneLab/11.luna_move_to_end/skeleton-15.luna_move_to_end_093.gif,Assets/01.Game/03.Content/04.Cutscenes/01.Lab/01.Sprites/11.luna_move_to_end/skeleton-15.luna_move_to_end_093.gif,911972388363e1ed373363f2bfd389135e89ca86e84ea5918f01cfc00e4bf57b,cc7b7a51ce9febb4bb026ff4059badb0
Assets/01.Sprites/CutSceneLab/11.luna_move_to_end/skeleton-15.luna_move_to_end_094.gif,Assets/01.Game/03.Content/04.Cutscenes/01.Lab/01.Sprites/11.luna_move_to_end/skeleton-15.luna_move_to_end_094.gif,111799d507dbca368a89fd184b0c16834bc59de18e4a5bb133d2107604d2355e,362a17065b2b8a44e85d1d9246670f76
Assets/01.Sprites/CutSceneLab/11.luna_move_to_end/skeleton-15.luna_move_to_end_095.gif,Assets/01.Game/03.Content/04.Cutscenes/01.Lab/01.Sprites/11.luna_move_to_end/skeleton-15.luna_move_to_end_095.gif,14b6a402a8e03161d83360d5037e29f530b094c062361ed6b8b3337c6f5c2ef2,5e7e513886bdbc544b1d13f274e6db5e
Assets/01.Sprites/CutSceneLab/11.luna_move_to_end/skeleton-15.luna_move_to_end_096.gif,Assets/01.Game/03.Content/04.Cutscenes/01.Lab/01.Sprites/11.luna_move_to_end/skeleton-15.luna_move_to_end_096.gif,59ad2446f519c1be0cf1ec0f9bf2eba1fa17e5b0099f3a04d13cbb568b8be40b,8959e3d418a48c0438b460b92f8bb0ea
Assets/01.Sprites/CutSceneLab/11.luna_move_to_end/skeleton-15.luna_move_to_end_097.gif,Assets/01.Game/03.Content/04.Cutscenes/01.Lab/01.Sprites/11.luna_move_to_end/skeleton-15.luna_move_to_end_097.gif,21b687cf4a260ceeb82ee26ae4ad936bf18c93abfcdb0386dd0db4bea0471efc,d00e322e481e2a349850f66b3f18cae6
Assets/01.Sprites/CutSceneLab/11.luna_move_to_end/skeleton-15.luna_move_to_end_098.gif,Assets/01.Game/03.Content/04.Cutscenes/01.Lab/01.Sprites/11.luna_move_to_end/skeleton-15.luna_move_to_end_098.gif,de49bc60826bfc79c90bf005d1992b146306291232f834aca367e5d6f6dc2c87,36b60127b6f77fe45b8b1e43ef20a330
Assets/01.Sprites/CutSceneLab/11.luna_move_to_end/skeleton-15.luna_move_to_end_099.gif,Assets/01.Game/03.Content/04.Cutscenes/01.Lab/01.Sprites/11.luna_move_to_end/skeleton-15.luna_move_to_end_099.gif,cee158ab14c0ee0873484abbca5ac1998c8fd4f30213e3e6e5408d97d1c3cb36,150565f906f77c844994a59e306a1813
Assets/01.Sprites/CutSceneLab/11.luna_move_to_end/skeleton-15.luna_move_to_end_100.gif,Assets/01.Game/03.Content/04.Cutscenes/01.Lab/01.Sprites/11.luna_move_to_end/skeleton-15.luna_move_to_end_100.gif,410b96eb2998ec773b31639f976ab3e0a5483356263d18d3bebab00a98fc6376,10629e77bec1e1f408615584a0d5a63a
Assets/01.Sprites/CutSceneLab/11.luna_move_to_end/skeleton-15.luna_move_to_end_101.gif,Assets/01.Game/03.Content/04.Cutscenes/01.Lab/01.Sprites/11.luna_move_to_end/skeleton-15.luna_move_to_end_101.gif,ef5b69c6b79a573ce7961b093cf5f4f8193c5ea8c48f7f069ec285fb7048ffb8,c7216ddc898c9b84aad7a9b849074354
Assets/01.Sprites/CutSceneLab/11.luna_move_to_end/skeleton-15.luna_move_to_end_102.gif,Assets/01.Game/03.Content/04.Cutscenes/01.Lab/01.Sprites/11.luna_move_to_end/skeleton-15.luna_move_to_end_102.gif,a0e2ffe39ce3b20fe42823a9a314feddf4de93060555822b789932e445df7d35,c56c8b4df01f76b428784c01afce027d
Assets/01.Sprites/CutSceneLab/11.luna_move_to_end/skeleton-15.luna_move_to_end_103.gif,Assets/01.Game/03.Content/04.Cutscenes/01.Lab/01.Sprites/11.luna_move_to_end/skeleton-15.luna_move_to_end_103.gif,4f17aa1c1b56a4ca5b52026d7c0aacc5e00c9f160295ef73b5b1720c1f725cae,61f3d3c71e6aa894787893327398a53d
Assets/01.Sprites/CutSceneLab/11.luna_move_to_end/skeleton-15.luna_move_to_end_104.gif,Assets/01.Game/03.Content/04.Cutscenes/01.Lab/01.Sprites/11.luna_move_to_end/skeleton-15.luna_move_to_end_104.gif,eea61811bc71d1f698773eb43f6fb9d710bea5a911167d69ddfa3d105ef280ac,30abfa7251c5ae84eb57e2407e55087a
Assets/01.Sprites/CutSceneLab/11.luna_move_to_end/skeleton-15.luna_move_to_end_105.gif,Assets/01.Game/03.Content/04.Cutscenes/01.Lab/01.Sprites/11.luna_move_to_end/skeleton-15.luna_move_to_end_105.gif,d967818c70cc880b3f3254abea2da6510621da63fd8dd186a0da130513c4827a,0b131a3a7e5be664b951ef3ee706c831
Assets/01.Sprites/CutSceneLab/11.luna_move_to_end/skeleton-15.luna_move_to_end_106.gif,Assets/01.Game/03.Content/04.Cutscenes/01.Lab/01.Sprites/11.luna_move_to_end/skeleton-15.luna_move_to_end_106.gif,aa3682c0066f74b11960b81d532b68b38c0e1f222b1c925012fe9677e46d93cb,aea67e853de2e154d97f2dc593a3dedf
Assets/01.Sprites/CutSceneLab/11.luna_move_to_end/skeleton-15.luna_move_to_end_107.gif,Assets/01.Game/03.Content/04.Cutscenes/01.Lab/01.Sprites/11.luna_move_to_end/skeleton-15.luna_move_to_end_107.gif,fa779df90268548a2738f95925f78ab8cf1d997be6357197b8005db4e60fb1a1,201e46b8507c44c4cb38e1515f1cdf26
Assets/01.Sprites/CutSceneLab/11.luna_move_to_end/skeleton-15.luna_move_to_end_108.gif,Assets/01.Game/03.Content/04.Cutscenes/01.Lab/01.Sprites/11.luna_move_to_end/skeleton-15.luna_move_to_end_108.gif,f69a091192171d0513339e9ba8a2877234ffcac2be74cf202665259bad1318cd,472408a369f27b34e9ad503b3f746393
Assets/01.Sprites/CutSceneLab/11.luna_move_to_end/skeleton-15.luna_move_to_end_109.gif,Assets/01.Game/03.Content/04.Cutscenes/01.Lab/01.Sprites/11.luna_move_to_end/skeleton-15.luna_move_to_end_109.gif,42b08fc6d8b96b92414e4609d0f592b49faf7c2218f393b01c5cfb34d775099e,822c4667d5664354cbba3ff06ffd93b7
Assets/01.Sprites/CutSceneLab/11.luna_move_to_end/skeleton-15.luna_move_to_end_110.gif,Assets/01.Game/03.Content/04.Cutscenes/01.Lab/01.Sprites/11.luna_move_to_end/skeleton-15.luna_move_to_end_110.gif,990de18fadc15cd464adabec431ed0a4f863e5cbc83f8aac8872b968271655a4,f13b3aa4aad22c04f90053614346d0b9
Assets/01.Sprites/CutSceneLab/11.luna_move_to_end/skeleton-15.luna_move_to_end_111.gif,Assets/01.Game/03.Content/04.Cutscenes/01.Lab/01.Sprites/11.luna_move_to_end/skeleton-15.luna_move_to_end_111.gif,55a011141ace51b33c927aa5da64647a63f0542778712da43ef907440cedbdfb,0a68f9a23c6790143b735e4b04a2d795
Assets/01.Sprites/CutSceneLab/11.luna_move_to_end/skeleton-15.luna_move_to_end_112.gif,Assets/01.Game/03.Content/04.Cutscenes/01.Lab/01.Sprites/11.luna_move_to_end/skeleton-15.luna_move_to_end_112.gif,0081998f3c5f7fc92da7a77beed674b9683791477c59d5b5b5b1d64e52eb4ae8,6cdc1858cc977e84286c88f8e9865c35
Assets/01.Sprites/CutSceneLab/11.luna_move_to_end/skeleton-15.luna_move_to_end_113.gif,Assets/01.Game/03.Content/04.Cutscenes/01.Lab/01.Sprites/11.luna_move_to_end/skeleton-15.luna_move_to_end_113.gif,2055328166378e6e5a5129bc92d23a5dbf3b5906a7fe2bb732fc8a6d16502f1a,b7cf1658b734a3e4490702e87f4cefd1
Assets/01.Sprites/CutSceneLab/11.luna_move_to_end/skeleton-15.luna_move_to_end_114.gif,Assets/01.Game/03.Content/04.Cutscenes/01.Lab/01.Sprites/11.luna_move_to_end/skeleton-15.luna_move_to_end_114.gif,7fb43137a8e28e4a319402d38aa79573049406d5f2b9e271fa48ff5c78fdc9f6,8901d0ba981aaf74d93e2f2387524a36
Assets/01.Sprites/CutSceneLab/11.luna_move_to_end/skeleton-15.luna_move_to_end_115.gif,Assets/01.Game/03.Content/04.Cutscenes/01.Lab/01.Sprites/11.luna_move_to_end/skeleton-15.luna_move_to_end_115.gif,0107d5ce311fa7b4a9a658f13e003723483372996696225557f420896e7c81a7,8c11792a015c93148a13db237d09a6bc
Assets/01.Sprites/CutSceneLab/11.luna_move_to_end/skeleton-15.luna_move_to_end_116.gif,Assets/01.Game/03.Content/04.Cutscenes/01.Lab/01.Sprites/11.luna_move_to_end/skeleton-15.luna_move_to_end_116.gif,ab9cce523e8c4c7edd8030b9cf27a3283f285757f99b9540335acc99206911d6,ea9877c0d3954194aa5d6f34c0379293
Assets/01.Sprites/CutSceneLab/11.luna_move_to_end/skeleton-15.luna_move_to_end_117.gif,Assets/01.Game/03.Content/04.Cutscenes/01.Lab/01.Sprites/11.luna_move_to_end/skeleton-15.luna_move_to_end_117.gif,7430c34a1394d896cce707ddad46a6c68ca3ea645a2b5959cd835687d98c34d1,adcef29439bf31647a5edc64a52879e2
Assets/01.Sprites/CutSceneLab/11.luna_move_to_end/skeleton-15.luna_move_to_end_118.gif,Assets/01.Game/03.Content/04.Cutscenes/01.Lab/01.Sprites/11.luna_move_to_end/skeleton-15.luna_move_to_end_118.gif,463f367c66d4eef44190f064d83d712b38873bc88eb05d755a93c4336d685a6e,6784668717ba68641a7e3ee1debf5fa3
Assets/01.Sprites/CutSceneLab/11.luna_move_to_end/skeleton-15.luna_move_to_end_119.gif,Assets/01.Game/03.Content/04.Cutscenes/01.Lab/01.Sprites/11.luna_move_to_end/skeleton-15.luna_move_to_end_119.gif,af59c50cc008cedf84f3709043cfee56e1ea303a76f2956b213d0511b4c9cbb2,742743e60036dc64fb979eb49c78714b
Assets/01.Sprites/CutSceneLab/11.luna_move_to_end/skeleton-15.luna_move_to_end_120.gif,Assets/01.Game/03.Content/04.Cutscenes/01.Lab/01.Sprites/11.luna_move_to_end/skeleton-15.luna_move_to_end_120.gif,3e260a3e18125dc530222381d2619990a156e1a4fb3404cd420d9beb7363852a,aec9057a3b3b786409bb4c36fa6f9e13
Assets/01.Sprites/CutSceneLab/Lab.anim,Assets/01.Game/03.Content/04.Cutscenes/01.Lab/02.Animations/01.Clips/Lab.anim,a23e9b2fd0410cb29d829d839822a449f6fe4473a48b66f84fdab25143b8559c,7e5d4184962e0ea4d86874563f0f96da
Assets/01.Sprites/CutSceneLab/New Animator Controller.controller,Assets/01.Game/03.Content/04.Cutscenes/01.Lab/02.Animations/02.Controllers/New Animator Controller.controller,b9edaa369e7811fac8f0bbeabb96caddde2bc34366d90454ed984375bcb567d1,9602e2e1fd6a31641b59d51ba1027a2c
Assets/01.Sprites/Cutest/BG.png,Assets/03.Dev/02.Content/04.CutsceneReview/BG.png,fba301b24d801dc584340d607188213e4e61ce39253c319be93189890b763aa4,1c2dacf63435397469f6aacfcfca2360
Assets/01.Sprites/Cutest/FRAME.png,Assets/03.Dev/02.Content/04.CutsceneReview/FRAME.png,96c6d1413130214481ba01ee6aab9cf50b7a20271bfe5257c373e45f48172e67,6a8fc6e6e54fc2e43946ad5ba5903ed7
Assets/01.Sprites/Cutest/gin_fizz1.png,Assets/03.Dev/02.Content/04.CutsceneReview/gin_fizz1.png,6738186651657d57cd05de2f0cb476bb0362c54ca6a4efd8f7b6767fbc5b383d,0f6bba1ff02d3d64685a8410032ffe0f
Assets/01.Sprites/Cutest/gin_fizz2.png,Assets/03.Dev/02.Content/04.CutsceneReview/gin_fizz2.png,75ddd9f0154a4edc0da9b03b0aba7094d32e26d48fad583ac440482f3bd315f0,cde9b0163650c634db82c247d8d70db1
Assets/01.Sprites/Cutest/gin_fizz3.png,Assets/03.Dev/02.Content/04.CutsceneReview/gin_fizz3.png,c60f530ae4f0fb54b680d5ee7a8e9708101c6b0ed7c0cf5cc4dd66e44cce5019,0571ea569c742d34a880f57ed6bf388c
Assets/01.Sprites/Cutest/make_kalua_milk 1.png,Assets/03.Dev/02.Content/04.CutsceneReview/make_kalua_milk 1.png,def964cb9c51610c80fdaa3604ca67383d520c3eddc8f768496dfa4f86ab49a8,4367ed4822c3f34478d48857fc1956af
Assets/01.Sprites/Cutest/make_kalua_milk 2.png,Assets/03.Dev/02.Content/04.CutsceneReview/make_kalua_milk 2.png,db677c6ff0d8c32615788df6e27be2ed1424f28d48a5af2d1da28caabaa9ed51,52c3bc90cd18d7545914e23038dc8fc9
Assets/01.Sprites/Cutest/make_kalua_milk 3.png,Assets/03.Dev/02.Content/04.CutsceneReview/make_kalua_milk 3.png,7312c46618efce9a8285ce3ba6d5effbf84a603db25d1cdb4cc79292dbfaf6df,05e74a2dd6862c7478c1700906107b82
Assets/01.Sprites/LightTest/Test/A구역/A구역 (영역).png,Assets/03.Dev/02.Content/02.Lighting/A구역/A구역 (영역).png,0d3a3a4193a6b45d59d950de7d86c6e74ff01ba38703de20f6d1bd5c3fcbf45c,e3316971a5520594a8492fc313f76bf7
Assets/01.Sprites/LightTest/Test/A구역/A구역 1.png,Assets/03.Dev/02.Content/02.Lighting/A구역/A구역 1.png,29cc2fde0c6d6338daee0b55b55d8d585a637b806f26da085f533a8c4f5f7136,ba92f491f4960f94faed515947d389b1
Assets/01.Sprites/LightTest/Test/A구역/A구역.png,Assets/03.Dev/02.Content/02.Lighting/A구역/A구역.png,29cc2fde0c6d6338daee0b55b55d8d585a637b806f26da085f533a8c4f5f7136,7110985ac57fa5649874f27c8db2d9cd
Assets/01.Sprites/LightTest/Test/A구역/광원.png,Assets/03.Dev/02.Content/02.Lighting/A구역/광원.png,d489041a319e19bb7873f709031c91a16aa4dcf61ca092c5ea0b96ca9ad9128e,4398dafd4c8ef9f459ff35ea40a25fa7
Assets/01.Sprites/LightTest/Test/B구역/19 복사 2.png,Assets/03.Dev/02.Content/02.Lighting/B구역/19 복사 2.png,ec69ea562fd9fc655ef18973fb7fafddb7c5050346b0a9a93e4ef764e63dc73a,84b06c47e71adb340aef783846de0a9c
Assets/01.Sprites/LightTest/Test/B구역/B구역 (영역).png,Assets/03.Dev/02.Content/02.Lighting/B구역/B구역 (영역).png,2587c9cb4c0cb4beebfc2a5f68104aa95ce1792cbb1c043dac3068bc9b26cebd,7a838167074f5fd4f948355d1cb188ee
Assets/01.Sprites/LightTest/Test/B구역/B구역.png,Assets/03.Dev/02.Content/02.Lighting/B구역/B구역.png,e107c5d4fb8754b38bc71609a911b29b6c31134827d8494f1ac8f3c7f7085c99,00d63bbd46aa1944b975c4a8b763b221
Assets/01.Sprites/LightTest/Test/B구역/CityLight_v16.png,Assets/01.Game/03.Content/02.Environments/02.Street/01.Sprites/Lighting/B구역/CityLight_v16.png,9979d0c3ee3a1569f478a461d5168076be2e8398e9d148a51b7991a77e818a58,78d96bf19a4891847bb11a308dc99dd9
Assets/01.Sprites/LightTest/Test/B구역/CityLight_v20.png,Assets/01.Game/03.Content/02.Environments/02.Street/01.Sprites/Lighting/B구역/CityLight_v20.png,9889560ece3f012470cf2dbaa889540db98fb5d64631a35483d31bd2c0001e40,649e769d1fd6d5644a57c7bad133424f
Assets/01.Sprites/LightTest/Test/B구역/CityLight_v9.png,Assets/01.Game/03.Content/02.Environments/02.Street/01.Sprites/Lighting/B구역/CityLight_v9.png,f3c3502a56c3c733f68010723c5fd1e3a93389648a647be207c0310f5310effb,949e7c5bfa26f654f95b999a8aae4032
Assets/01.Sprites/LightTest/Test/B구역/Gemini_Generated_Image_c6et75c6et75c6et.png,Assets/03.Dev/02.Content/02.Lighting/B구역/Gemini_Generated_Image_c6et75c6et75c6et.png,06da022e0c92da9cab2c5d263df8171cc68b03ddca531fe4d8999940596fca81,74be6c42481c1f94a80124a725f08c9f
Assets/01.Sprites/LightTest/Test/B구역/Rimtest.mat,Assets/03.Dev/02.Content/02.Lighting/B구역/Rimtest.mat,8edada472edf95754e2733e8b2a462a90f0702668884f47e6c600dedaec468a6,438b35b347d15b94b8948b6cd84e7bc9
Assets/01.Sprites/LightTest/Test/B구역/SpriteEmission.mat,Assets/03.Dev/02.Content/02.Lighting/B구역/SpriteEmission.mat,e8717057f227d945ed4b7514e2ead560cbda9737c495a928d2de95b44dfbd33e,b34cb6ce2bb899d4d8077103cc8dab18
Assets/01.Sprites/LightTest/Test/B구역/SpriteEmissionHDR.shader,Assets/03.Dev/02.Content/02.Lighting/B구역/SpriteEmissionHDR.shader,a886d1a6505102dd49963ea876214456c0626ba49064db5abc3a97ce55b8362b,b1bb6219bb7f4884ca14316f11800f2b
Assets/01.Sprites/LightTest/Test/B구역/SpriteLitCapped.mat,Assets/03.Dev/02.Content/02.Lighting/B구역/SpriteLitCapped.mat,fe97dc5e9fc5c5c2e639c92b9c292bc96577eebda461ae40eded42b5a82e288d,31ef5a1b5f6859749a1a82530f80618a
Assets/01.Sprites/LightTest/Test/B구역/SpriteLitCapped.shader,Assets/03.Dev/02.Content/02.Lighting/B구역/SpriteLitCapped.shader,8cf97784fef97dccd2d73fe754e081692c9ec71843761728f94ccb7a2ae4b961,2257c8b8d481f2349a585db3159d5413
Assets/01.Sprites/LightTest/Test/B구역/URP2DLitRimLight.shader,Assets/03.Dev/02.Content/02.Lighting/B구역/URP2DLitRimLight.shader,9d0d337c4511c51b43907072a00960b0bbb19612f4e27f51d0445785b5bf3237,aec3e13267eaee2429c71cdab982467c
Assets/01.Sprites/LightTest/Test/B구역/시티라이트_v11.png,Assets/03.Dev/02.Content/02.Lighting/B구역/시티라이트_v11.png,d2bd3a8b5ea80c067c3f07110a92503dc2820002079cee6f5117f1b6bf0d4f35,fb7806afc2823834b80b6a4563036f7c
Assets/01.Sprites/LightTest/Test/B구역/시티라이트_v14.png,Assets/03.Dev/02.Content/02.Lighting/B구역/시티라이트_v14.png,41e1f64d3c1615d5e3f76a06b07c91c056456e35b6f5e74aee5656d208877075,ec84245fd3a1e08488523f77fbd88f7d
Assets/01.Sprites/LightTest/Test/B구역/시티라이트_v18 1.png,Assets/03.Dev/02.Content/02.Lighting/B구역/시티라이트_v18 1.png,5a0b1d248bd5850c5b115c3a4a41bc392710e06f643e4661b3f68621d48094e6,2acc2f905ace8184184538cd5bdad916
Assets/01.Sprites/LightTest/Test/B구역/시티라이트_v18.png,Assets/03.Dev/02.Content/02.Lighting/B구역/시티라이트_v18.png,20f77f50d7509f003e1dd731d8b6c15a9e075c6f3c76b770554828ac8cc4068c,856bdbc1a5783404a9d8f9e3f2d2d24f
Assets/01.Sprites/LightTest/Test/B구역/시티라이트_v19.png,Assets/03.Dev/02.Content/02.Lighting/B구역/시티라이트_v19.png,84a97a632d77a48ecb6e9ccd124bda8ca395b192a9eb1f4d158e0e3ece60971c,f425fcaf694255141ba1c86f7683f1f6
Assets/01.Sprites/LightTest/Test/B구역/시티라이트_v7.png,Assets/03.Dev/02.Content/02.Lighting/B구역/시티라이트_v7.png,f52af3e63dc025e766475869ed539614afd3adce79baed38c525b6f293e98384,7a8fe1de4a923fd4cbe2d90a04d878d0
Assets/01.Sprites/LightTest/Test/B구역/시티라이트_v8.png,Assets/03.Dev/02.Content/02.Lighting/B구역/시티라이트_v8.png,da9944ff002041965c13441e74b6857918e5c2704f3dc9701650f9b9987355f5,e7bddc6df10ccb44895a0d324b89f3b0
Assets/01.Sprites/LightTest/Test/B구역/알파 1.png,Assets/03.Dev/02.Content/02.Lighting/B구역/알파 1.png,766a83572f3b2e334631a6bcaddb8693bcd0ad55630530dff92f17b655a293e8,24f079ec8be503b4a9e4a8563d05f54b
Assets/01.Sprites/LightTest/Test/B구역/알파 2.png,Assets/01.Game/03.Content/02.Environments/02.Street/01.Sprites/Lighting/B구역/알파 2.png,ca1f0f6866edc616d9ac365a4cd7d68db1e531e8a88d292ff5668bd63ae69a9e,96e716f0db6bed04696ee9d17fb4bca8
Assets/01.Sprites/LightTest/Test/B구역/알파.png,Assets/03.Dev/02.Content/02.Lighting/B구역/알파.png,a34eaf269e510526ef6152a8cc8df6cdddc43948298a9f0df3e1c4a7e720397b,3fcbe4b34e8c7ad47ab6115ffb551622
Assets/01.Sprites/LightTest/Test/B구역/영어 단색 복사.png,Assets/03.Dev/02.Content/02.Lighting/B구역/영어 단색 복사.png,8660c3f2c0cfb0c6b684ebe43c8ea3710865ff0ac23c8a6fc1e457e5e3fce342,36c5865c3b75f844c8a40af9066e4a4b
Assets/01.Sprites/MiniGame/Stur/SturBG.png,Assets/03.Dev/02.Content/01.Minigames/Stur/01.Sprites/SturBG.png,6141feaab5635ea46621bdf853173199451b1e2fe1d42f9e3a16762a6a65f797,3bc6505f2f15038409ce3936a3918c9a
Assets/01.Sprites/MiniGame/Stur/SturCircleLine.png,Assets/03.Dev/02.Content/01.Minigames/Stur/01.Sprites/SturCircleLine.png,be6b8fe588b5be6ef0b3a527abd1cf3795984469f6c63b0addd6e08c0e4bd795,2f8d4d0f2332b4145937823f353c9ff9
Assets/01.Sprites/MiniGame/Stur/SturCup.png,Assets/03.Dev/02.Content/01.Minigames/Stur/01.Sprites/SturCup.png,fefd669fbea3bfc68e2039dfdbc1131e6e0db35cbbdc6654ef4c2a3910e2994c,d5c28b34d8048b14997aa2403c2efaca
Assets/01.Sprites/MiniGame/Stur/SturEffectNode.png,Assets/03.Dev/02.Content/01.Minigames/Stur/01.Sprites/SturEffectNode.png,cf7b281e7e351dd78624fc4a85b260cd165530b449937e1207eda3e65c51bc0e,af28f513c2b4bb4458d431f16e32f369
Assets/01.Sprites/MiniGame/Stur/SturStrikeNode.png,Assets/03.Dev/02.Content/01.Minigames/Stur/01.Sprites/SturStrikeNode.png,640f50a7f297b556a3966648196370a9044e798ae15c748ecbf54ea1f35a3152,44cb066f2634205439fdd3fbbddaac8d
Assets/01.Sprites/MiniGame/Stur/Untitled-7.png,Assets/03.Dev/02.Content/01.Minigames/Stur/01.Sprites/Untitled-7.png,1bf355227dd9cdef9a5fb231f9275763478830e3834df3d057cb2be00a660419,60894cf4eb296aa4383d71f01d84cfbb
Assets/01.Sprites/MiniGame/circle.png,Assets/01.Game/03.Content/03.Crafting/04.Minigames/02.Shake/01.Sprites/circle.png,743ab5f47c03e7d1d4ef72fe6732f3f06d1718700307f973184f1f3fbf0218d0,01ab37a9de2421142b758b82648e38ad
Assets/01.Sprites/MiniGame/circle_border.png,Assets/01.Game/03.Content/03.Crafting/04.Minigames/02.Shake/01.Sprites/circle_border.png,d6e5fcd7bd76c5aaa9b7b6eb9f55ea99db2280852f2e91ccc444e1d69f35cb68,86c39fa25f08beb4798f14e6e3aed44d
Assets/01.Sprites/MiniGame/circle_center.png,Assets/01.Game/03.Content/03.Crafting/04.Minigames/02.Shake/01.Sprites/circle_center.png,c55eabde8caa35d39cf2d8eb46bb5d7b13aa980be49ed334a4057cd7201050df,3944a6092bde4e74cbd3856d892b3cb3
Assets/01.Sprites/MiniGame/outside/11.png,Assets/01.Game/03.Content/02.Environments/02.Street/Phone/01.Sprites/11.png,34f3c1f6954b1e5e89f9c22d3cd5a26207d98315616ad3cfd2dc44ad1a8bffb2,69f86ffddc977cc4a829fb5e8f590e63
Assets/01.Sprites/MiniGame/outside/Using_the_provided_reference_image_for_mood_and_de-1786031928054-Photoroom.png,Assets/01.Game/03.Content/02.Environments/02.Street/Phone/01.Sprites/Using_the_provided_reference_image_for_mood_and_de-1786031928054-Photoroom.png,56ee4af2332fc06e1eaf7070bbda001a09ab94d60d8377f1af935f441a060ac6,5a8d17c6e92b91246a50ee9f4dfc7e2e
Assets/01.Sprites/MiniGame/outside/image (1).png,Assets/01.Game/03.Content/02.Environments/02.Street/Phone/01.Sprites/image (1).png,556efb624c23012cdda041e3852e290669396d3470184e28cc41c32907075df0,9d24c257bbde4964f8db947ca10151ef
Assets/01.Sprites/MiniGame/outside/image.png,Assets/01.Game/03.Content/02.Environments/02.Street/Phone/01.Sprites/image.png,9a9c4b40b5bf055ddce3fd815f62d6d9573ee0c594937c5f5575c0b432c4614e,45eace837b01b804bbf7722c25deb34b
Assets/01.Sprites/Test/CocktailColorizer.cs,Assets/03.Dev/03.Scripts/03.ArtTools/CocktailColorizer.cs,5b2cfeaf27aefade539e3f05ec8d6baec355cb1c0cb499805f25a13b5ca32ba4,f8c45cda32e9a2446bac0cfa47c3aff5
Assets/01.Sprites/Test/CocktailTint.shader,Assets/03.Dev/02.Content/03.ArtTools/CocktailTint.shader,083d15ee2aee242e25807f70ccc0a234a7ea694f202e6c8d61906b0509bbe690,c7ea46e8e8e784340b4067907d2dbbf4
Assets/01.Sprites/Test/New Material.mat,Assets/03.Dev/02.Content/03.ArtTools/New Material.mat,f0251302a76a89b323c3e1c00cf9b5b97bf8f478384dd8a74342d651cf6c48e2,1a4d8d571bc003f48be9d14b3eb486b6
Assets/01.Sprites/Test/cocktail_mask.png,Assets/03.Dev/02.Content/03.ArtTools/cocktail_mask.png,8e49b72ec71dc6883ee1698f359a9c1700aea5af33b84ad209228dfc50cdec52,00fae1361cfb0764b9eaf21d234884c4
Assets/01.Sprites/Test/give_drink_cosmo-ezgif.com-gif-to-sprite-converter.png,Assets/03.Dev/02.Content/03.ArtTools/give_drink_cosmo-ezgif.com-gif-to-sprite-converter.png,ee507354e117c1352aa8be8f4349e8711a316715d245ece74f56ff64b205b615,fe155acbc6b0e1043992d04966dfdeab
Assets/01.Sprites/UI/CheckBox/makecheck_back.png,Assets/01.Game/03.Content/05.UI/01.Shared/Controls/01.Sprites/makecheck_back.png,461a2126529bf09e914fcdc8ad5c2734acf17613715ff7179c890f979528d635,ea1a1e051df5f7d4ca4550f1dedf6d40
Assets/01.Sprites/UI/CheckBox/makecheck_butten_pressed_L.png,Assets/01.Game/03.Content/05.UI/01.Shared/Controls/01.Sprites/makecheck_butten_pressed_L.png,00da61b468411e0760f00327f5488934dcbcef612dfc01b4e4ea34cb89fb1880,cc47f508028f96d479652c2e079bfcea
Assets/01.Sprites/UI/CheckBox/makecheck_butten_pressed_R.png,Assets/01.Game/03.Content/05.UI/01.Shared/Controls/01.Sprites/makecheck_butten_pressed_R.png,8969140fa23557f7a71e3a71ae729305ceec11fa7dd0709cd41bed2f13e5d3a2,a201ef37a1699144ab70941aaa8e6d59
Assets/01.Sprites/UI/CheckBox/makecheck_butten_unpressed_L.png,Assets/01.Game/03.Content/05.UI/01.Shared/Controls/01.Sprites/makecheck_butten_unpressed_L.png,675d953256b9be506e0100178e428ed1f7add954cb7ba776c5d1c747185820d0,5455eadb308a9c043be94365d9dcc081
Assets/01.Sprites/UI/ChoiceBox_select.png,Assets/01.Game/03.Content/05.UI/01.Shared/01.Sprites/ChoiceBox_select.png,b9bd8f2e5e146c1b5bdbe888b18e97ecb481a2edf5be6691917e7f6c95a55b43,6c421e8c23ac95d438195cdef8e742af
Assets/01.Sprites/UI/CocktailCraftBG.png,Assets/01.Game/03.Content/05.UI/01.Shared/01.Sprites/CocktailCraftBG.png,a2653a1a56460497b8a182301cab0a73209be40224cb17232535c50235986cec,be2a7a54850da8949a74bcda785737fe
Assets/01.Sprites/UI/CocktailCupBack.png,Assets/01.Game/03.Content/05.UI/01.Shared/01.Sprites/CocktailCupBack.png,8451b4004ec0f72b757a0c836fac90b7d5f61e6e0ee0f72afac53c427ab2f921,56369fbd391273443a5f4f398ab01a90
Assets/01.Sprites/UI/CocktailCupFore.png,Assets/01.Game/03.Content/05.UI/01.Shared/01.Sprites/CocktailCupFore.png,fb68f9a3327d1470650deac3b88a1b66560835449244fc7347b34814dff4d881,23c131c4d0a8dae479135b905910c6c3
Assets/01.Sprites/UI/Ingrediant/ICE_pressed.png,Assets/01.Game/03.Content/03.Crafting/01.Preparation/Ingredients/01.Sprites/ICE_pressed.png,7f0f4c4b49849291c8080d55fe2e1569e4729bc1f31fe791373597423c0e66ee,ff4521d0eff449240a425ac7e3ba3319
Assets/01.Sprites/UI/Ingrediant/ICE_unpressed.png,Assets/01.Game/03.Content/03.Crafting/01.Preparation/Ingredients/01.Sprites/ICE_unpressed.png,0b49f9ff7ef9f7882a79adb1a6970c808da16282544e5ffbf1ff29d19e7e77e8,69177f98a04e48b4bab567d179a3136a
Assets/01.Sprites/UI/Ingrediant/back.png,Assets/01.Game/03.Content/03.Crafting/01.Preparation/Ingredients/01.Sprites/back.png,b84335a5a7671e3f19dd863e135756a405c3578550fb6b1e7da4901c152e7b62,290d5152148f07c4188a2e4f064b82bb
Assets/01.Sprites/UI/Ingrediant/back_line.png,Assets/01.Game/03.Content/03.Crafting/01.Preparation/Ingredients/01.Sprites/back_line.png,8aeac84359d812742021680dce1c97e881f88e920e5547353e137a86f1dabdca,446de1e94bb012140b603b7010a77dd9
Assets/01.Sprites/UI/Ingrediant/item_back_01.png,Assets/01.Game/03.Content/03.Crafting/01.Preparation/Ingredients/01.Sprites/item_back_01.png,e5584827e26ecb265f369b8467b8578f9b0ad4966aa11c07ee60d7b0cf95006d,8561967b65d157a4f846984440ee09ec
Assets/01.Sprites/UI/Ingrediant/item_back_02.png,Assets/01.Game/03.Content/03.Crafting/01.Preparation/Ingredients/01.Sprites/item_back_02.png,9e65421ae056a1bf185c8f4df5214a441024a4c4af2f9269016ef4ac02c9fcc3,c1601da760e60e34680d7c7566b75ea2
Assets/01.Sprites/UI/Ingrediant/item_back_03.png,Assets/01.Game/03.Content/03.Crafting/01.Preparation/Ingredients/01.Sprites/item_back_03.png,f2c7d950fe66ef0d0a482327c9fe4b2327f63fadb465530a0af4e30e70e42676,8010a0d6110518a4a8579c6442023f3a
Assets/01.Sprites/UI/Ingrediant/item_back_04.png,Assets/01.Game/03.Content/03.Crafting/01.Preparation/Ingredients/01.Sprites/item_back_04.png,3583465f988e52333703e9f3779ed3a64bc823f2be666809b47f7ba78801147b,917a6c8ceb3808d408571438fc118570
Assets/01.Sprites/UI/Ingrediant/item_back_v2_01.png,Assets/01.Game/03.Content/03.Crafting/01.Preparation/Ingredients/01.Sprites/item_back_v2_01.png,2960245e4b47b1d637785f9ca2286608937f6efb438eecf245ad5c0d795e2c94,83dadfa80dbccad428262705d48b4f3d
Assets/01.Sprites/UI/Ingrediant/item_back_v2_02.png,Assets/01.Game/03.Content/03.Crafting/01.Preparation/Ingredients/01.Sprites/item_back_v2_02.png,bbecc1680f423641a537ca0d33f84dc22f76b2d2842d3b3bfc47ed9980cb9261,a27323f7132583347b0874f9cf01ee7f
Assets/01.Sprites/UI/Ingrediant/item_back_v2_03.png,Assets/01.Game/03.Content/03.Crafting/01.Preparation/Ingredients/01.Sprites/item_back_v2_03.png,0fe9ea6d0e91647ede505a45612e19bf1c01eaf2109c2f98367f931f7d9a2af1,91d3e1ac92dd59d4783ea337cc095ee2
Assets/01.Sprites/UI/Ingrediant/item_back_v2_04.png,Assets/01.Game/03.Content/03.Crafting/01.Preparation/Ingredients/01.Sprites/item_back_v2_04.png,cbebd6f518a5df45494a50bc3687e294a6dfbb3681101e682cf9254e4d8f1e8a,cfd96ae8ffc6a9949a22410ecba89e9e
Assets/01.Sprites/UI/Ingrediant/item_scroll_back.png,Assets/01.Game/03.Content/03.Crafting/01.Preparation/Ingredients/01.Sprites/item_scroll_back.png,25a00f65774ed4e032831c4d9edbde7f966d3d961227371c09145f4586ffef67,55fbc352cd0e80e4497db47d0c1bb1ca
Assets/01.Sprites/UI/Ingrediant/item_select.png,Assets/01.Game/03.Content/03.Crafting/01.Preparation/Ingredients/01.Sprites/item_select.png,a2497496aab981fbc97cf449dd7f227845e23a93a946a76ae4dcb4f6148510fa,c50594cf211aa824f9d4e4052cbe5bc1
Assets/01.Sprites/UI/Ingrediant/item_select_pressed_back.png,Assets/01.Game/03.Content/03.Crafting/01.Preparation/Ingredients/01.Sprites/item_select_pressed_back.png,04e3f99ec5d6e2bda90bd193a2624b1a87bd33cd9b20e6c89ee7abebeb86f35e,8ffd6f84a0352424d9d1bc17137065d7
Assets/01.Sprites/UI/Ingrediant/item_select_unpressed_back.png,Assets/01.Game/03.Content/03.Crafting/01.Preparation/Ingredients/01.Sprites/item_select_unpressed_back.png,e6195aa097312beabef02aa98035d229b842be8da3db20aef9399ccd7375f506,ec2eaaec1b936aa47bcd57014808fbbe
Assets/01.Sprites/UI/Ingrediant/reset_pressed.png,Assets/01.Game/03.Content/03.Crafting/01.Preparation/Ingredients/01.Sprites/reset_pressed.png,630ef2a4fd5e47ae0ca7c6f8e5610cc4a5517465b876a49317b0104897df0d97,10a9a63ccd3f6644ebf68340c0787753
Assets/01.Sprites/UI/Ingrediant/reset_unpressed.png,Assets/01.Game/03.Content/03.Crafting/01.Preparation/Ingredients/01.Sprites/reset_unpressed.png,27187d510e76465e3d190cc545ca2edcab7d3b10194bca59ba4761d5b6c534dc,e756126286527614ea27543be80ebc47
Assets/01.Sprites/UI/Ingrediant/scrollbar1.png,Assets/01.Game/03.Content/03.Crafting/01.Preparation/Ingredients/01.Sprites/scrollbar1.png,6c2fbc03ae1d40477b2940d20dc878dfa5898206cab78fc183afeac4970cdb4f,dd07d0ed9b1882f44aed2e50ba49aa4b
Assets/01.Sprites/UI/Ingrediant/scrollbar2.png,Assets/01.Game/03.Content/03.Crafting/01.Preparation/Ingredients/01.Sprites/scrollbar2.png,4cc0cab8a7d86c5b5006dfd4d7a7ec1d47a6bc5e2880fd78b43944f2f656b4ff,086a45c5fdaf200419e22b928a38af53
Assets/01.Sprites/UI/Menu/X.png,Assets/01.Game/03.Content/05.UI/03.Options/01.Sprites/X.png,85be844bb9e434ac98c8ec692a6aba59c4915d5b0dc7064694c9a1a94376a972,aac2913ce8bea8940ac603d9e6cb0df8
Assets/01.Sprites/UI/Menu/menu_arrow.png,Assets/01.Game/03.Content/05.UI/03.Options/01.Sprites/menu_arrow.png,b1a5bffeab3cb6990bbecfe536e27faf2242fe71f3f018aa2c709108101dbc6b,e7689a28580d5e44195874de539994a6
Assets/01.Sprites/UI/Menu/menu_back.png,Assets/01.Game/03.Content/05.UI/03.Options/01.Sprites/menu_back.png,0534973f0836b673b7de005cd5624ccffba928ef25211ea8a9da31468584868d,79d00650a397bc1458563dd580162366
Assets/01.Sprites/UI/Menu/menu_line.png,Assets/01.Game/03.Content/05.UI/03.Options/01.Sprites/menu_line.png,0c5824a0f714117a03b93dd63296fefb802b434f0c6e1e9e2bb7d61396855be4,b13c24bffae57d44e8b72ee5ad2beda6
Assets/01.Sprites/UI/Menu/menu_logo.png,Assets/01.Game/03.Content/05.UI/03.Options/01.Sprites/menu_logo.png,c7e939bed5a94a06cac7ecae742067f694a4360fcaa08be9227edbe8fb48093c,f0445a333e8402e4d8b1beee22cc218c
Assets/01.Sprites/UI/Menu/menu_off_button.png,Assets/01.Game/03.Content/05.UI/03.Options/01.Sprites/menu_off_button.png,bf49a148fac26acc241f5ccad3a4895a198081057196ee8fc7a8844a1b47676f,56ae36c369e0fbb448ad87cf4605be3f
Assets/01.Sprites/UI/Menu/menu_on_button.png,Assets/01.Game/03.Content/05.UI/03.Options/01.Sprites/menu_on_button.png,4c25fcbfb7d042d553cb1d4b873f8c149fc273418812e00f7afe9b37c5f3cefc,42ccb210aee9f34418dade6cefd6e5ed
Assets/01.Sprites/UI/Menu/menu_scroll_back.png,Assets/01.Game/03.Content/05.UI/03.Options/01.Sprites/menu_scroll_back.png,4fbcd62832d9a3a51b6232e97825a023385b8dcd9bd490189e426761be5c61d8,aee543ee06b6d854cb8181fd66b2c630
Assets/01.Sprites/UI/Menu/menu_scroll_button.png,Assets/01.Game/03.Content/05.UI/03.Options/01.Sprites/menu_scroll_button.png,a27d00abc2f0df4943ba0c6e99f56cbbacfad9e6c45554f32650b5d3340345ac,19d724a8d4de1234f925f8b8e9d4c0cb
Assets/01.Sprites/UI/Menu/menu_scroll_line.png,Assets/01.Game/03.Content/05.UI/03.Options/01.Sprites/menu_scroll_line.png,2285186a9de512ef7a64728cb9ee3bf0c4bdf180aa7c3f536cf082ff8719b3f5,5cddcea3b0b43344bb5c657495d57bf9
Assets/01.Sprites/UI/Menu/menu_sound_line.png,Assets/01.Game/03.Content/05.UI/03.Options/01.Sprites/menu_sound_line.png,a806f02e38aa73cf7be14249b42a19d8132f25a558a6ac343507df83a5808d53,8d39aea0c62fa8a4db210e18609509fb
Assets/01.Sprites/UI/Menu/menu_sound_line_on.png,Assets/01.Game/03.Content/05.UI/03.Options/01.Sprites/menu_sound_line_on.png,fd2731037d26be88b8920c21a5e0e33454e819da651799d9ab24bab1987f66e7,9e20bd784ba08724ca85319c32d338ea
Assets/01.Sprites/UI/Menu/가이드라인.png,Assets/01.Game/03.Content/05.UI/03.Options/01.Sprites/가이드라인.png,286d3621a929e746f34818d41a54e23dc6756cc4bf94a3504b8d4c024e4bce12,414b5e58154f277448cff0e0b393ad0a
Assets/01.Sprites/UI/MethodButton/make_icon_L-export.png,Assets/01.Game/03.Content/03.Crafting/01.Preparation/Methods/01.Sprites/make_icon_L-export.png,c0b20fdf396f903ffaca48f7b7277bdd63f505dd8f4dcb5361e21f42228f9269,f7aa3ac4e38b80945bf46fe77870719b
Assets/01.Sprites/UI/MethodButton/make_icon_M-export.png,Assets/01.Game/03.Content/03.Crafting/01.Preparation/Methods/01.Sprites/make_icon_M-export.png,60f42931bf34370e038bd7e975803a928b7165ddf72ef494b1136920bb915130,38d535a4076db0c4f8df24a03ee2940a
Assets/01.Sprites/UI/MethodButton/make_icon_R-export.png,Assets/01.Game/03.Content/03.Crafting/01.Preparation/Methods/01.Sprites/make_icon_R-export.png,bcf6fd2f37979007b7e03248403e1cf6b069594ba6e9513781462d6c0a3d175b,0ce84f3c59f38c54d8d65cbb4df7f54c
Assets/01.Sprites/UI/MethodButton/make_pressed_L.png,Assets/01.Game/03.Content/03.Crafting/01.Preparation/Methods/01.Sprites/make_pressed_L.png,3523d8bf6273c14d0f58fb2c79efb96546aa9a6efd68349d86fff80d51943dba,289f2c207bb92c748a9cdd0017d5f77f
Assets/01.Sprites/UI/MethodButton/make_pressed_M.png,Assets/01.Game/03.Content/03.Crafting/01.Preparation/Methods/01.Sprites/make_pressed_M.png,dfc0d8e2654a1ce89e4e4fce220cfecd5707874624d6658bcbb7e2e822d5a228,a924b09a8fb787048b394dcb8f3aea0f
Assets/01.Sprites/UI/MethodButton/make_pressed_R.png,Assets/01.Game/03.Content/03.Crafting/01.Preparation/Methods/01.Sprites/make_pressed_R.png,688adc7f2aa1c4641b87dfbe1f8a4fffb75dd548dd8c9cdc0ed9162bf3860463,9e58478d9aa6bbc4a863056eb4d25517
Assets/01.Sprites/UI/MethodButton/make_unpressed_L.png,Assets/01.Game/03.Content/03.Crafting/01.Preparation/Methods/01.Sprites/make_unpressed_L.png,a2b8887d53c9508cdc1d6def558ef72619b598ed79fc1d763025031a8fb53361,87785043c3ef17f458dce90c1cc460eb
Assets/01.Sprites/UI/MethodButton/make_unpressed_M.png,Assets/01.Game/03.Content/03.Crafting/01.Preparation/Methods/01.Sprites/make_unpressed_M.png,64a868dbc7acc7f42c3ae48fa3926a0c78a0125d62d627136cad0ce50007ab2c,1fe6b2ccaa928194684d0295bb1a61cc
Assets/01.Sprites/UI/MethodButton/make_unpressed_R.png,Assets/01.Game/03.Content/03.Crafting/01.Preparation/Methods/01.Sprites/make_unpressed_R.png,7f65673cec95e5b6aa295cbb81cea178e855007eca085859fb6dda29c169c310,f9c370e6a8f31a34db0d0026cee47067
Assets/01.Sprites/UI/RecipeDetail/Gauge.png,Assets/01.Game/03.Content/03.Crafting/06.Recipes/Details/01.Sprites/Gauge.png,9b7ec854dcad11adf2f6c6365208d11318a9f15023cfa3c8df6622023c2241d8,0788dba5f2d31bd49842472a79479e36
Assets/01.Sprites/UI/RecipeDetail/Gauge_back.png,Assets/01.Game/03.Content/03.Crafting/06.Recipes/Details/01.Sprites/Gauge_back.png,cdbd4a290860151228dbadef6fe7da7a8da0533023b3936e18f6e1221e68dd07,6392ef22a2b95c2459518c1bbdb2aab2
Assets/01.Sprites/UI/RecipeDetail/Gauge_line.png,Assets/01.Game/03.Content/03.Crafting/06.Recipes/Details/01.Sprites/Gauge_line.png,943e1a3f3642119562a0ca8ecb84c36c6f6d1eaaa9a4451759168e4d14c71028,e257244198c68f344a8233c678e1434a
Assets/01.Sprites/UI/RecipeDetail/arrow_under.png,Assets/01.Game/03.Content/03.Crafting/06.Recipes/Details/01.Sprites/arrow_under.png,ef721a98f03cb692a30080188616a2ba2e10e53ebb7391fa045b336d886faf13,4f03bec4c4f83ec4cbc00df3977b5b62
Assets/01.Sprites/UI/RecipeDetail/recipe_back.png,Assets/01.Game/03.Content/03.Crafting/06.Recipes/Details/01.Sprites/recipe_back.png,32f1364af93f003c3adf113c3e12947e37eb2e5037e7a8c5f7cca6153d55b74f,3616e5daaf69a0b4aa07e7a0e5f97d0b
Assets/01.Sprites/UI/RecipeDetail/recipe_back_V2.png,Assets/01.Game/03.Content/03.Crafting/06.Recipes/Details/01.Sprites/recipe_back_V2.png,73787d8e2b2775a4a46c3a7fdcdd598689b7696437fb36919ad4af7f2a892c79,8408c4c6be8884b42aab2515ffe0ccb7
Assets/01.Sprites/UI/RecipeDetail/recipe_name.png,Assets/01.Game/03.Content/03.Crafting/06.Recipes/Details/01.Sprites/recipe_name.png,002a8b48e074e9cacaa0bcf77927cf3700d6a68e9de7215f7e3d23b821ed1d63,98005a2ee0dff6048a1269edb96a0cfe
Assets/01.Sprites/UI/Shaking/Shaking_back.png,Assets/01.Game/03.Content/03.Crafting/04.Minigames/02.Shake/01.Sprites/Shaking_back.png,0604c50e99612e56e9f0810fa2428eccd8442b619b4795ca4c316771ec018621,b2dda9b9edbf8764eac35de845244060
Assets/01.Sprites/UI/Shaking/Shaking_background.png,Assets/01.Game/03.Content/03.Crafting/04.Minigames/02.Shake/01.Sprites/Shaking_background.png,58909915976712d571a0b4788e90f635edd0b94a05c9ab0f5d4f5d25cb45ecf3,dd3c1a1b954a6be4e994730cf922cf7c
Assets/01.Sprites/UI/Shaking/Shaking_circle.png,Assets/01.Game/03.Content/03.Crafting/04.Minigames/02.Shake/01.Sprites/Shaking_circle.png,ddabcf6d81bba14f793990caba8870a014083606bdbd2d565658ba29ee261c80,3e0b7182b3d715b43a2d78d8141afed3
Assets/01.Sprites/UI/Shaking/Shaking_gauge_back.png,Assets/01.Game/03.Content/03.Crafting/04.Minigames/02.Shake/01.Sprites/Shaking_gauge_back.png,a80862a65f27ad387a49fc31e2b83e6c044668e0360b4c5a64e9a31b0d8bd3f8,6864f36471346ce4dbb7f74566aa9b92
Assets/01.Sprites/UI/Shaking/Shaking_gauge_fail.png,Assets/01.Game/03.Content/03.Crafting/04.Minigames/02.Shake/01.Sprites/Shaking_gauge_fail.png,eee0fef49763261024ae2b98c1e7e582809361031e12aa3e6c5142bf5fd2af31,a5ede7779b44be74aa3ed38c9bb838b8
Assets/01.Sprites/UI/Shaking/Shaking_gauge_line.png,Assets/01.Game/03.Content/03.Crafting/04.Minigames/02.Shake/01.Sprites/Shaking_gauge_line.png,5fea49127328f9d23924b949aee3342e4043e146825e29a10a35c882dd2a37a6,4e06faf013daa2e4bb8d53ff0befc179
Assets/01.Sprites/UI/Shaking/Shaking_gauge_success.png,Assets/01.Game/03.Content/03.Crafting/04.Minigames/02.Shake/01.Sprites/Shaking_gauge_success.png,13f92a000c5fe2f011f0a8116729999df629ef9cc2eb492fff61c8accca11740,e23487ff253b51749a6fb37d68bb8d6f
Assets/01.Sprites/UI/Shaking/Shaking_line_L.png,Assets/01.Game/03.Content/03.Crafting/04.Minigames/02.Shake/01.Sprites/Shaking_line_L.png,bc5837dafddc1d72bce98244d8cd568d99c92f93f70f89550f5f2d00c5346558,6cc6822a5c7d4854ab15ec50b698ad6e
Assets/01.Sprites/UI/Shaking/Shaking_line_R.png,Assets/01.Game/03.Content/03.Crafting/04.Minigames/02.Shake/01.Sprites/Shaking_line_R.png,f455f083f6c525a89a1af78876a258991d15c14d0d9878c932830f4fc9bb00bb,ef45ddd93b805d84fb4bb39a7e184464
Assets/01.Sprites/UI/Shaking/쉐이킹 가이드라인.png,Assets/01.Game/03.Content/03.Crafting/04.Minigames/02.Shake/01.Sprites/쉐이킹 가이드라인.png,c1359241416200825a08925e7e1be071ebdae4b0073b6b6b1c24a9b1628972c5,451f40c09ce998d4785ad91c57c98e36
Assets/01.Sprites/UI/TextBubble/nametag.png,Assets/01.Game/03.Content/05.UI/01.Shared/Dialogue/01.Sprites/nametag.png,8a6a5e9fb312f68405ca794c82154723b5ff0b48144c9584d3d5d0d733cdd23e,7d06e95ec25578a44b5728d89fb7b109
Assets/01.Sprites/UI/TextBubble/textbox_arrow_L.png,Assets/01.Game/03.Content/05.UI/01.Shared/Dialogue/01.Sprites/textbox_arrow_L.png,285393f93ea88aaa31e8ee4feb3f432b7a36b734caa852ba2cfd44bb27425d81,e5e9ec66d830fc843b7f78dfafd8cf74
Assets/01.Sprites/UI/TextBubble/textbox_arrow_M.png,Assets/01.Game/03.Content/05.UI/01.Shared/Dialogue/01.Sprites/textbox_arrow_M.png,fdc7b23455578b05d2e63da3fe3e9ef00ec8661df72193aa78f520a44818b12a,043bdbdef0cc826479ab63818bc08050
Assets/01.Sprites/UI/TextBubble/textbox_arrow_R.png,Assets/01.Game/03.Content/05.UI/01.Shared/Dialogue/01.Sprites/textbox_arrow_R.png,4ec44415fd44a422c1fa69d30728b4afde53073f8aee8a6a1e38d9700f9a6bfa,9c2c11ba04a7cdb489f1b1b8440fbe37
Assets/01.Sprites/UI/TextBubble/textbox_center.png,Assets/01.Game/03.Content/05.UI/01.Shared/Dialogue/01.Sprites/textbox_center.png,40eb5a41e14becdf6e5b3663ac072964ac4a7374ffcffa62da4523e978316aaa,cc87579be7a93354882ef7a4a7182934
Assets/01.Sprites/UI/TextBubble/말풍선 외부 합쳐진 버전.png,Assets/01.Game/03.Content/05.UI/01.Shared/Dialogue/01.Sprites/말풍선 외부 합쳐진 버전.png,c6353c8f346bddca119cb4c986d33ca3f00c1d240261b22d8c51a2441e2b8e41,de071a90c3bff9b4cb61b93c2f4f053e
Assets/01.Sprites/UI/TextBubble/말풍선 합쳐진 버전.png,Assets/01.Game/03.Content/05.UI/01.Shared/Dialogue/01.Sprites/말풍선 합쳐진 버전.png,82da8297adfb19c53d8f8d1c210b9b9c96cef0bf0ed0511db7a38acab396ba86,2334e6bed172e3640a9e2457e5328a7e
Assets/01.Sprites/UI/butten.png,Assets/01.Game/03.Content/05.UI/01.Shared/01.Sprites/butten.png,e176c4476f2b6cc5b208e7566727212d0ff5710fa348e83435e57a71acf99912,40bdf2e669540924eb4bb2e6260e145e
Assets/01.Sprites/UI/choiceBox_UnSelect.png,Assets/01.Game/03.Content/05.UI/01.Shared/01.Sprites/choiceBox_UnSelect.png,b18dc5af7a874a9ebb13dbcee14138a24b691001d2a48992253b2968c074d8e2,4cffc9344fb51574baf2abdbcb2eaf5f
Assets/01.Sprites/UI/money.png,Assets/01.Game/03.Content/05.UI/01.Shared/01.Sprites/money.png,f47845f439aadf0e186f885c3ca0933aabead1e9a150486df25bca72ac467246,ab6a8108623b4b94aba892cb0efb4063
Assets/01.Sprites/UI/order/order_Line.png,Assets/01.Game/03.Content/03.Crafting/05.Serving/Order/01.Sprites/order_Line.png,c643e7d63d3cf9d84fd7c3edef62d5447937effcd6480d0a8f78e964718e08f5,f26ab4da20f27de4cb67b2cbe24fc270
Assets/01.Sprites/UI/order/order_back.png,Assets/01.Game/03.Content/03.Crafting/05.Serving/Order/01.Sprites/order_back.png,b8ca708e502797ee8f40661a6058cc63e3a3513498ba34a6bfb083062b822c08,77f49c26935a06e4f9db2e0173a97347
Assets/01.Sprites/UI/recipe/Category_Line.png,Assets/01.Game/03.Content/03.Crafting/06.Recipes/Icons/01.Sprites/Category_Line.png,7e4da68cb4b9ea532eba0fc89de8217b7990762be45fbb6202e3dfd3bc5f0520,b588961e2eed2af4483821e1959f2f1f
Assets/01.Sprites/UI/recipe/Category_not_select.png,Assets/01.Game/03.Content/03.Crafting/06.Recipes/Icons/01.Sprites/Category_not_select.png,16a3c51e56c0dbcc7900901429cfab35f74b2d6107dea4a5e6894810467d314d,80384c8d2c102894c9819ab324269512
Assets/01.Sprites/UI/recipe/Category_not_select_v2.png,Assets/01.Game/03.Content/03.Crafting/06.Recipes/Icons/01.Sprites/Category_not_select_v2.png,335c92b5a461a1b382b98e0b9fa3e5ce8c34546605ab150242d9572f847b5528,49084c4c81c138b499f4bf450f039fd0
Assets/01.Sprites/UI/recipe/Category_select.png,Assets/01.Game/03.Content/03.Crafting/06.Recipes/Icons/01.Sprites/Category_select.png,335c92b5a461a1b382b98e0b9fa3e5ce8c34546605ab150242d9572f847b5528,744409dd47122974a8ba67fa5cca5387
Assets/01.Sprites/UI/recipe/Category_select_v3 (1).png,Assets/01.Game/03.Content/03.Crafting/06.Recipes/Icons/01.Sprites/Category_select_v3 (1).png,e2061e27f5562a4a2083493a46f3b1b349afbe0509b014a154de1cedac54e3d6,95b134b920c4f024098bd8675bc1cee3
Assets/01.Sprites/UI/recipe/Category_select_v3.png,Assets/01.Game/03.Content/03.Crafting/06.Recipes/Icons/01.Sprites/Category_select_v3.png,6489a19e562f558957debc84e0811e66fddab2d9ee50df210189ab8b8dc09f3b,0a7d599135f59a54090eb9a21bfa043c
Assets/01.Sprites/UI/recipe/Line.png,Assets/01.Game/03.Content/03.Crafting/06.Recipes/Icons/01.Sprites/Line.png,acabc87d672ce9affc60f8dd384752232c3ac76694ef3e5fd89ab1c7f56cf48f,c853452743199f64cb8b04a527abf261
Assets/01.Sprites/UI/recipe/Tab_Bar_off.png,Assets/01.Game/03.Content/03.Crafting/06.Recipes/Icons/01.Sprites/Tab_Bar_off.png,4dc3007b774271185a86573cef367da68d39011258c12dff137baed02297f4b7,01b154e7523ed3846956b30802a01608
Assets/01.Sprites/UI/recipe/Tab_Bar_on.png,Assets/01.Game/03.Content/03.Crafting/06.Recipes/Icons/01.Sprites/Tab_Bar_on.png,f78c04e9a2630ed929fb99f2203a0ed41fd487d705a2dd01d923d2e49b0539a8,b20a69241c72ec64bb8ff91eabcef5f4
Assets/01.Sprites/UI/recipe/arrow_L.png,Assets/01.Game/03.Content/03.Crafting/06.Recipes/Icons/01.Sprites/arrow_L.png,5fd7dd993de95cfff440e73928240efcb923fc92d3978d25da2b9dba3a8cd72c,9195b1b9b0d9ad54a825b19d5b148e8c
Assets/01.Sprites/UI/recipe/arrow_R.png,Assets/01.Game/03.Content/03.Crafting/06.Recipes/Icons/01.Sprites/arrow_R.png,d1867d9da4601decfbf590eec4d9c86a850e1f03f7e8b0637bccb2ee1e798fb8,855d3340f1f7ff64fb23a0e162461b3f
Assets/01.Sprites/UI/recipe/back.png,Assets/01.Game/03.Content/03.Crafting/06.Recipes/Icons/01.Sprites/back.png,6040f2d24cceddca9f47307d737a837958c3d1929dc769040141b06ab9b00a0b,5e21f689176727b4fa14e09400b04c0e
Assets/01.Sprites/UI/recipe/cocktail_not_select.png,Assets/01.Game/03.Content/03.Crafting/06.Recipes/Icons/01.Sprites/cocktail_not_select.png,452b933593f5500f7afcdaafc975328948b81b9799b814c48ef3f206574c0dc0,a25d50318d9212e4e9d01f4d566a93e6
Assets/01.Sprites/UI/recipe/cocktail_not_select_Line.png,Assets/01.Game/03.Content/03.Crafting/06.Recipes/Icons/01.Sprites/cocktail_not_select_Line.png,553f1bef6f9c2a9ba5f2b0c3d57960332599559f6f717341740a6326e6e02966,250cdfee08c5ce043b8ae710bcc00c9d
Assets/01.Sprites/UI/recipe/cocktail_not_select_button.png,Assets/01.Game/03.Content/03.Crafting/06.Recipes/Icons/01.Sprites/cocktail_not_select_button.png,77f073b954b00603fdea3d139ff1c2890a3268ab3371424ab4ba9c7529d3f0d8,808e119447ad85c4ca1169eb3bc6654b
Assets/01.Sprites/UI/recipe/cocktail_select.png,Assets/01.Game/03.Content/03.Crafting/06.Recipes/Icons/01.Sprites/cocktail_select.png,0d34a4e002f965a77a0cf219f9d72e5dc7d565a32614fef3dbf1392c7a81755c,bafd04090ec633346ab16ad9f769c114
Assets/01.Sprites/UI/recipe/cocktail_select_Line.png,Assets/01.Game/03.Content/03.Crafting/06.Recipes/Icons/01.Sprites/cocktail_select_Line.png,5d3e574a798e55654b7e91a8b49a545b70ff0da2e86ae61b43db960f9233a8d1,7274ee84e1a3d784faa898a89406697f
Assets/01.Sprites/UI/recipe/cocktail_select_button.png,Assets/01.Game/03.Content/03.Crafting/06.Recipes/Icons/01.Sprites/cocktail_select_button.png,9bdfebfae00c0eebe9138d9998dc39d89263d68c4731774e804f03682885ed73,3a7c5e22eae559847a08236c929945cb
Assets/01.Sprites/UI/recipe/recipe_back.png,Assets/01.Game/03.Content/03.Crafting/06.Recipes/Icons/01.Sprites/recipe_back.png,f42993333d4d2352674034d33980d6cb83ce810cdcb47e5d7c61622c677bf095,4f54f93530b8b7947b1d56fb14b2727c
Assets/01.Sprites/UI/recipe/search_back.png,Assets/01.Game/03.Content/03.Crafting/06.Recipes/Icons/01.Sprites/search_back.png,b8b0d46eafbf7c4b410c0ac056fa89de801cefb3b68b0cfb9c8e780bfdb7eda0,b5a839ce01f3570409da1512623d1a8f
Assets/01.Sprites/UI/recipe/search_icon.png,Assets/01.Game/03.Content/03.Crafting/06.Recipes/Icons/01.Sprites/search_icon.png,9fb96e15b89d3567a4e2fcff9ffcaf9bc7ffd4e3fd458eb4d04751295c69fc76,6ca13a22808e4d1449db8e318a17525c
Assets/01.Sprites/UI/recipe/search_line.png,Assets/01.Game/03.Content/03.Crafting/06.Recipes/Icons/01.Sprites/search_line.png,beae10ffacdbbf7cc32149ea0061ba99a8e5b8a9d39862e756059dfacbd1c666,347f5c71332838a45984f94eb82d5f20
Assets/01.Sprites/UI/정산 내역/Not selected.png,Assets/01.Game/03.Content/03.Crafting/05.Serving/Settlement/01.Sprites/Not selected.png,ca7779b879cf556cf91cccb8f84a1209b5978e0d43459f7f9089701fe4ad78a2,4f5d9017d1ee63743a9fe707447293cb
Assets/01.Sprites/UI/정산 내역/Receipt_back.png,Assets/01.Game/03.Content/03.Crafting/05.Serving/Settlement/01.Sprites/Receipt_back.png,8c8c2af8e1dee9255c3cc30a7b33af1b7bb799cbf79bf2be711ae74d0c25fe84,902f06d587e90b049a56fd85ee6f6bf4
Assets/01.Sprites/UI/정산 내역/Receipt_line.png,Assets/01.Game/03.Content/03.Crafting/05.Serving/Settlement/01.Sprites/Receipt_line.png,2b74deb2870e83720d0bbbc22032447ccf95a115e4184ef26bf34642e7f447b4,3342f8572ff24394296c33ab6a60e458
Assets/01.Sprites/UI/정산 내역/Receipt_scroll_button.png,Assets/01.Game/03.Content/03.Crafting/05.Serving/Settlement/01.Sprites/Receipt_scroll_button.png,dc88db3410fa2903818a2e892a6bda36337e7a8be00c972f194e31cc0bb63035,089a34a0c0ac39d4eac62da694c2672a
Assets/01.Sprites/UI/정산 내역/Receipt_scroll_line.png,Assets/01.Game/03.Content/03.Crafting/05.Serving/Settlement/01.Sprites/Receipt_scroll_line.png,2285186a9de512ef7a64728cb9ee3bf0c4bdf180aa7c3f536cf082ff8719b3f5,adf2299472fb274459c0404dd16176fa
Assets/01.Sprites/UI/정산 내역/cocktail_Receipt_back.png,Assets/01.Game/03.Content/03.Crafting/05.Serving/Settlement/01.Sprites/cocktail_Receipt_back.png,39efba095f33775529de186f4e737eab807da8aeb497bd04f90bd605abc8cbdd,9c628bc64e7348b409a954659010f1a2
Assets/01.Sprites/UI/정산 내역/cocktail_scroll_button.png,Assets/01.Game/03.Content/03.Crafting/05.Serving/Settlement/01.Sprites/cocktail_scroll_button.png,0e248c29515cbfd30e8635b04389360d1e4f6d6508abebee62f98da363f4f529,ec6ea6636ea370f458d3040c044cc03e
Assets/01.Sprites/UI/정산 내역/cocktail_scroll_line.png,Assets/01.Game/03.Content/03.Crafting/05.Serving/Settlement/01.Sprites/cocktail_scroll_line.png,68039e2133130355240428d9ce6a19c991932a4727ffadc4b351956c0d262878,e5f39e7119a82774d9fe7082ac173fed
Assets/01.Sprites/UI/정산 내역/minus.png,Assets/01.Game/03.Content/03.Crafting/05.Serving/Settlement/01.Sprites/minus.png,913eae86f8c856c1bb4ec70f93b0117adb67f4fbec3dd8cf9e05b43fa838a99d,67afab0b0c031fd4db7b28f994fdfbb2
Assets/01.Sprites/UI/정산 내역/plus.png,Assets/01.Game/03.Content/03.Crafting/05.Serving/Settlement/01.Sprites/plus.png,a265900480dc64df47dce901566c0b321892a8f3983483e50c4970da2996405a,b183268e53766db4fa446153161c07e2
Assets/01.Sprites/UI/정산 내역/sales_history_back.png,Assets/01.Game/03.Content/03.Crafting/05.Serving/Settlement/01.Sprites/sales_history_back.png,bab2df30b12f84e42a0a7e615c1fd4b49f8b1138097ebc06f7195b301ee719b4,5777d83a5b9cee545aec922e9bd6bfcd
Assets/01.Sprites/UI/정산 내역/sales_history_box.png,Assets/01.Game/03.Content/03.Crafting/05.Serving/Settlement/01.Sprites/sales_history_box.png,61a8b1921c26bc17ef77b7c5345510916f3db4383759723a28195594fc3ae4d5,53845e340f641df4385dd210e427f4e3
Assets/01.Sprites/UI/정산 내역/select.png,Assets/01.Game/03.Content/03.Crafting/05.Serving/Settlement/01.Sprites/select.png,a04fc36ea09e6b58e32304dc70ba6dbd44505889204c0e9cf7bd7f4610bc4c53,b5989d9b14f43774db17a3e1eaf1a546
Assets/01.Sprites/UI/정산 내역/가이드라인.png,Assets/01.Game/03.Content/03.Crafting/05.Serving/Settlement/01.Sprites/가이드라인.png,223537e80bda25688be770b946319aafe09e26cc36d981597253e2a23c96d55c,50a0499cbf1bb0f418db48ef9e4c2682
Assets/01.Sprites/UI/히스토리/history_back.png,Assets/01.Game/03.Content/05.UI/01.Shared/History/01.Sprites/history_back.png,82d5c1a62839a32c840fd0209bee1eaf993f97bd27e17096da4ccfecdec93d1d,a226dea00a020894d8dfe3aa77ab7ddf
Assets/01.Sprites/UI/히스토리/history_main_back.png,Assets/01.Game/03.Content/05.UI/01.Shared/History/01.Sprites/history_main_back.png,703a59af4a71288a2a62239644704f78ab867da30bc7e8fd0dce85852fd45538,eb08b91f98074064898085bf6ebb147b
Assets/01.Sprites/UI/히스토리/history_scroll_button.png,Assets/01.Game/03.Content/05.UI/01.Shared/History/01.Sprites/history_scroll_button.png,1f2c72539bc72e62cec83ad8f6a39b6d589d548b63f4f6921dfa6184b52781d9,b0c7d5d810aaedd42b822d5555a88e10
Assets/01.Sprites/UI/히스토리/history_scroll_line.png,Assets/01.Game/03.Content/05.UI/01.Shared/History/01.Sprites/history_scroll_line.png,ce5a3a7521e58ac57238949d66f180c375813d9272d827f578eb18ca57c245ac,c5ae3c36dd1f07b41a2d1f087a2da4d2
Assets/01.Sprites/UI/히스토리/tap_select_back.png,Assets/01.Game/03.Content/05.UI/01.Shared/History/01.Sprites/tap_select_back.png,703a59af4a71288a2a62239644704f78ab867da30bc7e8fd0dce85852fd45538,d9f70d7703a33e143870e1d8b2863c37
Assets/01.Sprites/UI/히스토리/tap_select_butten.png,Assets/01.Game/03.Content/05.UI/01.Shared/History/01.Sprites/tap_select_butten.png,573dacf36e58b97fa9b333cf21effc8077786b1d9595aaa5c1ee20295598f53f,4dbdeef002305c44b9e769e908ce4ffd
Assets/02.Animations/CH/Luna_Idle.anim,Assets/01.Game/03.Content/01.Characters/01.Luna/02.Animations/01.Clips/Luna_Idle.anim,e4eb90635a5e92f83e9c8285f79f8767898b8a35891d77e63ef4a8a5d02a5318,f199118c428913749a5c393693428af4
Assets/02.Animations/CH/Luna_Run.anim,Assets/01.Game/03.Content/01.Characters/01.Luna/02.Animations/01.Clips/Luna_Run.anim,1a4bd416fdd5e1d204ef5e76d10b035fa43b5af4100262af9f345dcf4eec32b5,86efc99976ef7e946b607b8d3c0734fd
Assets/02.Animations/CH/Luna_Walk.anim,Assets/01.Game/03.Content/01.Characters/01.Luna/02.Animations/01.Clips/Luna_Walk.anim,d614031e72dcde01dc276db9afd71c436dda78355fa786c75fed5994fd7d3952,13f097a01323cf74ea7ce114e891eb2b
Assets/02.Animations/CH/luna_v2-idle_Sheet_0.controller,Assets/01.Game/03.Content/01.Characters/01.Luna/02.Animations/02.Controllers/luna_v2-idle_Sheet_0.controller,b53b6950fd4cd5e1d2c4a189bd95e7058ebbc53e9157075a1700ae12391bb058,cd0a481388f6372469a98fc5ec7603ce
Assets/02.Animations/CH/luna_v2-run_Sheet_0.controller,Assets/01.Game/03.Content/01.Characters/01.Luna/02.Animations/02.Controllers/luna_v2-run_Sheet_0.controller,16568953ea62b54ec654bcb67faa371b5588f327535004c82589773a440d8498,4058bcd98f6efae4b9c591800b6c46ad
Assets/02.Animations/CH/luna_v2_walk_Sheet_0.controller,Assets/01.Game/03.Content/01.Characters/01.Luna/02.Animations/02.Controllers/luna_v2_walk_Sheet_0.controller,7497dcc2455a3560dbf54e2cab9050058a49111a517c4c501fce653fc28a5a09,5995a07c526e68a4dbbbcdc68c37db76
Assets/02.Animations/Controller/CH.controller,Assets/01.Game/03.Content/09.Shared/02.Animations/02.Controllers/Controller/CH.controller,c092b7d5fdd4ef38000c43b00e7b1133e7012d8a223f175e8de202375982aacc,a0df5cdeaca9c8340b60548c8ee15828
Assets/02.Animations/Controller/SpriteAnim.controller,Assets/01.Game/03.Content/09.Shared/02.Animations/02.Controllers/Controller/SpriteAnim.controller,97c4f5164eb2d76b788c8276da152bc0fbbd5cd3c47117a33c0a6fe8528fc155,7a99b78cd3499ac4abfeeb755f990b96
Assets/02.Animations/EffectNode.anim,Assets/01.Game/03.Content/09.Shared/02.Animations/01.Clips/EffectNode.anim,55dffc27d029a4cf45744ad9027df9503ea29a7f86b31b4d1123d09fce7ecba6,7601100737862164696cfc21d6c696a2
Assets/02.Animations/Placeholders/Dialogue.anim,Assets/01.Game/03.Content/09.Shared/02.Animations/01.Clips/Placeholders/Dialogue.anim,328245a8304403e1e1838303268f4d39664153cf3320281e19735b445d4bbe99,b5a1ce22359b0ff40bf705713d51c9a9
Assets/02.Animations/Placeholders/Intro.anim,Assets/01.Game/03.Content/09.Shared/02.Animations/01.Clips/Placeholders/Intro.anim,78afc229ac91619057b42da2503c75117572883dbe5606a70d25f9ca18fc3670,a73ba8e8211bc054f96a207549b5e022
Assets/02.Animations/Placeholders/Loop.anim,Assets/01.Game/03.Content/09.Shared/02.Animations/01.Clips/Placeholders/Loop.anim,68c859bd0900e392828239dfbad245bb28ad9936cd6dbc9e121c86fd0ce011ff,d559152e3d6fbfc48a9ab6e6a707422f
Assets/02.Animations/Placeholders/SpriteAnim.anim,Assets/01.Game/03.Content/09.Shared/02.Animations/01.Clips/Placeholders/SpriteAnim.anim,6f0ab9456f706543e83559c7da879272f1c31a894f0e0bee529be2050be72926,e9afcb7378fd7c243bf38a282ffef96d
Assets/02.Animations/Shake/ShakeBottom.anim,Assets/01.Game/03.Content/03.Crafting/04.Minigames/02.Shake/02.Animations/01.Clips/ShakeBottom.anim,789cda65dfa0687dad47821188e7a0058c53783e3981af4e7756503fb51bb998,1e195787a5eb52948a4a0c096b816630
Assets/02.Animations/Shake/ShakeTop.anim,Assets/01.Game/03.Content/03.Crafting/04.Minigames/02.Shake/02.Animations/01.Clips/ShakeTop.anim,67d926aed144560d14e15a51206e863e8e76eb1b37171beafe97fce829155b83,d31c42375e0ccb545ae907f14c766ba4
Assets/02.Animations/Shake/shake_0.controller,Assets/01.Game/03.Content/03.Crafting/04.Minigames/02.Shake/02.Animations/02.Controllers/shake_0.controller,975c82a06d7bf983dac27878ae1d5a02046bf9af2a001d2a8d429e14b8303ce2,2d8d40119ad79c648b1c19ee8c5a16d4
Assets/02.Animations/Shake/shake_4.controller,Assets/01.Game/03.Content/03.Crafting/04.Minigames/02.Shake/02.Animations/02.Controllers/shake_4.controller,6ac227472040aadc79cd883c9ffffa408fa10f7c4c46f8b0668ad6c52ebc6d18,4c65ff8c59cc2b44ca2928c111664598
Assets/02.Animations/ShakingCH.controller,Assets/01.Game/03.Content/03.Crafting/04.Minigames/02.Shake/02.Animations/02.Controllers/Character/ShakingCH.controller,1b05863424c4e98b2b04e50c37e3846a308e8c4b7c0780fbb3fc6784015436d5,2ffe96236fcbe474e82f3d0e98945863
Assets/02.Animations/Stir/New Animation.anim,Assets/01.Game/03.Content/03.Crafting/04.Minigames/03.Stir/02.Animations/01.Clips/New Animation.anim,5e578a1a0c038629c9641788646172f07f0500745b30afc8286b180881a49e36,7a7ed730ecd5e224f8be47e936d11000
Assets/02.Animations/Stir/stir_Sheet_0.controller,Assets/01.Game/03.Content/03.Crafting/04.Minigames/03.Stir/02.Animations/02.Controllers/stir_Sheet_0.controller,61282d99f79e7192c29c0c7becaa9262fdbfba66bddc6f3a50d47f0590fb0af6,9b11eb7e0d2502247a92b0c113779c7a
Assets/02.Animations/shake Loop.anim,Assets/01.Game/03.Content/03.Crafting/04.Minigames/02.Shake/02.Animations/01.Clips/Character/shake Loop.anim,bce6b98fcf0f75310c5d68b69a08733a1cb3f2d3bd292e3826370082aa397032,a578d6c0f54f12542a3b1f0312c8c301
Assets/02.Animations/shake.anim,Assets/01.Game/03.Content/03.Crafting/04.Minigames/02.Shake/02.Animations/01.Clips/Character/shake.anim,2bd42f82a547a277eff8ef8cfad37f0baad39545390605cd20ef6079e6887742,ff4b011aa92a5904eb65b302d5475223
Assets/02.Animations/shake_0.controller,Assets/01.Game/03.Content/03.Crafting/04.Minigames/02.Shake/02.Animations/02.Controllers/Character/shake_0.controller,3649b0d3411fdc429f7d223bced42240610eafde03b091f02f6780822641e5ac,145139d37094a6343bfeda60b4ee7533
Assets/02.Animations/스터 노드_0.controller,Assets/03.Dev/02.Content/01.Minigames/Stur/02.Animations/02.Controllers/스터 노드_0.controller,ab96ad72a72f87ba23357407b305056b8ab80be41924873d954517275b5e6ede,a0e43ecc66226664baac0c60b437f6ea
Assets/03.Scripts/Camera/CameraControllerNew.cs,Assets/01.Game/02.Scripts/05.Presentation/01.Camera/CameraControllerNew.cs,1a0d757624138b4048b1bcca5c68c544c220637172d6bd427b8eae81e68f6f6b,a1e174c7a1fcc924d8518b3e122be537
Assets/03.Scripts/Camera/ICameraControlNew.cs,Assets/01.Game/02.Scripts/05.Presentation/01.Camera/ICameraControlNew.cs,836a4400dc9909618fb5abddfd8c5d8fafb47f4ac197fc5a06aa189ba6b99036,e25c3be9168c8584ba32f6de4680a0ad
Assets/03.Scripts/Camera/ICameraImpulse.cs,Assets/01.Game/02.Scripts/05.Presentation/01.Camera/ICameraImpulse.cs,c5667708596662ae67fc91f4ae271dc35e749641dd793ca916a8f2d317e7ab67,7fe1913b56e748b9a2090d57418a2f2e
Assets/03.Scripts/Camera/ISlotCamera.cs,Assets/01.Game/02.Scripts/05.Presentation/01.Camera/ISlotCamera.cs,f682c0c068444df15ce3d4c33964c61c9439eee81748ba418362aa6cb55feebe,f01c500b47f030447b5af156677bc901
Assets/03.Scripts/Camera/PlayCamera.cs,Assets/01.Game/02.Scripts/05.Presentation/01.Camera/PlayCamera.cs,290588b925d96d685d8f3f3dc3ff4482224cbfb477459962dad83ad2bb70625e,5fde2915d75c37e4db2ca6b962db17a9
Assets/03.Scripts/Camera/ResolutionZoomTest.cs,Assets/03.Dev/03.Scripts/02.Camera/ResolutionZoomTest.cs,bd5607386c07f3e7339ac327cb5fea43688c0a403ae574f43abbe3c08ca51eef,1d21ee671f518dd4ca71b33b954d677a
Assets/03.Scripts/Camera/VerticalCameraImpulse.cs,Assets/01.Game/02.Scripts/05.Presentation/01.Camera/VerticalCameraImpulse.cs,7beb0e9ba1eae67022565b7f09239ff38458419deea447682f6f9d7a1488e432,d012f27d183e4d68b7b8eea34cfd907c
Assets/03.Scripts/Craft/BuildManager.cs,Assets/01.Game/02.Scripts/04.Features/01.Crafting/01.Preparation/BuildManager.cs,20cddf029ab0de3ff10b3ec032a3120c474bdcaa7fa86ec91f8ffe295be3b4dc,3d1a1721c8d800f44a6cdb7f0c663494
Assets/03.Scripts/Craft/CraftRetry.asset,Assets/01.Game/04.Data/03.Events/Craft/CraftRetry.asset,03e3ee9c5a7e71b612bb743a4062d5c29b1a5de3cc7b62a127cd852c004b16df,567d4490167cd444eaab0c4a9bb69293
Assets/03.Scripts/Craft/CraftServe.asset,Assets/01.Game/04.Data/03.Events/Craft/CraftServe.asset,65cc3dcbf53fb504610f31f4859ee1d52d4f01463d3a4448a4bf33f9d28facf4,9889cf706de564f4193623b3420ad0d7
Assets/03.Scripts/Craft/CraftStationData.cs,Assets/01.Game/02.Scripts/04.Features/01.Crafting/02.Flow/CraftStationData.cs,2121f2c1437114b69216c3087152e6b774c5ace0c29f31579a564ac9f8c3364d,d739858d8cf886c4590a5a1421572d76
Assets/03.Scripts/Craft/IMiniGameController.cs,Assets/01.Game/02.Scripts/04.Features/02.Minigames/01.Shared/IMiniGameController.cs,834f5d748c77b1a7e4d378c667f228a26035c5f34b03aed629d0e84f7ae2cff8,b689494503e5d404b99bf630be10b581
Assets/03.Scripts/Craft/Loop/ActualCraft.cs,Assets/01.Game/02.Scripts/04.Features/01.Crafting/02.Flow/ActualCraft.cs,4019f72cfc4bc28e4d87e15d382d089f75c484108c01c8410e0601228b288509,58359987d1027e74695b8e08bb355c1d
Assets/03.Scripts/Craft/Loop/CocktailUnlockPolicy.cs,Assets/01.Game/02.Scripts/04.Features/01.Crafting/03.Judgement/CocktailUnlockPolicy.cs,854d6bf671bcf406cbeb4dc8b92c2df37d226f3d8f30311fd9434f12163d25c4,d682a52dc9dc46c986ead3ae80e81c92
Assets/03.Scripts/Craft/Loop/CraftContext.cs,Assets/01.Game/02.Scripts/04.Features/01.Crafting/02.Flow/CraftContext.cs,43410750bd1f205dfb4798ab25649f6572aa6dfb2ed818eab5a629c6f3633f3b,cf2f9815806848f2919b2fe065f1cd07
Assets/03.Scripts/Craft/Loop/CraftEnums.cs,Assets/01.Game/02.Scripts/04.Features/01.Crafting/02.Flow/CraftEnums.cs,2c3fe737059b7828663b3a466868004270dc31463f0480fb2387594b508ea1fd,721a14e3534702c408b8d508ed3a98bb
Assets/03.Scripts/Craft/Loop/CraftFlowController.cs,Assets/01.Game/02.Scripts/04.Features/01.Crafting/02.Flow/CraftFlowController.cs,5783d4210c5af09bbe377ef656db56a542c75b07a5e6b23ac3b0a50f40a7ac3b,7af2b58ad537ed74a987dff4b06d1b8d
Assets/03.Scripts/Craft/Loop/CraftGimmickHud.cs,Assets/01.Game/02.Scripts/04.Features/01.Crafting/05.UI/CraftGimmickHud.cs,922c3d7d5982e8e5c0e3a88707600b58d6b0923e9cfa193ae5655c028f91211f,a681f173da2daf948b8be2b839202aab
Assets/03.Scripts/Craft/Loop/CraftGimmickInputRouter.cs,Assets/01.Game/02.Scripts/04.Features/01.Crafting/02.Flow/CraftGimmickInputRouter.cs,1b55be18b702dd9a2f59c40f2c4bef279bf1ece1ad5efd24bf9c800812b16120,62c7e9717ef945a08c7c58953218920d
Assets/03.Scripts/Craft/Loop/CraftGimmickStage.cs,Assets/01.Game/02.Scripts/04.Features/01.Crafting/02.Flow/CraftGimmickStage.cs,fc74b4f45105cdfab8545a33327f0b3eb57f90e6f59464bef6abbdf15e0fc1fc,dcab723ea71becd47a9c9436d89af2a6
Assets/03.Scripts/Craft/Loop/CraftJudge.cs,Assets/01.Game/02.Scripts/04.Features/01.Crafting/03.Judgement/CraftJudge.cs,3a7d9a5557371c9a5a10157b6d4e261cf98339feb54c3dd1112c9f576d6a4ca7,3a9a7c950ce80464cae7bfadc2741822
Assets/03.Scripts/Craft/Loop/CraftJudgement.cs,Assets/01.Game/02.Scripts/04.Features/01.Crafting/03.Judgement/CraftJudgement.cs,c4ec35f0974b2aea7e168c3b180c0fdd4baf70b53b3d203e0773c9fd219ffd9c,c46e41a8f408a664190c0c0f271047a4
Assets/03.Scripts/Craft/Loop/CraftPrepInfoHotspot.cs,Assets/01.Game/02.Scripts/04.Features/01.Crafting/01.Preparation/CraftPrepInfoHotspot.cs,ff6881cc5bc37151bebe26c3702f847a04bbb1e21c30af812bffb68cecf36e32,f3f945842a75b8445a3b8f52ac6e6cde
Assets/03.Scripts/Craft/Loop/CraftPrepItemTooltip.cs,Assets/01.Game/02.Scripts/04.Features/01.Crafting/01.Preparation/CraftPrepItemTooltip.cs,83033a3ec711e74dc1a3ff8b5ebcabe0e82cbbec74bcce83228eb5cd577a28a5,7875326d75771c04b8eb111e5caf3696
Assets/03.Scripts/Craft/Loop/CraftPrepShelfSlot.cs,Assets/01.Game/02.Scripts/04.Features/01.Crafting/01.Preparation/CraftPrepShelfSlot.cs,45b7e920f50f6422e40b694b581bc0766222b43cad08c5859f09e8e55f06f7f5,2a86f7b820abe8447883197e2fe56da3
Assets/03.Scripts/Craft/Loop/CraftPrepStageHost.cs,Assets/01.Game/02.Scripts/04.Features/01.Crafting/01.Preparation/CraftPrepStageHost.cs,baa2ca14b5d80eddf9b547b4bde55289deaead1f1986d7529c46527737448a2b,f9b52341c98f05f409ddda4cbbac857b
Assets/03.Scripts/Craft/Loop/CraftPrepStageScreen.cs,Assets/01.Game/02.Scripts/04.Features/01.Crafting/01.Preparation/CraftPrepStageScreen.cs,3df0e550580e6f3d84831e56c1267a593d74699c253cfa17f621712de7b55661,cbaa019b450089b429f031ee8d0f94b8
Assets/03.Scripts/Craft/Loop/CraftPrepTrayItem.cs,Assets/01.Game/02.Scripts/04.Features/01.Crafting/01.Preparation/CraftPrepTrayItem.cs,1a0c4debe3f593b380ddbb008f6c7512364862589c3ada2c74a81448ff71b20a,bbca5d3aa68662442970e44d33a2e79a
Assets/03.Scripts/Craft/Loop/CraftPreparation.cs,Assets/01.Game/02.Scripts/04.Features/01.Crafting/01.Preparation/CraftPreparation.cs,b858717e7627b14fd52dc4cbdb03092f179108181047e3a0b603c19c30db3706,9c192c604bd448a49219d1ba480b03a4
Assets/03.Scripts/Craft/Loop/CraftPreset.cs,Assets/01.Game/02.Scripts/04.Features/01.Crafting/02.Flow/CraftPreset.cs,0fc4bba22aff090e03f13a854913d5e2e65d2b602c0cd79860f80ded02685adb,3496f062eb08b73488bdca035ef5109b
Assets/03.Scripts/Craft/Loop/CraftServingView.cs,Assets/01.Game/02.Scripts/04.Features/01.Crafting/04.Serving/CraftServingView.cs,fa5084c6e9d991b9fc19ac3598d8c47272327d26f97587b3be2198a80b12d9d2,4a288ff8c83d76f4da6b4bd49462a0e8
Assets/03.Scripts/Craft/Loop/CraftSession.cs,Assets/01.Game/02.Scripts/04.Features/01.Crafting/02.Flow/CraftSession.cs,7d3d94a4a1b134991c469456136faef08e3e5b1ab1f11d6b5e5dae89c16dced9,98984c38c1758784c89380b83ff97b97
Assets/03.Scripts/Craft/Loop/CraftShelf.cs,Assets/01.Game/02.Scripts/04.Features/01.Crafting/01.Preparation/CraftShelf.cs,c0b250904c8e3c827df6995efbeb61caa975db72b032049fa42d2f70b6db0201,59a7d501c57e4e0cb6be7bc1c04a83bb
Assets/03.Scripts/Craft/Loop/CraftTimer.cs,Assets/01.Game/02.Scripts/04.Features/01.Crafting/02.Flow/CraftTimer.cs,5cc1ea9cc52c8a5ae6969d313d15958f795367571135c4f9f89bccd517483a94,71e39ada7eea6224fb0067376d3f815f
Assets/03.Scripts/Craft/Loop/CraftedDrink.cs,Assets/01.Game/02.Scripts/04.Features/01.Crafting/02.Flow/CraftedDrink.cs,fff920f72da163e90176e80b024a1f56f49d063c6ce6d23d132163796860fbee,0b261fdbf4ca26a45b816d21781f74c7
Assets/03.Scripts/Craft/Loop/ECraftHudPart.cs,Assets/01.Game/02.Scripts/04.Features/01.Crafting/05.UI/ECraftHudPart.cs,5af14a69cc8d42c2b5e537b68a8d113106c2e1115b85a02cc6e0cd5f763f4f3a,4cfc50a2938383844ac5c137561b0add
Assets/03.Scripts/Craft/Loop/GimmickQueueBuilder.cs,Assets/01.Game/02.Scripts/04.Features/01.Crafting/02.Flow/GimmickQueueBuilder.cs,d7c056388dd700e0862f1c6c37d3192c15da28bef4b3a7cf6044a5ef1a4780b7,901e8d6969bd77b43ba8faa9957fa0ed
Assets/03.Scripts/Craft/Loop/GimmickResult.cs,Assets/01.Game/02.Scripts/04.Features/01.Crafting/02.Flow/GimmickResult.cs,200938db232e6932af03b6d83b9e28b19eac6afad1ee0ed37665573b33683441,219a3dbe23ecc484fbee669d6118c2fe
Assets/03.Scripts/Craft/Loop/GimmickRunner.cs,Assets/01.Game/02.Scripts/04.Features/01.Crafting/02.Flow/GimmickRunner.cs,9b8d548e1ca041f53424820fe3a70ab0a30e29157ef6c6c2dcb145c1ec45dd0c,6b3368c722fee174f809e1e41e51f96c
Assets/03.Scripts/Craft/Loop/GimmickStep.cs,Assets/01.Game/02.Scripts/04.Features/01.Crafting/02.Flow/GimmickStep.cs,484d8631764c042b9612231ab057b4c6b86cbf749917f8a2d255b56b73d25129,72338c314b33bf542aa73f2765495ac4
Assets/03.Scripts/Craft/Loop/ICraftExecutor.cs,Assets/01.Game/02.Scripts/04.Features/01.Crafting/02.Flow/ICraftExecutor.cs,f4737a3267262fa4077067347bb431622132c0bc62db9e12ec930cda68e98477,577a77b8422141f881fea2320cd505e9
Assets/03.Scripts/Craft/Loop/ICraftGimmick.cs,Assets/01.Game/02.Scripts/04.Features/01.Crafting/02.Flow/ICraftGimmick.cs,236f44bc127ebddcde1732cf429ecd49ad7bfc32b7e9796fd022136366c9ed4d,c3a633ed6c6aa504b872de09397552e2
Assets/03.Scripts/Craft/Loop/ICraftGimmickProgress.cs,Assets/01.Game/02.Scripts/04.Features/01.Crafting/02.Flow/ICraftGimmickProgress.cs,116dbc3a6de30e62e1537008c3d63b4b335143945d2d0ec0b76bb95117f9c67a,8d9f847b6df769e4f8350a96dbe74541
Assets/03.Scripts/Craft/Loop/IOrderPresentation.cs,Assets/01.Game/02.Scripts/04.Features/01.Crafting/04.Serving/IOrderPresentation.cs,ecb7d242bfa098430c604e13b144428ca200755ab99480a3044b3dee8c6f54d5,ae6a4e4b836349bba04a192974000003
Assets/03.Scripts/Craft/Loop/OrderRequest.cs,Assets/01.Game/02.Scripts/04.Features/01.Crafting/04.Serving/OrderRequest.cs,bb7ecbda367c217c1512264eaac333b957f7c525c0420b6e7312076383b1546c,ae6a4e4b836349bba04a192974000000
Assets/03.Scripts/Craft/Loop/OrderRequestController.cs,Assets/01.Game/02.Scripts/04.Features/01.Crafting/04.Serving/OrderRequestController.cs,76401cf7ae999b34305864cee2851e6c0a688fa31353ef8fdfd3e9b8c82716c0,ffbf489293c948f3b20f30d01d5463c7
Assets/03.Scripts/Craft/Loop/RecipeNote.cs,Assets/01.Game/02.Scripts/04.Features/01.Crafting/05.UI/RecipeNote.cs,1678989a091fbebbd47110f159eed7ec1c62a757d346db1ce0e266dafeb74037,68ffd36fa4884bc6b6010ab97fcf8863
Assets/03.Scripts/Craft/Loop/ServeProcessor.cs,Assets/01.Game/02.Scripts/04.Features/01.Crafting/04.Serving/ServeProcessor.cs,e4994019715da65bbaa1a21c9f27014fad3957a89ac2b5f8f8a45cce6ac883f9,ae6a4e4b836349bba04a192974000002
Assets/03.Scripts/Craft/Loop/ServeResult.cs,Assets/01.Game/02.Scripts/04.Features/01.Crafting/04.Serving/ServeResult.cs,0d4ec98be3dbb31bf2d5ff546ad92928434f042aef0f6b28e53cf3580398a1d4,ae6a4e4b836349bba04a192974000001
Assets/03.Scripts/Craft/UI/Money/CheckSettlement.asset,Assets/01.Game/04.Data/03.Events/Craft/UI/Money/CheckSettlement.asset,eae6c70332bd92666fff24b714abd9c7de5be1845e65444672f8b05037770615,ff747ef33a792174bbb0c628ec978b46
Assets/03.Scripts/Craft/UI/Money/CurrencyGainText.cs,Assets/01.Game/02.Scripts/04.Features/01.Crafting/05.UI/Money/CurrencyGainText.cs,07c0b4797ff47c57c09c0d1132ef962bf083e7fb86aff04abcdf0b6200b16dc7,04d531f9854f8724ab2746208d124c94
Assets/03.Scripts/Craft/UI/Money/OnAddMoney.asset,Assets/01.Game/04.Data/03.Events/Craft/UI/Money/OnAddMoney.asset,f5f3d6fc70f8fbbd92ac5588dec5ebe3b42d6f4ab72191f7ca37da9967ba0fc6,a3db46225824869438f78f503f217115
Assets/03.Scripts/Craft/UI/Money/OnSetMoney.asset,Assets/01.Game/04.Data/03.Events/Craft/UI/Money/OnSetMoney.asset,92d3a4d58e7e9edb54a1df5a652f22a10c1ffa6f84902a1f6f2024e321324957,e5505e2ecd4dd134a95d14a55373c1bc
Assets/03.Scripts/Craft/UI/Money/OnSettlementUI.asset,Assets/01.Game/04.Data/03.Events/Craft/UI/Money/OnSettlementUI.asset,7f2f62e7142b9c1faa9c4dc420fcc79bb598e7d774e1e4fd078669a6ac959dcc,346b8f58b38d03549bf1022f14637c40
Assets/03.Scripts/Craft/UI/Money/PlayerSettlement.asset,Assets/01.Game/04.Data/02.RuntimeCaches/Player/PlayerSettlement.asset,b671d36478b6cb8b984e070e11feaa817316c8974b4a1c609016b412f4fb4db0,d7bfd6084898ec64eb9a4bc456e17683
Assets/03.Scripts/Craft/UI/Money/SettlementRow.cs,Assets/01.Game/02.Scripts/04.Features/01.Crafting/05.UI/Money/SettlementRow.cs,249dfe81640591c1f8ce570993d4791a3d1414c1db8a386afa3ae1ee46bac0bd,59f6512f1517c2940ac4e9618c7f94bd
Assets/03.Scripts/Craft/UI/Money/SettlementSection.cs,Assets/01.Game/02.Scripts/04.Features/01.Crafting/05.UI/Money/SettlementSection.cs,3e698f93244ee06eacaec0aab30d77096abb3f141cc87467ab7da81efb48af57,8de2f0aeabfccc0499101996205eb95e
Assets/03.Scripts/Craft/UI/Money/UICashPanel.cs,Assets/01.Game/02.Scripts/04.Features/01.Crafting/05.UI/Money/UICashPanel.cs,0fe1e4b860730aceb73ee7e5e2f4caf6c2f11edaec7eff567860c55dbdb496ca,04371faf287be0243871c14bb35bc8c1
Assets/03.Scripts/Craft/UI/UIContentsSpacer.cs,Assets/01.Game/02.Scripts/04.Features/01.Crafting/05.UI/UIContentsSpacer.cs,2db79e47d64983ffb89e95dfdd46472a60126efcb894d9044a7c0f48bd732e6a,218c07e0972ba864b8201e47bf7b2ef8
Assets/03.Scripts/Craft/UI/UIContentsText.cs,Assets/01.Game/02.Scripts/04.Features/01.Crafting/05.UI/UIContentsText.cs,e9e35f1fc200983a594937887d641547711223d956f9e511b7eb8ea2034d32f6,268c74dbed917db40982b0204db4bc9b
Assets/03.Scripts/Craft/UI/UIIngredientSlot.cs,Assets/01.Game/02.Scripts/04.Features/01.Crafting/05.UI/UIIngredientSlot.cs,b91f5ae67b6e8f59a7d4e2265d416fc1285b048e97e38a68136399efb8ee907c,c20265484b6538b48a7d434134bc8afa
Assets/03.Scripts/CraftLiquidData.asset,Assets/01.Game/04.Data/01.Definitions/Crafting/CraftLiquidData.asset,af43434ebcf8d555ff172f948005e0a3f55d40ce9037e1eaad3a9c58760b7b52,9adfd027eac18164599ebb3b861f2d12
Assets/03.Scripts/CrowFlee.cs,Assets/01.Game/02.Scripts/04.Features/07.Outside/Environment/CrowFlee.cs,fe5e26b91278470e9167b92d341f72d259d0e1e4163145c10b8d47c4a070b849,01cf11acc8c0b3f459224a3ab68501e3
Assets/03.Scripts/Cutscene/CutSceneAnchor.cs,Assets/01.Game/02.Scripts/04.Features/06.Cutscenes/CutSceneAnchor.cs,17568e5886ca3610b693d35a1556078cfbb793b27147f18bde9bb75ed44293f3,c39a7e81b5624fd2ae03917c6d4f8b25
Assets/03.Scripts/Cutscene/CutSceneTimelineTypes.cs,Assets/01.Game/02.Scripts/04.Features/06.Cutscenes/CutSceneTimelineTypes.cs,694265734e37c71608fdfe96ce5dca1cbb142b55a08d35ed7e601198d29e8758,a58c3f4d7e9b41c6bd2807e5194af3d1
Assets/03.Scripts/Cutscene/CutsceneManager.cs,Assets/01.Game/02.Scripts/04.Features/06.Cutscenes/CutsceneManager.cs,f203dc9746bb3b90c5455f9a335debbce5d9a349d55e862f649056cb4bffe148,2bb05468e2a26fd41bdedcab8aa608b3
Assets/03.Scripts/Cutscene/ICutScenePlayer.cs,Assets/01.Game/02.Scripts/04.Features/06.Cutscenes/ICutScenePlayer.cs,5c6c11a0e9b899e98384232f8c6866dee55c2df864431750ef2b63173d1260e5,95833599be71fc94cb2bbb0d1f19a395
Assets/03.Scripts/Cutscene/IEffectPlayer.cs,Assets/01.Game/02.Scripts/04.Features/06.Cutscenes/IEffectPlayer.cs,97c186cfa1d843692c97b55848e9b7dfffd1da72350cae6725c44f376379183e,9e7363b46fee82044a57f91563064c5a
Assets/03.Scripts/Cutscene/ITimeLinePlayer.cs,Assets/01.Game/02.Scripts/04.Features/06.Cutscenes/ITimeLinePlayer.cs,e8450f49cdedce7275dc7923c2c8121a63323b99911c3657baeda2024882a4c5,e5fd0c13e82db2e40af619f8edc15d4f
Assets/03.Scripts/Cutscene/Outside Timeline/CutsceneDialogueHandler.cs,Assets/01.Game/02.Scripts/04.Features/06.Cutscenes/Outside Timeline/CutsceneDialogueHandler.cs,cb8eb5abca0e076398767950b0c42037d24086ac76c6c9ad37a07129568d9024,fe04adbd6e97e294284f2e1a31ebe4ea
Assets/03.Scripts/Cutscene/Outside Timeline/Outside/LockPlayer.signal,Assets/01.Game/03.Content/04.Cutscenes/03.Samho/06.Signals/LockPlayer.signal,096ed49015f973a50c6856c89d41bb04b29f6ad90bbbe0c768a02da32db88bd5,2caf300ec63fdb24ea063e9e60fa493a
Assets/03.Scripts/Cutscene/Outside Timeline/Outside/New Material.mat,Assets/01.Game/03.Content/04.Cutscenes/03.Samho/03.Materials/New Material.mat,59656f1cab428ded70420e1cb227a9b6ceeb478a82a073ffc804616b20a9248f,40b008280cd9fd544aa07c9fff53d0fa
Assets/03.Scripts/Cutscene/Outside Timeline/Outside/NextDialogue.signal,Assets/01.Game/03.Content/04.Cutscenes/03.Samho/06.Signals/NextDialogue.signal,b395c3400d6da0e173943f28f71bb2a0582a0cd0ddf804ba184adcfbdb6c53d1,d43aba31e048dbf4c88ce541fb568a7a
Assets/03.Scripts/Cutscene/Outside Timeline/Outside/NextDialoguePause.signal,Assets/01.Game/03.Content/04.Cutscenes/03.Samho/06.Signals/NextDialoguePause.signal,a1fe8f70aeee5f960fa1477c318e4da349620bd023568c468357e8f19a3b386a,158217df9cb6eec4bb056da62115e57b
Assets/03.Scripts/Cutscene/Outside Timeline/Outside/OffPPC.signal,Assets/01.Game/03.Content/04.Cutscenes/03.Samho/06.Signals/OffPPC.signal,61e4d3eeb9e30a1cadd16d03d766b4c982ad3add8f098f346d3977fad365bc13,1b088afd20eacba4989419c003228af2
Assets/03.Scripts/Cutscene/Outside Timeline/Outside/OnPPC.signal,Assets/01.Game/03.Content/04.Cutscenes/03.Samho/06.Signals/OnPPC.signal,f662fb158160ff48971508f1839866c501b656c4de5f0a8fc807711b09e31259,a35ac600fe5ddd142991f5d0c799bdb9
Assets/03.Scripts/Cutscene/Outside Timeline/Outside/OnTriggerEnding.signal,Assets/01.Game/03.Content/04.Cutscenes/03.Samho/06.Signals/OnTriggerEnding.signal,90a2331e974002bdfd8fe3eb5055f49f6b15501da8190ec08258949eb19cc63c,ae471f690cd4b0345b6ea3a2706a698d
Assets/03.Scripts/Cutscene/Outside Timeline/Outside/SamhoCutSceneIdle.signal,Assets/01.Game/03.Content/04.Cutscenes/03.Samho/06.Signals/SamhoCutSceneIdle.signal,28be84e8bbd1356c4e79104eff07e5ced4bc03def4fbd126d798d5c8967c8ea7,050ac39c174216a46b9f8cef4bc5b012
Assets/03.Scripts/Cutscene/Outside Timeline/Outside/SamhoCutSceneRun.signal,Assets/01.Game/03.Content/04.Cutscenes/03.Samho/06.Signals/SamhoCutSceneRun.signal,37025eb4ac27357c56f974f5f4567ef1c3e63c293d17bbae1f2ac14ed65b1234,c9ca72300e8f58241a3f95728c5a226f
Assets/03.Scripts/Cutscene/Outside Timeline/Outside/SamhoDead.playable,Assets/01.Game/03.Content/04.Cutscenes/03.Samho/05.Timelines/SamhoDead.playable,9f537d5423baa1f67170adc61986d4a953b5c67824a19470474e95b1aa1b59d1,e2806b9e2f6a96c49a8f1b6e4df3183d
Assets/03.Scripts/Cutscene/Outside Timeline/Outside/Samhoi Dead Anim.signal,Assets/01.Game/03.Content/04.Cutscenes/03.Samho/06.Signals/Samhoi Dead Anim.signal,5d446cf8584adafc53a3b7ee9bc9db782000c720f75fbeb7fedba70a2c8f2b2e,c07f419fcc0e5f748a2ef60a9cffd51c
Assets/03.Scripts/Cutscene/Outside Timeline/Outside/SmahoArrive.playable,Assets/01.Game/03.Content/04.Cutscenes/03.Samho/05.Timelines/SmahoArrive.playable,e3acf0ea7a7a7e7fb1924393e42ea03cc6c4b3d004d3a7839f1b2dbbe84b1b0a,ddfec10e5fe3435479c23aa97afe78ad
Assets/03.Scripts/Cutscene/Outside Timeline/Outside/SmahoMeet.playable,Assets/01.Game/03.Content/04.Cutscenes/03.Samho/05.Timelines/SmahoMeet.playable,6a433b3dab1add7de49f6a4479e96a47c181fef95ea64f87b0f2193f3daca621,b8342ec8fd346744e8ad24f1d847d3b2
Assets/03.Scripts/Cutscene/Outside Timeline/Outside/SpriteRevealBinder.cs,Assets/01.Game/02.Scripts/04.Features/06.Cutscenes/Outside Timeline/Outside/SpriteRevealBinder.cs,61635caaaf45b4cc223e377152076954734f84152d9e9477a6a5610a1ad292ea,f161cf065ff0aa446b78c8d432545b68
Assets/03.Scripts/Cutscene/Outside Timeline/Outside/SpriteRevealUpward.shader,Assets/01.Game/03.Content/04.Cutscenes/03.Samho/07.Shaders/SpriteRevealUpward.shader,7a5e77e52b3f6acba764d5f81e49d27d5e22544f2601c7234680482c5a6560af,a99981136e9f2fb4aa5eb63684ecb3c1
Assets/03.Scripts/Cutscene/Outside Timeline/Outside/UnLockPlayer.signal,Assets/01.Game/03.Content/04.Cutscenes/03.Samho/06.Signals/UnLockPlayer.signal,ac4d965c89c25feb788ab6b7b9284eb230cd44c86a8a1b6c37041e4f885ae623,a31ddd913037fc4489f6cdbebc6b0492
Assets/03.Scripts/Cutscene/Outside Timeline/SpriteRevealBehaviour.cs,Assets/01.Game/02.Scripts/04.Features/06.Cutscenes/Outside Timeline/SpriteRevealBehaviour.cs,d3c2d8db5354fe3e5ad193eb595029b94541e84b8224d59aed2373346a73f4c9,31e2ed4388e2fe64c99747645ededf75
Assets/03.Scripts/Cutscene/Outside Timeline/SpriteRevealClip.cs,Assets/01.Game/02.Scripts/04.Features/06.Cutscenes/Outside Timeline/SpriteRevealClip.cs,f744ece90a092533a7734117f962f2ebaa47bdaf883a52af062d7079f78ea001,fff02615758a8cc4b9fb783a6858bb2a
Assets/03.Scripts/Cutscene/Outside Timeline/SpriteRevealMixerBehaviour.cs,Assets/01.Game/02.Scripts/04.Features/06.Cutscenes/Outside Timeline/SpriteRevealMixerBehaviour.cs,a0ffd3b93241748d43593926d84ff8873044e7f218e73c298b766e151b13884f,546dc27f5d3f58f449605d8e4398f1e1
Assets/03.Scripts/Cutscene/Outside Timeline/SpriteRevealTrack.cs,Assets/01.Game/02.Scripts/04.Features/06.Cutscenes/Outside Timeline/SpriteRevealTrack.cs,160ee740ad4c999e0d1ffa5daa0eb5680cf5e01212cc3b610d0a273f11e9778a,e341af16913b7a948bb26977b5fc8e44
Assets/03.Scripts/Cutscene/SpineAnimationManager.cs,Assets/01.Game/02.Scripts/04.Features/06.Cutscenes/SpineAnimationManager.cs,f52c9cc60191c95d69591838669a8d0f995c0b9d6e67742029edd3fc564336c6,5d63134e54c2a6e4daf77cf1c7fa065d
Assets/03.Scripts/Cutscene/SpriteAnimationManager.cs,Assets/01.Game/02.Scripts/04.Features/06.Cutscenes/SpriteAnimationManager.cs,4fde574472891d6450baddd16355cca11c3e2afd7ec50df1d916c0b9d3fcec25,63c9dc1ecb8584d49826e954c247b836
Assets/03.Scripts/Cutscene/TimelinePlayback.cs,Assets/01.Game/02.Scripts/04.Features/06.Cutscenes/TimelinePlayback.cs,ff4dc2bd1300596ca16ba2c773c89bbdfbe70a6536372fbab3d684cc8ba37bdc,1083ab83784314b9b84d3fc7c6f951ec
Assets/03.Scripts/Cutscene/TimelineTransitionScope.cs,Assets/01.Game/02.Scripts/04.Features/06.Cutscenes/TimelineTransitionScope.cs,4e0d94cfd32585884cbe9cbea18f9132e629ed697a4c165f981be22608039ad3,dbcbd3fca00b460d9bd96de10f4f9370
Assets/03.Scripts/Cutscene/UI Timeline/CutSceneBGBehaviour.cs,Assets/01.Game/02.Scripts/04.Features/06.Cutscenes/UI Timeline/CutSceneBGBehaviour.cs,d714f3182e0d87df28105d93ed40e947fcabc7a98f8e9d92a7b898b94d9ac7bc,b8e7adf012eb5ae46811b44e234dcb1c
Assets/03.Scripts/Cutscene/UI Timeline/CutSceneBGClip.cs,Assets/01.Game/02.Scripts/04.Features/06.Cutscenes/UI Timeline/CutSceneBGClip.cs,722b54c433be097657a53a43f808333868979416663bda6a3f37f5d7fb1db3f2,c37bf80641ab3e34dbff906fc35586b4
Assets/03.Scripts/Cutscene/UI Timeline/CutSceneBGMixerBehaviour.cs,Assets/01.Game/02.Scripts/04.Features/06.Cutscenes/UI Timeline/CutSceneBGMixerBehaviour.cs,9e961c51de27c44ea397a19346f514a2aaf9947493bf69e6b638c7764a2ad2f8,4a63b9240cf477b49a47c9e475b09fd5
Assets/03.Scripts/Cutscene/UI Timeline/CutSceneBGTrack.cs,Assets/01.Game/02.Scripts/04.Features/06.Cutscenes/UI Timeline/CutSceneBGTrack.cs,22689edb5e58a8f79f50c1e38432faf461823f5f280a4e678e6d2f382ba99332,8473321c534d03e46a2eb93f3f2a105d
Assets/03.Scripts/Cutscene/UI Timeline/CutSceneDialogueBehaviour.cs,Assets/01.Game/02.Scripts/04.Features/06.Cutscenes/UI Timeline/CutSceneDialogueBehaviour.cs,4059966f14d836851ecc4799f52b6ef231a8e33d52a442d8fa41b08b65312411,e0561118ae3e73743bbfe0edeea3e92c
Assets/03.Scripts/Cutscene/UI Timeline/CutSceneDialogueClip.cs,Assets/01.Game/02.Scripts/04.Features/06.Cutscenes/UI Timeline/CutSceneDialogueClip.cs,b8d2866f586d94753814b4a25ee6a116b014d05418835a1b0203a9a5983e26c2,5bf12867bf5d32646806c6798543ce23
Assets/03.Scripts/Cutscene/UI Timeline/CutSceneDialogueMixerBehaviour.cs,Assets/01.Game/02.Scripts/04.Features/06.Cutscenes/UI Timeline/CutSceneDialogueMixerBehaviour.cs,abef58deaf01378a0b97e16cec33526b518d1cc78df41c5856aa2ffa3f6bd1fa,f367b42a083997344bf95be7f703ae85
Assets/03.Scripts/Cutscene/UI Timeline/CutSceneDialogueTrack.cs,Assets/01.Game/02.Scripts/04.Features/06.Cutscenes/UI Timeline/CutSceneDialogueTrack.cs,79e07f25c25b40913aad10584aae7f6bf17f2534dd262bf356214a1724e96594,f86614941fb2bb74a95756265853f893
Assets/03.Scripts/Cutscene/UI Timeline/CutSceneEffectBehaviour.cs,Assets/01.Game/02.Scripts/04.Features/06.Cutscenes/UI Timeline/CutSceneEffectBehaviour.cs,2dbf797c03e99b674531144c131a14f271557f06736defe2a8d1f62c96392482,4a4ea75418cd1144c8884b9a9b0c6330
Assets/03.Scripts/Cutscene/UI Timeline/CutSceneEffectClip.cs,Assets/01.Game/02.Scripts/04.Features/06.Cutscenes/UI Timeline/CutSceneEffectClip.cs,62223d6f248a2991d93351f3d8b966adc5e8da854cab94a38a2e789492636618,482b28add8e0e154cbb82143fe1a93d5
Assets/03.Scripts/Cutscene/UI Timeline/CutSceneEffectMixerBehaviour.cs,Assets/01.Game/02.Scripts/04.Features/06.Cutscenes/UI Timeline/CutSceneEffectMixerBehaviour.cs,63247c40ca735d1e28caadb2f9e12c4768f17bfe6d0390965653b97e98171bc9,71245df3a74555748b6b5c916ac0b4e5
Assets/03.Scripts/Cutscene/UI Timeline/CutSceneEffectTrack.cs,Assets/01.Game/02.Scripts/04.Features/06.Cutscenes/UI Timeline/CutSceneEffectTrack.cs,4b4d087f74ed5626466a4b8bd04e4f52dc742014fd432fb4330fd89b0f765624,5f32cfc2d89308b4d9b2a200cc3d6db0
Assets/03.Scripts/Cutscene/UI Timeline/CutSceneImageBehaviour.cs,Assets/01.Game/02.Scripts/04.Features/06.Cutscenes/UI Timeline/CutSceneImageBehaviour.cs,bab1ef55c663c024192a073241b4618fb1e117dfaef099758a158782a3120353,d635183582cbe5c4a835a0c6a7b35c5e
Assets/03.Scripts/Cutscene/UI Timeline/CutSceneImageClip.cs,Assets/01.Game/02.Scripts/04.Features/06.Cutscenes/UI Timeline/CutSceneImageClip.cs,951cc3a8c151eb0c7df6e2d2431eefde553bbf986f5f7243b638dac73caff405,520bfd296cb9be64ab1f5d3931db6391
Assets/03.Scripts/Cutscene/UI Timeline/CutSceneImageMixerBehaviour.cs,Assets/01.Game/02.Scripts/04.Features/06.Cutscenes/UI Timeline/CutSceneImageMixerBehaviour.cs,175b259c96e4d85fcf81909330ad385dc35588f26fc300a69d0a3594722b3246,b94d8650b2960ee428516bb89a4fc88a
Assets/03.Scripts/Cutscene/UI Timeline/CutSceneImageTrack.cs,Assets/01.Game/02.Scripts/04.Features/06.Cutscenes/UI Timeline/CutSceneImageTrack.cs,dc6c37d8ff493615072a4b8dc14fdb123a00c392ff8bd7a83c70350eda5ab771,841d1b15f21c7ba469f0ecd260af8a2c
Assets/03.Scripts/Cutscene/UI Timeline/CutSceneMoveBehaviour.cs,Assets/01.Game/02.Scripts/04.Features/06.Cutscenes/UI Timeline/CutSceneMoveBehaviour.cs,a263142a3a699af86afa50822a5d54d6083aa32f074a95faca43f0bd4dda9f96,34bf82b8942975743a8456291cc6611c
Assets/03.Scripts/Cutscene/UI Timeline/CutSceneMoveClip.cs,Assets/01.Game/02.Scripts/04.Features/06.Cutscenes/UI Timeline/CutSceneMoveClip.cs,56bb13697a205edc6e9745770344c497b58a938d5fc1f508153dcd868bf468c8,11b63839a84b30e4dab6446d8e0af555
Assets/03.Scripts/Cutscene/UI Timeline/CutSceneMoveMixerBehaviour.cs,Assets/01.Game/02.Scripts/04.Features/06.Cutscenes/UI Timeline/CutSceneMoveMixerBehaviour.cs,b367c52609c168d914885a775440749eee6bae89c17a4683e7770e6492eb786e,1f77718e2b38af44bbcb5540aef61bbd
Assets/03.Scripts/Cutscene/UI Timeline/CutSceneMoveTrack.cs,Assets/01.Game/02.Scripts/04.Features/06.Cutscenes/UI Timeline/CutSceneMoveTrack.cs,e1e77c19446c0e3b9008d222ded753f4fe51779526ba203d9b5170bb97fe5827,86fad91f0ae13104e983339193e24585
Assets/03.Scripts/Cutscene/UI Timeline/CutSceneResolutionBehaviour.cs,Assets/01.Game/02.Scripts/04.Features/06.Cutscenes/UI Timeline/CutSceneResolutionBehaviour.cs,b349e3d96f7807309060c240525a7972e1f73d1d06aab61f13c0835af8f42043,d7bfa8faa63733742a8ecbb83d916eb3
Assets/03.Scripts/Cutscene/UI Timeline/CutSceneResolutionClip.cs,Assets/01.Game/02.Scripts/04.Features/06.Cutscenes/UI Timeline/CutSceneResolutionClip.cs,8d6cf3e97f1758500b9da9986609285aa2a211d6b111c6537a730ace55a268d9,a96cb58200559934c8773da9eaabc67a
Assets/03.Scripts/Cutscene/UI Timeline/CutSceneResolutionMixerBehaviour.cs,Assets/01.Game/02.Scripts/04.Features/06.Cutscenes/UI Timeline/CutSceneResolutionMixerBehaviour.cs,794d6b3521eedeeeb8fe8b4721f96b00413f28643ad6551d7aadfdb21c1ad7c6,b04a2fcdb1000d04cac31737fd220d82
Assets/03.Scripts/Cutscene/UI Timeline/CutSceneResolutionTrack.cs,Assets/01.Game/02.Scripts/04.Features/06.Cutscenes/UI Timeline/CutSceneResolutionTrack.cs,7b79902a89104cf4eaa25571055e6e718e13ef56e2f7d4949ed901017c8da3d3,c8c637cfc738dab4e986a36bfccd0852
Assets/03.Scripts/Cutscene/UI Timeline/CutSceneRootMoveBehaviour.cs,Assets/01.Game/02.Scripts/04.Features/06.Cutscenes/UI Timeline/CutSceneRootMoveBehaviour.cs,bbb28302f73e94c8136148df4bb693588d11f5e9a4d40ea91aeb2e42722bc848,81f44b287ff8eed4b92cad49308bb973
Assets/03.Scripts/Cutscene/UI Timeline/CutSceneRootMoveClip.cs,Assets/01.Game/02.Scripts/04.Features/06.Cutscenes/UI Timeline/CutSceneRootMoveClip.cs,469fa410ed19effcce2971a86fe9cd5f34ef83c7809fdb62addb3ffc8e67cd94,787c2bfe36e6cb34b884319b0f88b157
Assets/03.Scripts/Cutscene/UI Timeline/CutSceneRootMoveMixerBehaviour.cs,Assets/01.Game/02.Scripts/04.Features/06.Cutscenes/UI Timeline/CutSceneRootMoveMixerBehaviour.cs,91f305b1038b3a658f39c8de83e281133f48aad785e34a4b4d097be944b3c844,8eb9a30d847caae4b8240d0595462dcf
Assets/03.Scripts/Cutscene/UI Timeline/CutSceneRootMoveTrack.cs,Assets/01.Game/02.Scripts/04.Features/06.Cutscenes/UI Timeline/CutSceneRootMoveTrack.cs,f0e2fe679301db8cf0cc440ea5d1690b1896c44d25b8e6ae7157866745f17da2,e2642df1d325ff148a4acdc21af65bbc
Assets/03.Scripts/Cutscene/UI Timeline/CutSceneRotateYBehaviour.cs,Assets/01.Game/02.Scripts/04.Features/06.Cutscenes/UI Timeline/CutSceneRotateYBehaviour.cs,41954732fd82ab335609a9a1720787aec618efb2bb1979986ccc4c4c281a433e,caca9d7da6ee36c45858c62e7dc3ed9c
Assets/03.Scripts/Cutscene/UI Timeline/CutSceneRotateYClip.cs,Assets/01.Game/02.Scripts/04.Features/06.Cutscenes/UI Timeline/CutSceneRotateYClip.cs,cd72d1ad4ebcc6a6a201c57f23782620e953452ec635c20be0e39ea8a3a4c0f7,178f3147974be014ea926e0ebe998c61
Assets/03.Scripts/Cutscene/UI Timeline/CutSceneRotateYMixerBehaviour.cs,Assets/01.Game/02.Scripts/04.Features/06.Cutscenes/UI Timeline/CutSceneRotateYMixerBehaviour.cs,10a7ba578ef804d68f8286c3c4354d042a6d2ce8717d62b813533778b63128d7,663314a835280f84695357181361248b
Assets/03.Scripts/Cutscene/UI Timeline/CutSceneRotateYTrack.cs,Assets/01.Game/02.Scripts/04.Features/06.Cutscenes/UI Timeline/CutSceneRotateYTrack.cs,94cebfbb268533c447906f7785c35689df694b2d80fc5b18fe965cabb30b78c6,87d02cd2fedb2f24a9a8ef66e27eeffa
Assets/03.Scripts/Cutscene/UI Timeline/CutSceneShakeBehaviour.cs,Assets/01.Game/02.Scripts/04.Features/06.Cutscenes/UI Timeline/CutSceneShakeBehaviour.cs,4341302ae3afcf2b204e4d4ad5abc2f8d666c2960290dd29a8efc9378ecf5a42,53c6c60e4b22c7045aad8ee6fc90a929
Assets/03.Scripts/Cutscene/UI Timeline/CutSceneShakeClip.cs,Assets/01.Game/02.Scripts/04.Features/06.Cutscenes/UI Timeline/CutSceneShakeClip.cs,27987fc5e7df7cbb1ae98ec7b2232eb0cda525cc594e17d788f11afc346ddfb7,e15f81a25f948884e8eb3ad6b0d56549
Assets/03.Scripts/Cutscene/UI Timeline/CutSceneShakeMixerBehaviour.cs,Assets/01.Game/02.Scripts/04.Features/06.Cutscenes/UI Timeline/CutSceneShakeMixerBehaviour.cs,ea7296b052f3b3bcbaac1ac56cda26f8580d985e4fc0122716aa0e635777cd52,f4877b848611b834f84f17e6a350db69
Assets/03.Scripts/Cutscene/UI Timeline/CutSceneShakeTrack.cs,Assets/01.Game/02.Scripts/04.Features/06.Cutscenes/UI Timeline/CutSceneShakeTrack.cs,c08d7258f3f4f514b9d464321ba8a1268743bc3ef91654993e65505401645358,1d2e79e058b7d62419122ab714d89ce3
Assets/03.Scripts/Cutscene/UI Timeline/CutSceneSpriteAnimBehaviour.cs,Assets/01.Game/02.Scripts/04.Features/06.Cutscenes/UI Timeline/CutSceneSpriteAnimBehaviour.cs,b6350c52d172a27e38f9d89728c6b7bc7df60c6ae9fd2ed632dbc518f784207a,a1d474dbf5c6a39499e8b04e5984283b
Assets/03.Scripts/Cutscene/UI Timeline/CutSceneSpriteAnimClip.cs,Assets/01.Game/02.Scripts/04.Features/06.Cutscenes/UI Timeline/CutSceneSpriteAnimClip.cs,a6f73e34f59fc5171ca0dcf0b747dd99b8519f7b9e214346475c06d125f4eb5c,0dbd13932e7d49e48acca715b0c6d11b
Assets/03.Scripts/Cutscene/UI Timeline/CutSceneSpriteAnimMixerBehaviour.cs,Assets/01.Game/02.Scripts/04.Features/06.Cutscenes/UI Timeline/CutSceneSpriteAnimMixerBehaviour.cs,82c9a3a888183d9007ef14f8172f6593e648660caa3696343f68e4a631062075,605e6cc66c5641845a065e8e2c6ca5ee
Assets/03.Scripts/Cutscene/UI Timeline/CutSceneSpriteAnimTrack.cs,Assets/01.Game/02.Scripts/04.Features/06.Cutscenes/UI Timeline/CutSceneSpriteAnimTrack.cs,cb7bfc273b60f8f451ffa4d25bb5dd06da4f416e33d7abc5026a482faf8a90c4,e71265075e3b72045a2a91a3a882c912
Assets/03.Scripts/Cutscene/UI Timeline/CutSceneTimelineManager.cs,Assets/01.Game/02.Scripts/04.Features/06.Cutscenes/UI Timeline/CutSceneTimelineManager.cs,38a394df04784c119f7d3a76e1db52c287883813639de2ab47397c592644ded9,c8ec52dc6e229244d8a97d82b8afd02f
Assets/03.Scripts/Cutscene/UI Timeline/CutSceneZoomBehaviour.cs,Assets/01.Game/02.Scripts/04.Features/06.Cutscenes/UI Timeline/CutSceneZoomBehaviour.cs,e1981c98d9923038a64db3cb0cf13df664b008e0ee35b5621529528c8ed0b88b,5183d688b8c896f47abf671c190d381a
Assets/03.Scripts/Cutscene/UI Timeline/CutSceneZoomClip.cs,Assets/01.Game/02.Scripts/04.Features/06.Cutscenes/UI Timeline/CutSceneZoomClip.cs,fbf46b0f0f1b904251a1316bd1387b157a394b5e81dce24687e7dfc4b4a9e107,62ab60758769ac34f964530852bba341
Assets/03.Scripts/Cutscene/UI Timeline/CutSceneZoomMixerBehaviour.cs,Assets/01.Game/02.Scripts/04.Features/06.Cutscenes/UI Timeline/CutSceneZoomMixerBehaviour.cs,392e116325bb44f6c9ee1366a37248645125add5ddf411d2f9e4dfabd49623af,130fa1423ad67444ebe5a112526cfb31
Assets/03.Scripts/Cutscene/UI Timeline/CutSceneZoomTrack.cs,Assets/01.Game/02.Scripts/04.Features/06.Cutscenes/UI Timeline/CutSceneZoomTrack.cs,840b1ff57c308900cf563c1755fc42a30e46256e5e6583bc1ad07f7f6c7b6c79,5e4882f53fd19c242a14ad903098b849
Assets/03.Scripts/Cutscene/UI Timeline/Playable/Bubi_meet.playable,Assets/01.Game/03.Content/04.Cutscenes/04.Bar/05.Timelines/Bubi_meet.playable,d406e4433f066ff09d756fa70d5f7c465a4b2f1662dfea0be4be592b7aa1c37d,8968decbf36fe554ca92dc1fa36b2651
Assets/03.Scripts/Cutscene/UI Timeline/Playable/Catmilk.playable,Assets/01.Game/03.Content/04.Cutscenes/04.Bar/05.Timelines/Catmilk.playable,731416497ad6affa28efe99816891f755cae4c638780ffd6a5df8022b50b4b8f,22003067eb8064b4dbb6e705e72d1da0
Assets/03.Scripts/Cutscene/UI Timeline/Playable/FindLuna.playable,Assets/01.Game/03.Content/04.Cutscenes/04.Bar/05.Timelines/FindLuna.playable,82dd0e747f0243480b4e2c5567bb854e47762ee922003803d8e94ecb93abf661,2cc34af79e9335e43bcefc48f59d29cb
Assets/03.Scripts/Cutscene/UI Timeline/Playable/Finished_Cosmo.playable,Assets/01.Game/03.Content/04.Cutscenes/04.Bar/05.Timelines/Finished_Cosmo.playable,bd4d9a22ec07e889e9b5df72f7757481ef35a218325d01647b410df455ee3ba5,3876807876b2eac4dad28ab32f4bbc7b
Assets/03.Scripts/Cutscene/UI Timeline/Playable/Finished_DryMarthini.playable,Assets/01.Game/03.Content/04.Cutscenes/04.Bar/05.Timelines/Finished_DryMarthini.playable,42109fba60439d71f5268de2928602c9f36fb6c22c183c7373e991fce1563c02,d1a18662b76cfd443b24d9370859da3f
Assets/03.Scripts/Cutscene/UI Timeline/Playable/Finished_Ginfizz.playable,Assets/01.Game/03.Content/04.Cutscenes/04.Bar/05.Timelines/Finished_Ginfizz.playable,11999b991b3e5e60d1dd76738432f9ab998f1471176f244695efde35e2e2f4f2,1ec5c136b6d90bb4a9c0a2cde90d8764
Assets/03.Scripts/Cutscene/UI Timeline/Playable/Finished_kalua.playable,Assets/01.Game/03.Content/04.Cutscenes/04.Bar/05.Timelines/Finished_kalua.playable,a096d23f4269b69e6353115b0a4bc21d8d68926041070cf37ef99db16e856c7d,66caa87736a562c459128d660e4bcf11
Assets/03.Scripts/Cutscene/UI Timeline/Playable/INTRO.playable,Assets/01.Game/03.Content/04.Cutscenes/04.Bar/05.Timelines/INTRO.playable,cf9e693adbcb58ece6e5584f42e8e56d7589385afddbdec2b701d6ce5360370b,13fd6061124f5b44380f643f93e1dc3b
Assets/03.Scripts/Cutscene/UI Timeline/Playable/Intro lab.playable,Assets/01.Game/03.Content/04.Cutscenes/04.Bar/05.Timelines/Intro lab.playable,d4d0ec8bb539934a59eae047414ed15a91f254993fc750fa93dafec2e5053dd5,0668da64d631f6a4d92ce7aac44c5d53
Assets/03.Scripts/Cutscene/UI Timeline/Playable/OnServeEnd.asset,Assets/01.Game/04.Data/03.Events/Cutscene/UI Timeline/Playable/OnServeEnd.asset,f045d4ff66fc008548e87d463dc68fdfe11d3c1a6502c4a1cb888759007342e5,98412b12b0775c945a21c406f82a63fa
Assets/03.Scripts/Cutscene/UI Timeline/Playable/ServeEnd.signal,Assets/01.Game/03.Content/04.Cutscenes/04.Bar/06.Signals/ServeEnd.signal,a28b398c04bc94fac801a25f579d80747eeacdd1b5cd8c3bab2f8b2df34e264a,78590a1aeff712145bb3f309a2a6472d
Assets/03.Scripts/Cutscene/UI Timeline/Playable/Serve_Cosmopolitan.playable,Assets/01.Game/03.Content/04.Cutscenes/04.Bar/05.Timelines/Serve_Cosmopolitan.playable,2354e265ee642ebdf8f7697216171b870537d8e01b38d78c92d35dd1a5443758,a953a2293590e204ca3416817c78f428
Assets/03.Scripts/Cutscene/UI Timeline/Playable/Serve_Dry.playable,Assets/01.Game/03.Content/04.Cutscenes/04.Bar/05.Timelines/Serve_Dry.playable,22e3e74e4be4cfc72ad30a8810b3ff240b7f372808d5f22c8fb503969e2bf997,60ebf3b749cbe184fa62d0567f7ef56c
Assets/03.Scripts/Cutscene/UI Timeline/Playable/Serve_Ginfizz.playable,Assets/01.Game/03.Content/04.Cutscenes/04.Bar/05.Timelines/Serve_Ginfizz.playable,656a0e2b3d6e5b73fa7dc85843380d1dbb7312939ecc015e028378550c666c17,31328df9808d36848a4ce4f996e40b3b
Assets/03.Scripts/Cutscene/UI Timeline/Playable/Serve_Unknown.playable,Assets/01.Game/03.Content/04.Cutscenes/04.Bar/05.Timelines/Serve_Unknown.playable,2731ab7cc6ad27f8fd1c2d3665a0059b897c81104cd6da8bba1a2e51db459b46,c2d76df140daeff4db2a12b813fddc51
Assets/03.Scripts/Cutscene/UI Timeline/Playable/Serve_kalua.playable,Assets/01.Game/03.Content/04.Cutscenes/04.Bar/05.Timelines/Serve_kalua.playable,54b0fddc7c78536485eed0d183eb9533fcb867aab3f832ca3f33e3dfb68399d4,f9fee003c92f57647a16563517544701
Assets/03.Scripts/Data/CharacterResourceData.cs,Assets/01.Game/02.Scripts/03.Data/02.Models/CharacterResourceData.cs,4cfa2112087af2807a55d32d93525bf016985de9dec8360ec0edf1ffe55aa2e0,2f489a8e2858fbc4db4042ba545fdee3
Assets/03.Scripts/Data/IngredientDataSO.cs,Assets/01.Game/02.Scripts/03.Data/02.Models/IngredientDataSO.cs,fb82d53601d4c1c908720793a46f722f7a6a1a923f9681d6dbbd377d8adf081d,895104331724c424f8a5ce24fde2d16c
Assets/03.Scripts/Data/ResourceLoader.cs,Assets/01.Game/02.Scripts/03.Data/01.Loading/ResourceLoader.cs,d166ed96aeb280cce5a41e3b66a82060a7a0b43bc6030176d4f988d09b7e8ef9,37fef3d149cf9cb41a55c50611e1865e
Assets/03.Scripts/DataNew/CsvContentCatalog.cs,Assets/01.Game/02.Scripts/03.Data/01.Loading/CsvContentCatalog.cs,f9445f8dd4d0c61f1d59634674df17d6f8d50c1d579491350cf87f1e8f674335,4bdccd02abc94dd48dc393272003b6b2
Assets/03.Scripts/DataNew/CsvDataReader.cs,Assets/01.Game/02.Scripts/03.Data/01.Loading/CsvDataReader.cs,643880236aea89872a48a1581b5256f0a556a4de5ec6454aec722c3ca10ed5e1,3aeebce6972c45afa13a6cc79112b63a
Assets/03.Scripts/DataNew/DataNewSO/NewBalanceDataSO.asset,Assets/01.Game/04.Data/02.RuntimeCaches/NewBalanceDataSO.asset,9e608c88cf640043e85699162a54937ecb09673893ef17930126d1cc32fc36d7,63f99327f1a0418a94d6ec6cd9c49dca
Assets/03.Scripts/DataNew/DataNewSO/NewBarkDataSO.asset,Assets/01.Game/04.Data/02.RuntimeCaches/NewBarkDataSO.asset,14fd4f317d372ecc2c44a799d64a69ddf4fbd81cd20f880215d566811e44f0ad,a71d1ae375e54257bcbbee7dbef3fd54
Assets/03.Scripts/DataNew/DataNewSO/NewCharacterDataSO.asset,Assets/01.Game/04.Data/02.RuntimeCaches/NewCharacterDataSO.asset,2d9bbb4b18e04f706e368c7d589d6caadafcae30abb44907406e23fe46cd0a53,5226867dabf2416db88a6084fcd100e7
Assets/03.Scripts/DataNew/DataNewSO/NewCocktailDataSO.asset,Assets/01.Game/04.Data/02.RuntimeCaches/NewCocktailDataSO.asset,21c61dd5e4e81a968a84d7436ce52fa066d7e7a54dcea6246a0369904b89fe91,4cdd38f0ff8842f8a80c5e7c1fec4ecf
Assets/03.Scripts/DataNew/DataNewSO/NewCommonScriptDataSO.asset,Assets/01.Game/04.Data/02.RuntimeCaches/NewCommonScriptDataSO.asset,60ad0d8986e64d304dbd7c10890ab83b7bd9be52da72d1c3ce5681548c11e4d5,76497c4ca4ba4d678fe9aae3cb9e9db8
Assets/03.Scripts/DataNew/DataNewSO/NewCutSceneDataSO.asset,Assets/01.Game/04.Data/02.RuntimeCaches/NewCutSceneDataSO.asset,d5b92c887a8106ec763d944c1ebad210be8043833dd2d4b5cd875a30bc8770ec,022803ba51e14b0e968c41bb410aaab9
Assets/03.Scripts/DataNew/DataNewSO/NewDayInfoDataSO.asset,Assets/01.Game/04.Data/02.RuntimeCaches/NewDayInfoDataSO.asset,604f8515a2a757ff20ee091d16b4e2eff2de988c6b9a6aaee42e4f5a7c9bcf06,2ceb0e3fd0ec46be9b0b412a9d538c72
Assets/03.Scripts/DataNew/DataNewSO/NewDossierDataSO.asset,Assets/01.Game/04.Data/02.RuntimeCaches/NewDossierDataSO.asset,b8143e24a9783970f4323c72e29016b7d8cbb89e6678ec76f8c8f43bb8bb348c,45d1e6eda494495c893cc60bc453c325
Assets/03.Scripts/DataNew/DataNewSO/NewEndingDataSO.asset,Assets/01.Game/04.Data/02.RuntimeCaches/NewEndingDataSO.asset,0267ea02d65f95c37297e9262e40f537953a6d7a581ac25f1578325c9342434a,f8c6a16086c8406c87f9911de8196062
Assets/03.Scripts/DataNew/DataNewSO/NewExpressionDataSO.asset,Assets/01.Game/04.Data/02.RuntimeCaches/NewExpressionDataSO.asset,86509fac950a06fd43c71bd6607db184cfcf8383f8bd03a42ae21db1dfff4ff7,673249a265b74ef9953af487647e6d03
Assets/03.Scripts/DataNew/DataNewSO/NewFieldAnimDataSO.asset,Assets/01.Game/04.Data/02.RuntimeCaches/NewFieldAnimDataSO.asset,b3df4dd63d652b17469d173a2aae3a30a9bef5d3a98f03ad3c9f6517a8de80e5,51a8288bc4bb42258cc5bcb4d498f439
Assets/03.Scripts/DataNew/DataNewSO/NewGuestBodyDataSO.asset,Assets/01.Game/04.Data/02.RuntimeCaches/NewGuestBodyDataSO.asset,1dda0239265d9f78359f8786ab3f8c14df78bf7f1cbd9a58931df97622f9e940,726a89cc663346839730e4420015a326
Assets/03.Scripts/DataNew/DataNewSO/NewInteractPointDataSO.asset,Assets/01.Game/04.Data/02.RuntimeCaches/NewInteractPointDataSO.asset,caa4ad92d6f4e0915f8e0472eaacde41853384f59b82793340a42fb8c9a61225,5ed93d5bb4b64ebeb2e3ef0656aa378c
Assets/03.Scripts/DataNew/DataNewSO/NewOrderRuleDataSO.asset,Assets/01.Game/04.Data/02.RuntimeCaches/NewOrderRuleDataSO.asset,ce003310fd745204065e5d420922b3c00a74b087898d53ddfc7149d7ff6019c1,392eaf6f57fe45d7b9581cb8d72b468c
Assets/03.Scripts/DataNew/DataNewSO/NewPersonalityDataSO.asset,Assets/01.Game/04.Data/02.RuntimeCaches/NewPersonalityDataSO.asset,5eb7ca882af24a26b90342c271fa7eadb0e92c935b9df7511cdb2a9dacab09a2,1788c316189244baa8caf415c02339c0
Assets/03.Scripts/DataNew/DataNewSO/NewQuestDataSO.asset,Assets/01.Game/04.Data/02.RuntimeCaches/NewQuestDataSO.asset,feb31cbfae9ca3dca664d94f690f5ef2eb2fcc0d6a988123539273ccb4276be2,9cf0cd665b6e43bd893b1b35c1edde9d
Assets/03.Scripts/DataNew/DataNewSO/NewRandomWaveDataSO.asset,Assets/01.Game/04.Data/02.RuntimeCaches/NewRandomWaveDataSO.asset,4eb44599a5666de080a34fe27b4c024b9e3d3801fb7123477c6ea176ff3d983a,20b626ed0a9b4050bc3ac913f32a8869
Assets/03.Scripts/DataNew/DataNewSO/NewRegularSlotDataSO.asset,Assets/01.Game/04.Data/02.RuntimeCaches/NewRegularSlotDataSO.asset,1ef49eee3251a08202d3f80e7a3279b54ddbd8f124d38d6a2394b2ec3259356c,075e2228cff84f4db8cac3d0aafad289
Assets/03.Scripts/DataNew/DataNewSO/NewShelfItemDataSO.asset,Assets/01.Game/04.Data/02.RuntimeCaches/NewShelfItemDataSO.asset,503fe28a6d25956d8c976a1fca901c4f1cc301ed248721dbaeaa042c0be57b48,f79c175af95447bba922a8c3fdddff37
Assets/03.Scripts/DataNew/DataNewSO/NewSpotDataSO.asset,Assets/01.Game/04.Data/02.RuntimeCaches/NewSpotDataSO.asset,7afea3b9c58f28309cb645ecd21795c5200d8378b10d50d0923f0d0667456edb,2aec38dee5aa4aa0bf346a3d87d40428
Assets/03.Scripts/DataNew/DataNewSO/NewStreetDataSO.asset,Assets/01.Game/04.Data/02.RuntimeCaches/NewStreetDataSO.asset,eef91d2578726b6cf9a3b7aa0ec8d921e5f17c6f6d39c6e0f418e9b976a89048,c8fee4a984072cf4591e1c219a36020d
Assets/03.Scripts/DataNew/DataNewSO/NewTasteDataSO.asset,Assets/01.Game/04.Data/02.RuntimeCaches/NewTasteDataSO.asset,dd437b31b9a742acb4bd6c20f2bd986d59ae90452111fefc4b67a607d2b70c11,4fed73f749dc492ca5cb7558765b976c
Assets/03.Scripts/DataNew/DataNewSO/NewTextTagDataSO.asset,Assets/01.Game/04.Data/02.RuntimeCaches/NewTextTagDataSO.asset,3b9d8311bcc55a2bbd132b2d3efea9760fb994b6d5d15c8f9f5267a7cf3601d4,a4036fdbe34f51f32d1cb38225f1d890
Assets/03.Scripts/DataNew/DataNewSO/NewUIStringDataSO.asset,Assets/01.Game/04.Data/02.RuntimeCaches/NewUIStringDataSO.asset,c2b019e8982c8eb7ab60bb928b67a417d21ce6fecfea677d4f696799f58e60b4,71205796125f439391152ee18d0c6ca7
Assets/03.Scripts/DataNew/DataNewSO/NewhomeInteractPointDataSO.asset,Assets/01.Game/04.Data/02.RuntimeCaches/NewhomeInteractPointDataSO.asset,86214ed1acc425297a12ea8b246032374ff71dfc1599e629808f0c5fbe0d135e,50632a3f3de1b9549a4da9fae0d5be12
Assets/03.Scripts/DataNew/NewBalanceDataSO.cs,Assets/01.Game/02.Scripts/03.Data/02.Models/NewBalanceDataSO.cs,500123cae3edcba3336ef4b98fb37cd237b2045c27811c8c2818403858ae21a4,c5b5c32e22c3f0a4c9ea6dd4d8e5b930
Assets/03.Scripts/DataNew/NewBarkDataSO.cs,Assets/01.Game/02.Scripts/03.Data/02.Models/NewBarkDataSO.cs,12bec4f404f5ef38bdc3909ee3631773ac2ee811ffc5db329967dc2f187491e9,cb4c57defe433a144b634675c06dc58f
Assets/03.Scripts/DataNew/NewCharacterDataSO.cs,Assets/01.Game/02.Scripts/03.Data/02.Models/NewCharacterDataSO.cs,3d78c79f46bf58f3afb0c3c24762ec4db6f0d622c5114709633b0c3d1c45a749,61bcf0969ddf27f4ea8710a90d6525ec
Assets/03.Scripts/DataNew/NewCocktailDataSO.cs,Assets/01.Game/02.Scripts/03.Data/02.Models/NewCocktailDataSO.cs,8fd4f5af9761d61a6b1ce6802ed327e6b818d6e1f80893da919354c8b8941c85,f32acbd764bf5634aae3fbcc21bcc050
Assets/03.Scripts/DataNew/NewCommonTypes.cs,Assets/01.Game/02.Scripts/03.Data/02.Models/NewCommonTypes.cs,307f6ac3105dc97eb3527b756d3b528b7f8e9878994938bf948524cee954d11a,4509b1f14bda92647a80946748ee0122
Assets/03.Scripts/DataNew/NewCutSceneDataSO.cs,Assets/01.Game/02.Scripts/03.Data/02.Models/NewCutSceneDataSO.cs,a613b0543caf66f28c68cd8f67335fd772693b5f48e87ed68c7225e54a321bb6,2a2b93e406506794892a2777be747447
Assets/03.Scripts/DataNew/NewDataLoadManager.cs,Assets/01.Game/02.Scripts/03.Data/01.Loading/NewDataLoadManager.cs,ba5fcd6fccb06baa9522d05d42a9fe10f263328241607a9dc171a1e031952cde,0941d2b0f184dd84c8e419fb00ba4793
Assets/03.Scripts/DataNew/NewDayInfoDataSO.cs,Assets/01.Game/02.Scripts/03.Data/02.Models/NewDayInfoDataSO.cs,f1b9269f0527b128c0d2ad800811e7bc55457109c5ced2f87178c46067447d02,83a8acecc8a03ae4eb001560581aaf02
Assets/03.Scripts/DataNew/NewDayScriptDataSO.cs,Assets/01.Game/02.Scripts/03.Data/02.Models/NewDayScriptDataSO.cs,d02c6a2d5b85ec968c78a1c7bb5b0fea02cf1a750be22a3156186f012362802f,71dfef6882e20ca44937e6585b175d33
Assets/03.Scripts/DataNew/NewDossierDataSO.cs,Assets/01.Game/02.Scripts/03.Data/02.Models/NewDossierDataSO.cs,6ddde7126ec60185f04915161672d45e25ea7c6f988fb9f9b83fcb0649a998d4,3d826cae8f9a83e4192102c50197227b
Assets/03.Scripts/DataNew/NewEndingDataSO.cs,Assets/01.Game/02.Scripts/03.Data/02.Models/NewEndingDataSO.cs,4733a8932470114b3dfb141a00b20805f2f023ba592cc9337e2ce5f390255646,2d5568317ae7d6942846210fd2dd7863
Assets/03.Scripts/DataNew/NewEnums.cs,Assets/01.Game/02.Scripts/03.Data/02.Models/NewEnums.cs,aaee7c4fa40f005b90dec64fb809cf0e1b67d11b33a219d6664f544aa23fdfa4,fdda5e8cf1443354aadbb54d990536a6
Assets/03.Scripts/DataNew/NewExpressionDataSO.cs,Assets/01.Game/02.Scripts/03.Data/02.Models/NewExpressionDataSO.cs,878c8d7b6cae2ba864b0b8fd624b38a8e323162ada5cadd0ccedd4a4688e126f,b4e708d85e1d77948b32820ac855cc4d
Assets/03.Scripts/DataNew/NewFieldAnimDataSO.cs,Assets/01.Game/02.Scripts/03.Data/02.Models/NewFieldAnimDataSO.cs,c4874a4925a8bc26c11d0a26ce56393460a922d254af7167da94cf6f1b3ee6b0,b1b069b90dc97eb41b218c83d94c4172
Assets/03.Scripts/DataNew/NewGuestBodyDataSO.cs,Assets/01.Game/02.Scripts/03.Data/02.Models/NewGuestBodyDataSO.cs,df3c43ef48517c4b6eb1d71f834c49848ae8ff35f7842ad8e9f861054c11330d,2e3c7b45069d45aba407e097de4eb7ca
Assets/03.Scripts/DataNew/NewInteractPointDataSO.cs,Assets/01.Game/02.Scripts/03.Data/02.Models/NewInteractPointDataSO.cs,aeb18ee27289d6eb52c72fb01391c924cc8c83c21478fdaafabd5d033ef7ce74,6c5db24b948f4ef47bd241f381646591
Assets/03.Scripts/DataNew/NewOrderRuleDataSO.cs,Assets/01.Game/02.Scripts/03.Data/02.Models/NewOrderRuleDataSO.cs,5268bb2d8b64cfc1d0b3cc19dd02ede1b16351b8dc0e4974a35b1435ff8227db,6a8394f457091f04e9a4c26320f83e0a
Assets/03.Scripts/DataNew/NewPersonalityDataSO.cs,Assets/01.Game/02.Scripts/03.Data/02.Models/NewPersonalityDataSO.cs,28d5010058f4e5bfdbd169c20e162742c9f490dc0c18da27204599cc5f036027,80c196fce206e6343b619ee7aef9e0bf
Assets/03.Scripts/DataNew/NewQuestDataSO.cs,Assets/01.Game/02.Scripts/03.Data/02.Models/NewQuestDataSO.cs,debe16271b42741c50070ccd0b985c26641dfcb8596b910e483f0e2bc99d85f9,242ec1d82d252454f9623f0fdc2fad5e
Assets/03.Scripts/DataNew/NewRandomWaveDataSO.cs,Assets/01.Game/02.Scripts/03.Data/02.Models/NewRandomWaveDataSO.cs,e1b1704ef60bd07b4853ef472732d48fa66b186742e14fe8decd5ee466d13b43,e04392c5e6f784a4582d8b0425372340
Assets/03.Scripts/DataNew/NewRegularSlotDataSO.cs,Assets/01.Game/02.Scripts/03.Data/02.Models/NewRegularSlotDataSO.cs,1ee519c91b91219f7454e12765725e17c6c3d74f1b3543d412d26b53610ff758,a70d6f7debae519408e22b476fda56f4
Assets/03.Scripts/DataNew/NewShelfItemDataSO.cs,Assets/01.Game/02.Scripts/03.Data/02.Models/NewShelfItemDataSO.cs,1c3957d2575a0638bd551073e3daaa0f2ebfbb199593457687250f1275ed2adb,bf2e99d5eb088154ba885dfb633200a9
Assets/03.Scripts/DataNew/NewSpotDataSO.cs,Assets/01.Game/02.Scripts/03.Data/02.Models/NewSpotDataSO.cs,48395b3628bb7844e1b854f0f9b992a49df710e493494b70cb651cec7560c30d,d945ced6f0870d747be9cd8a889cf3cd
Assets/03.Scripts/DataNew/NewStreetDataSO.cs,Assets/01.Game/02.Scripts/03.Data/02.Models/NewStreetDataSO.cs,576c5ef18e3361162fd8a2d19791d69757e837a4b79b846001b3c058d762ad1a,e166613ba25a84e41bef2f81d5cec5a1
Assets/03.Scripts/DataNew/NewTasteDataSO.cs,Assets/01.Game/02.Scripts/03.Data/02.Models/NewTasteDataSO.cs,22951ec07a5912b422c730247a6362cedc79d170c714e882e851127acb2dd269,37aacb02b008b6845b8c9159010abb29
Assets/03.Scripts/DataNew/NewTextTagDataSO.cs,Assets/01.Game/02.Scripts/03.Data/02.Models/NewTextTagDataSO.cs,f842f4e3f36b7c7d447cd4b4f752d3b3fc4dd9f58cf1849f81509c8ae26935e4,b1d4f0e93a27c6489f5a2d7e8c410b3a
Assets/03.Scripts/DataNew/NewUIStringDataSO.cs,Assets/01.Game/02.Scripts/03.Data/02.Models/NewUIStringDataSO.cs,fdbe845a21692b7f053d92de4d27bd0f3335a221c4ecbff9051bf693cf5caff6,250c85fa4890881459815874074a6030
Assets/03.Scripts/DataNew/link.xml,Assets/01.Game/02.Scripts/03.Data/link.xml,44050fa11e55df11c89e270ce3017ee9dae1bc2f2678cb9b2e4bcde236fa436f,8118b158c8e445989eaa50d869093a43
Assets/03.Scripts/Dialogue/CharacterAnimTypes.cs,Assets/01.Game/02.Scripts/04.Features/05.Dialogue/CharacterAnimTypes.cs,2b0c021825b1a5c36c1e312a8c9cdb257d92307149a9dff0935f4ff5336efb91,e7c15a9f2b8d43a1a6f0d94c3e18b752
Assets/03.Scripts/Dialogue/CharacterLoader.cs,Assets/01.Game/02.Scripts/04.Features/05.Dialogue/CharacterLoader.cs,944de52e601515927924166100cb31b4e458fc91161a358be217a01a8b75de53,2faa9e92ae209904bb67bb552da41f18
Assets/03.Scripts/Dialogue/CharacterPart.cs,Assets/01.Game/02.Scripts/04.Features/05.Dialogue/CharacterPart.cs,0f3c2b4a630d11b2542ff59c3c876a9ba7fe7312c3f46d442cbcaf638d52de29,923475da8cac72b4a9b42a41fd393d5c
Assets/03.Scripts/Dialogue/ChoicePanel.cs,Assets/01.Game/02.Scripts/04.Features/05.Dialogue/ChoicePanel.cs,79cc3ec25b1ceb6d9ee9be00b077231a30aef2a8a355ca15a52793e3a19e01e2,9871bd34d5cfcdf41bb6abe0d7803aab
Assets/03.Scripts/Dialogue/DialogueCameraFeedback.cs,Assets/01.Game/02.Scripts/04.Features/05.Dialogue/DialogueCameraFeedback.cs,64176870d982548f5e021597e210c882fdcbaf437a10fd78e6bf0c4fdd4aeee9,d4be30958e2f46028aa8b5c0df195ed9
Assets/03.Scripts/Dialogue/DialogueCharacterManager.cs,Assets/01.Game/02.Scripts/04.Features/05.Dialogue/DialogueCharacterManager.cs,c15f1794494ace218dcd26a160b974877a9499ac49fedea4b1db585fb17a8f01,fb3881e7e75f6b948b8ace28a001b452
Assets/03.Scripts/Dialogue/DialoguePresentationSettings.cs,Assets/01.Game/02.Scripts/04.Features/05.Dialogue/DialoguePresentationSettings.cs,4910bea8a14504dae05fa57c3ca257107217b41d46b63f9ce99608046c136b2a,92e667f963054e9fabb743553f6497ac
Assets/03.Scripts/Dialogue/DialogueRunner.cs,Assets/01.Game/02.Scripts/04.Features/05.Dialogue/DialogueRunner.cs,a7b92f654270f1c623e70cbc9a1409e7ce4717fa5668aac1b03efb58dd3f0591,f80d1c2286970e740a06346263c3c5cf
Assets/03.Scripts/Dialogue/DialogueTextAnimator.cs,Assets/01.Game/02.Scripts/04.Features/05.Dialogue/DialogueTextAnimator.cs,b26b1fb1f34859b50a4e875f9e418268eadb02eeed8b5e42aea3f33ed9659030,3b1e661b65694524a6863565671732dc
Assets/03.Scripts/Dialogue/DialogueTextCompiler.cs,Assets/01.Game/02.Scripts/04.Features/05.Dialogue/DialogueTextCompiler.cs,d642647e12c0431fb2db5974ab735438770ae96b8894b8184c274effd427001d,860c425a0bd945718a87fbcbd11a0321
Assets/03.Scripts/Dialogue/DialogueTextPlayer.cs,Assets/01.Game/02.Scripts/04.Features/05.Dialogue/DialogueTextPlayer.cs,f9e6ff513192b7f422c6c7278233f46fc234317115145fb2fe9f3cb783688843,f2ffb77bd31349219a8b58e865964409
Assets/03.Scripts/Dialogue/DialogueTypingService.cs,Assets/01.Game/02.Scripts/04.Features/05.Dialogue/DialogueTypingService.cs,788428068dd85488545898ac0cfe4c0b6b3837bd37ade76de53c64ee5970735a,0ce80e6e0048a7c478f4bdca51b82935
Assets/03.Scripts/Dialogue/ICharacterSetter.cs,Assets/01.Game/02.Scripts/04.Features/05.Dialogue/ICharacterSetter.cs,ffa165a244a419a9b6bf15248657b6a545f07ea851cf4dc087d70a30de6996f9,24846e4d805f67147b3d5eb5ec495cc2
Assets/03.Scripts/Dialogue/IDialogueFader.cs,Assets/01.Game/02.Scripts/04.Features/05.Dialogue/IDialogueFader.cs,0a38b66ba09470d2fef484baa547274c8ed8747b0fa530a34a5bb8fae1981c29,36df1ab864206034ebf1d162bfdc8366
Assets/03.Scripts/Dialogue/IDialoguePresenter.cs,Assets/01.Game/02.Scripts/04.Features/05.Dialogue/IDialoguePresenter.cs,c1562756932a6e9189bd789a86fc6644e6237242a844c608d0c9b75361fbab11,d9cdf8710a1cbb74ab7690de95aa1b1a
Assets/03.Scripts/Dialogue/IFade.cs,Assets/01.Game/02.Scripts/04.Features/05.Dialogue/IFade.cs,3baffbb36276f7ddc5c5c28f334dae5a2f5f4649f3fda76b462ef155b41afe19,3c25b1378f34a2140833257ef6ecafc4
Assets/03.Scripts/Dialogue/IPlaybackPolicy.cs,Assets/01.Game/02.Scripts/04.Features/05.Dialogue/IPlaybackPolicy.cs,01cdd3a5bf199994d9e1182ac88864d156b394e5572380365a5701c9095b20e9,2131c34b969393448ba108079b65b153
Assets/03.Scripts/Dialogue/UIDialogueChoiceView.cs,Assets/01.Game/02.Scripts/04.Features/05.Dialogue/UIDialogueChoiceView.cs,755b0f1a0f65e43ce06f99eae95afc4e261e0003c286c96c0f1f50a6a65efa40,30a1031f76aeb144daed9cf18bce8eb7
Assets/03.Scripts/Dialogue/UIDialogueTextView.cs,Assets/01.Game/02.Scripts/04.Features/05.Dialogue/UIDialogueTextView.cs,f7e0591e8cb0fa7286a65b25b7351e822aa29e968c801eea9a78c54bbb2a45e9,3df068dc8ea8f6248a4c7d3c6d4c3857
Assets/03.Scripts/DialogueEvent.asset,Assets/01.Game/04.Data/03.Events/DialogueEvent.asset,d5ea8ca3abf665ce5351b6e186b36945674afd26843a8673666ee469485c918e,5f3c879dee00b5c4d989b0ec4091cb0b
Assets/03.Scripts/EndingCredits.cs,Assets/01.Game/02.Scripts/04.Features/11.Ending/EndingCredits.cs,0b9e057accf04ceebb35a5eebf3099adebcc14d369feedf61e1df19b3e000c75,ac93d4f5bfef6fc4ca142fcebcde860c
Assets/03.Scripts/Event SO/Typing/OnScreenClickEvent.asset,Assets/01.Game/04.Data/03.Events/Event SO/Typing/OnScreenClickEvent.asset,37dcc9ac1783e4ae3f2473b4989af8a94bcbafa11ee352a839351809fd490b0f,ed13675a90844034da293063ef2a1f56
Assets/03.Scripts/Event SO/Typing/SetNameColorEvent.asset,Assets/01.Game/04.Data/03.Events/Event SO/Typing/SetNameColorEvent.asset,42f995093591c5f8cba5473976fabc161db534fe3e261841b186bd3d64ae7b18,ed257fb3555e7e2418315e3a9b7f7181
Assets/03.Scripts/Event SO/Typing/SetNameTextEvent.asset,Assets/01.Game/04.Data/03.Events/Event SO/Typing/SetNameTextEvent.asset,5a8127562d9e553d8ece399ed220f2b912309e47ca3ebb373353206ca8942f86,28338c44b7003944c9a605b673994dbe
Assets/03.Scripts/Event SO/Typing/TypingEvent.asset,Assets/01.Game/04.Data/03.Events/Event SO/Typing/TypingEvent.asset,c6d9e5e4e722f36a7481860e9417aba868bc57accfc8cab880e7b3c9f3a29280,94252d41239baae4fa8f43c79d94d8f9
Assets/03.Scripts/Event/BoolEvent.cs,Assets/01.Game/02.Scripts/02.Core/05.Events/BoolEvent.cs,16e3d30cde6b52efe78a4597f2ada4b8ac21946276fd69bd1514ecb6e8e72024,44b31e4555e0c624b84caf72ee50b1bc
Assets/03.Scripts/Event/BoolEventListener.cs,Assets/01.Game/02.Scripts/02.Core/05.Events/BoolEventListener.cs,0f70ff475342dfcdb45b079ea099c384d599138c29a4e22e3dca1a9e44a5f08b,c2031760585f5c640957b1741da5839b
Assets/03.Scripts/Event/Color32Event.cs,Assets/01.Game/02.Scripts/02.Core/05.Events/Color32Event.cs,9638c6139cbd429ecddb45696bef8fff1adbee60a130cc195b37a247e6bd2804,ce0270a2e8181fc49bc0bcc1c9d82be5
Assets/03.Scripts/Event/Color32EventListener.cs,Assets/01.Game/02.Scripts/02.Core/05.Events/Color32EventListener.cs,0a601fac1909930fdc071e447a203d0fa7f8656022392d4c2f3bd736d9cb6ef5,75644c61e1771b142bf095d44af3e99a
Assets/03.Scripts/Event/FloatEvent.cs,Assets/01.Game/02.Scripts/02.Core/05.Events/FloatEvent.cs,f3da82fe02939bf6473fff85f23de81a41cdfae9f6262c5536821119f577015f,79e2d52dbadbc33498d64038a77e8d1d
Assets/03.Scripts/Event/FloatEventListener.cs,Assets/01.Game/02.Scripts/02.Core/05.Events/FloatEventListener.cs,da1aa8712a4b383958c9fdf976da97c749fa574c9f790b0522847525b4c6d7b7,7e928af95ca19cc4da1d57c1cdacff07
Assets/03.Scripts/Event/GameEvent.cs,Assets/01.Game/02.Scripts/02.Core/05.Events/GameEvent.cs,1a1df52e3d061c3672f32c67862ad5883a64bc2bf4ba58b399210c2a6fc0a9d2,3fa4fb43a23e8564c8e078d1301895cd
Assets/03.Scripts/Event/GameEventListener.cs,Assets/01.Game/02.Scripts/02.Core/05.Events/GameEventListener.cs,4e60a76c798d8201263fbd6b2ab7485cf1afa2cbb376fb60b4cb710815ee1356,b56e1097e3d96b04fa08e1960fcc3330
Assets/03.Scripts/Event/GameObjectEvent.cs,Assets/01.Game/02.Scripts/02.Core/05.Events/GameObjectEvent.cs,0bc777080fd1da612109a821dfa0c439b4c0d5cc070b0c6c1bbbc0c0a5b9389c,a07f59b160b5a17428c803c81ea18bc7
Assets/03.Scripts/Event/GameObjectEventListener.cs,Assets/01.Game/02.Scripts/02.Core/05.Events/GameObjectEventListener.cs,1af623c81ea4e9bb45176ebfc4452b3515ab37ae5ecb4ae9a8bbdfbf814894fd,68270472ae8605d4681c0255b78a4115
Assets/03.Scripts/Event/IntDoubleDataEvent.cs,Assets/01.Game/02.Scripts/02.Core/05.Events/IntDoubleDataEvent.cs,cd261097bc3529e77f9160925c4bc8907a3523e8b23bac21ebd7ebe8a9ac4477,b7882526a17aab94492c78732cbf9ae6
Assets/03.Scripts/Event/IntDoubleDataEventListener.cs,Assets/01.Game/02.Scripts/02.Core/05.Events/IntDoubleDataEventListener.cs,e6399fd8481636c497912470057f8c5ae9795c5e4d2e0a130851a10aed66ea6c,1addb97f8d86ff546958b1b9bca2a1da
Assets/03.Scripts/Event/IntEvent.cs,Assets/01.Game/02.Scripts/02.Core/05.Events/IntEvent.cs,2c95755afde7db51b2c9ebe63ace103fc9ba29d42c18eff3e146bf7e0faf05ee,ed1f815a8fb2005458828f2282f5269e
Assets/03.Scripts/Event/IntEventListener.cs,Assets/01.Game/02.Scripts/02.Core/05.Events/IntEventListener.cs,cc5cf812e171efd9d4cb05badb66b9f5a27cf700fbae38e1ec8381dde0434e86,40054e2fa42098042b18cc0048d0ae50
Assets/03.Scripts/Event/IntIntDataEvent.cs,Assets/01.Game/02.Scripts/02.Core/05.Events/IntIntDataEvent.cs,c66bf2e27824c2af59e6a5337122e4ccbbe3f7b729673ade9af84c92bd2260ca,9c26dfe182b60f74b9bc4d11bd27bb9e
Assets/03.Scripts/Event/IntIntDataEventListener.cs,Assets/01.Game/02.Scripts/02.Core/05.Events/IntIntDataEventListener.cs,553a5965734220f0a43211c2d82c0c5783b1956af9e66f43cc8c9b9d95173c1b,d24ac2fbf38247f4c851c58c3e2d5ef0
Assets/03.Scripts/Event/IntIntIntDataEvent.cs,Assets/01.Game/02.Scripts/02.Core/05.Events/IntIntIntDataEvent.cs,2c4851f12fed7d5aa119be0e92917867a5b0f74e3d25739fbfcfcd8c2d6b6c8c,74a8f02fc04963a4281e16e6ac1126b2
Assets/03.Scripts/Event/IntIntIntDataEventListener.cs,Assets/01.Game/02.Scripts/02.Core/05.Events/IntIntIntDataEventListener.cs,a78b9cc7ec8f5ff6d899aa93d88edf7338ae2f1db4c3a21aefd8269bde7caf6e,74dbb4fe1614d994f93b2e6f28b9d9c4
Assets/03.Scripts/Event/ListIntIntDataEvent.cs,Assets/01.Game/02.Scripts/02.Core/05.Events/ListIntIntDataEvent.cs,37433d62e82fccdea1ab13363ad1bb47baf9d535fffd67cce15837b66a872f39,4c87c26ef5252a74694b337214588bb4
Assets/03.Scripts/Event/ListIntIntDataEventListener.cs,Assets/01.Game/02.Scripts/02.Core/05.Events/ListIntIntDataEventListener.cs,8ba5c0373744ea02aa8ddbe698cbe1cb5867a8dddf1f5d74ecfb949f265b054b,c421a99065ecfae45b7d3e19209cb7a2
Assets/03.Scripts/Event/ListIntIntIntDataEvent.cs,Assets/01.Game/02.Scripts/02.Core/05.Events/ListIntIntIntDataEvent.cs,c29bfb500059e8a49987f020ed65191590867db8ca4a900f2af30a789fe818a7,9d3a4d5757272de408d3ca129832c0b0
Assets/03.Scripts/Event/ListIntIntIntDataEventListener.cs,Assets/01.Game/02.Scripts/02.Core/05.Events/ListIntIntIntDataEventListener.cs,3e0628666444decc85cba385ca3d85bd4a60d482e6032aae63ad7cbc22a8b375,c9f8aafab97479347b938f8f6ca7eba3
Assets/03.Scripts/Event/StringEvent.cs,Assets/01.Game/02.Scripts/02.Core/05.Events/StringEvent.cs,b93ee503a4031e5a045e740000514dc98c37cc5b482e8bcc85a54d259402686f,9d8ce92cdd802fa45bc1ffc0cc727b25
Assets/03.Scripts/Event/StringEventListener.cs,Assets/01.Game/02.Scripts/02.Core/05.Events/StringEventListener.cs,10db010f89c6582fac2cc8ea9c336e47b32ebc59a7265033af94de7c6cc150f8,fec81eb0c228b83408ae14e0d8b48ceb
Assets/03.Scripts/Event/TypingDataEvent.cs,Assets/01.Game/02.Scripts/02.Core/05.Events/TypingDataEvent.cs,4ff0c0b7315e693f9c6905a502e47728b053477b5c5d612cfcf3bcc249384351,f24e1a50985d6f5419d0ccb78b40b547
Assets/03.Scripts/Event/TypingDataEventListener.cs,Assets/01.Game/02.Scripts/02.Core/05.Events/TypingDataEventListener.cs,b2e3be9da50748966a2b744dac26c8ebea47dba1db6473c32782eaf82716f9e7,4b122ce02bb5c1a42b7439ead3e149dd
Assets/03.Scripts/Event/Vector2Event.cs,Assets/01.Game/02.Scripts/02.Core/05.Events/Vector2Event.cs,e2f33772d9820c9e6d5f897ad8c021a267c9c4b9641c2e1bf2285117ea5df73b,d5c2160d34e15d846bf9a93d488f1526
Assets/03.Scripts/Event/Vector2EventListener.cs,Assets/01.Game/02.Scripts/02.Core/05.Events/Vector2EventListener.cs,91fce4ec0e4b203c31b7affd099ec23d4162ced5b96dfe90a12dffa53a2c323e,e296a03e29a7d8d4898c5f07f6c93da8
Assets/03.Scripts/Event/Vector3Event.cs,Assets/01.Game/02.Scripts/02.Core/05.Events/Vector3Event.cs,c27f69e8b7b367865e57ea9153fe61bd31d0a704b959de51be54301db073fc44,6c0cf03a7f73a1840b01682ae9dbb3e8
Assets/03.Scripts/Event/Vector3EventListener.cs,Assets/01.Game/02.Scripts/02.Core/05.Events/Vector3EventListener.cs,b2bd40a8b4552c620d48f70d49e3af89afcf7d5b8ea0f301feca465fcf6af720,af893c2961f2fab41b55a6f89394b561
Assets/03.Scripts/Event/VoidEvent.cs,Assets/01.Game/02.Scripts/02.Core/05.Events/VoidEvent.cs,e0e74c75bff825a0c11ad27b37cf128a9f125f30cefa44350636bdfd67656a33,eb03271f1f9b61b45a44fdd1870036c2
Assets/03.Scripts/Event/VoidEventListener.cs,Assets/01.Game/02.Scripts/02.Core/05.Events/VoidEventListener.cs,3f8b3b9ccd7a8d7bff522ef72eeb333a5e7a2b28ecbd20e398e7d3387e8d5373,41f71681fe4dcf549b49589478533061
Assets/03.Scripts/GameStateManager.cs,Assets/01.Game/02.Scripts/02.Core/01.Progression/GameStateManager.cs,5ef40c13cca4606b9ab0c63d34fa7fde6be65149e7d995222b74084864ee4345,a6327aaf99e47454a92c9e877c52ce2f
Assets/03.Scripts/Home/TempSofa.cs,Assets/01.Game/02.Scripts/04.Features/08.Home/TempSofa.cs,9b86af9d42806a5dabd9dc86369531119c59989a641fda9718cb4aa3b0d0677d,82ace456b68457646aa4e887f35d0ca3
Assets/03.Scripts/LogoFade.cs,Assets/01.Game/02.Scripts/05.Presentation/03.UI/LogoFade.cs,a6751fac25d1ef950ae35a9aae2985868ec87d8ff8ed63a96a0b2b455b4b5eea,1df2c7f6918fded4fb5f85cb027cb882
Assets/03.Scripts/MainManager.cs,Assets/01.Game/02.Scripts/04.Features/10.Title/MainManager.cs,21432744a1d589190167a7392e32c2814560bd666a40177afdda1d89bfedc40d,95dcec141389854438fcfaf69b3545b9
Assets/03.Scripts/MiniGame/Cap/CapInputHandler.cs,Assets/01.Game/02.Scripts/04.Features/02.Minigames/05.Cap/CapInputHandler.cs,7893e7bd2ca8b77773e2f3059dd7fba3b3f9658980b9bc7ea0fcbc686b2dfbb1,d70d708e922ed7b49968d33904c50a33
Assets/03.Scripts/MiniGame/Cap/CapManager.cs,Assets/01.Game/02.Scripts/04.Features/02.Minigames/05.Cap/CapManager.cs,04d85abf5b245c0d7f83da4b63bdccd63f35c4c67af240e415ed66ed4a177ef6,f791559f625fff345b88fb431c05b930
Assets/03.Scripts/MiniGame/Cap/CapPlaceholder.png,Assets/01.Game/03.Content/03.Crafting/04.Minigames/05.Cap/01.Sprites/CapPlaceholder.png,82e8394a3122deb48992b7c6df384cba4b04bc389b776f3d26100c390815e091,fe338dde503bb0740bd35c89cdea8ab9
Assets/03.Scripts/MiniGame/Cap/CapRing.cs,Assets/01.Game/02.Scripts/04.Features/02.Minigames/05.Cap/CapRing.cs,8113d5c5533c7e7e05aa78264767a507b3f17de2c8116674de5ce4e19faedb86,9c22d9c12c578b246826ccbbd8034fa3
Assets/03.Scripts/MiniGame/Pour/BottleSilhouette.cs,Assets/01.Game/02.Scripts/04.Features/02.Minigames/04.Pour/BottleSilhouette.cs,2c499f3504f9bfe2735f4529730bc173e35288067ee3fbd1f8eaaa21b352f595,6f20dc24d4226734b8e7c5958d8e26da
Assets/03.Scripts/MiniGame/Pour/BottleTiltController.cs,Assets/01.Game/02.Scripts/04.Features/02.Minigames/04.Pour/BottleTiltController.cs,add0a28581998791192670bf892afdb3eb55e99847edc750174f698932b3bb49,1391282a6af391f46acce662dfd383f2
Assets/03.Scripts/MiniGame/Pour/LiquidBlobSplat.shader,Assets/01.Game/03.Content/03.Crafting/04.Minigames/04.Pour/07.Shaders/LiquidBlobSplat.shader,749aa9ce4b8044c4d299f14b23500fe9e643cf22bc6b117cb1dab9fc03555d92,5a7d1e2aa790a694fb589a333dea6601
Assets/03.Scripts/MiniGame/Pour/LiquidComposite.shader,Assets/01.Game/03.Content/03.Crafting/04.Minigames/04.Pour/07.Shaders/LiquidComposite.shader,ef5786f57a047f25538800a38e52bbf24b360cdb1c4dd28197f71197e16786a2,da9499dfa1884a844adbee884c992379
Assets/03.Scripts/MiniGame/Pour/LiquidProfile.cs,Assets/01.Game/02.Scripts/04.Features/02.Minigames/04.Pour/LiquidProfile.cs,935a4c4f06bcd4ce1ab60109707e891fbd07cdda2090c40d680ca963eb433678,85776558d1c78dd409defa7fa4629d81
Assets/03.Scripts/MiniGame/Pour/MetaballStream.shader,Assets/01.Game/03.Content/03.Crafting/04.Minigames/04.Pour/07.Shaders/MetaballStream.shader,82364d913826e2b8e4d46dc1d24b47595937fa9fe146169eea14d5a34d26fd4b,e0703c69548396647aa664573dde3fc2
Assets/03.Scripts/MiniGame/Pour/PourInputHandler.cs,Assets/01.Game/02.Scripts/04.Features/02.Minigames/04.Pour/PourInputHandler.cs,163a26b39b8eea32801be472b7de3bceef67e5f2110ff70c6aa6967a271afad1,6be6e31efb714bd418dd9488655452e4
Assets/03.Scripts/MiniGame/Pour/PourManager.cs,Assets/01.Game/02.Scripts/04.Features/02.Minigames/04.Pour/PourManager.cs,e195c86b8aa2a1f268a41792a0c2bfba8353176277eaae915d44701f985c2541,b4f4e5ce075917d409efd26c13bfd3ea
Assets/03.Scripts/MiniGame/Pour/PourPlaceholder.png,Assets/01.Game/03.Content/03.Crafting/04.Minigames/04.Pour/01.Sprites/PourPlaceholder.png,82e8394a3122deb48992b7c6df384cba4b04bc389b776f3d26100c390815e091,8f1a6c4351823524e8427ef05d9e1423
Assets/03.Scripts/MiniGame/Pour/Profiles/Liquid_Default.asset,Assets/01.Game/04.Data/01.Definitions/Minigames/Pour/Liquid_Default.asset,1084d7e24fc00003d1158740ae90d49aa6fc0a2b6227070a8eb1bc399d6aecd6,85046370d91e5a644a08f786c490d663
Assets/03.Scripts/MiniGame/Pour/Profiles/Liquid_Light.asset,Assets/01.Game/04.Data/01.Definitions/Minigames/Pour/Liquid_Light.asset,b37ad7fe7a75d86eb66c7cd52cc779d80cad942756855578e13a955ae4f1d6cc,a97b32a2bba90fc4da039c89346ea3bc
Assets/03.Scripts/MiniGame/Pour/Profiles/Liquid_Syrup.asset,Assets/01.Game/04.Data/01.Definitions/Minigames/Pour/Liquid_Syrup.asset,f5ed29496db1a2b8466bea3abc95038a54e0f8c20ac24b397eb12f1e86ff792d,81a3d7a81e3739442abdf0b281a49300
Assets/03.Scripts/MiniGame/Pour/Sph/SphConfig.cs,Assets/01.Game/02.Scripts/04.Features/02.Minigames/04.Pour/Sph/SphConfig.cs,e633985e4f70805b05478a00d7a72ec32c5519e31dbec5f5af8d466ed7294c8b,430d306dd8852cd46a3e70f17fadd4ab
Assets/03.Scripts/MiniGame/Pour/Sph/SphParticle.cs,Assets/01.Game/02.Scripts/04.Features/02.Minigames/04.Pour/Sph/SphParticle.cs,2d3c04d6a2c34850fc34aa7fa231171237c32bcd8bf7fe754ada9c1d437eae33,226e6998f315580458fa5e0aedf886c6
Assets/03.Scripts/MiniGame/Pour/Sph/SphSimulation.cs,Assets/01.Game/02.Scripts/04.Features/02.Minigames/04.Pour/Sph/SphSimulation.cs,031b14e522fc7bacd1333e65b5859a0faa00e549e7e4092ff37be52418ae49b3,a8efa7a81eb86904db05eed23727a0cc
Assets/03.Scripts/MiniGame/Pour/SphLiquidRenderer.cs,Assets/01.Game/02.Scripts/04.Features/02.Minigames/04.Pour/SphLiquidRenderer.cs,f334e41e310d33a24a9d6f8d245f2710571b5322d38fd7d41735a99f9fa26685,7e3eadb760e8ed04cad417b72a0e46b7
Assets/03.Scripts/MiniGame/Shaker/AnimSpeedController.cs,Assets/01.Game/02.Scripts/04.Features/02.Minigames/02.Shake/AnimSpeedController.cs,0319090c33769938007fb8e2cbca90c8c095c142893376bb3aabdd6f5020cc0c,b034ba393d7fbaa4da1d08619788110d
Assets/03.Scripts/MiniGame/Shaker/CategoryColorData.asset,Assets/01.Game/04.Data/01.Definitions/Crafting/CategoryColorData.asset,b67254a3f4c81c8e6f8766dd80842b06cf610c946f34219a6f56f677ede56657,c8e2665f2ba95ee43989823c33c174b3
Assets/03.Scripts/MiniGame/Shaker/CategoryColorData.cs,Assets/01.Game/02.Scripts/04.Features/02.Minigames/02.Shake/CategoryColorData.cs,8084e30e84a52bf448768d05068a2323e73fdce6fe26329eacb1254034079937,693bb8a62ecf3b84daadbd6b1d3a51f7
Assets/03.Scripts/MiniGame/Shaker/CategoryNode.cs,Assets/01.Game/02.Scripts/04.Features/02.Minigames/02.Shake/CategoryNode.cs,0a396990beb48a6b192504fbe99a6db7063ee45fc7b1c79a725337064ea216d7,8541d2509a89f7149892161156218add
Assets/03.Scripts/MiniGame/Shaker/ClickEvent.asset,Assets/01.Game/04.Data/03.Events/MiniGame/Shaker/ClickEvent.asset,227fb783647e57b95bac7c676ab01aed9b0606df2e71c79872840a29c782ae1a,eb823089b09656144b5fa991a8fb96cf
Assets/03.Scripts/MiniGame/Shaker/GameStart.asset,Assets/01.Game/04.Data/03.Events/MiniGame/Shaker/GameStart.asset,fb23f01ba1550fa288e3b710abe5d4c59d41eb09336feac56c5e0acc3c6796f3,14f0146608e5d0e438b9dc0f3596fe60
Assets/03.Scripts/MiniGame/Shaker/GradientRatioController.cs,Assets/01.Game/02.Scripts/04.Features/02.Minigames/02.Shake/GradientRatioController.cs,1c040bd689b497432e27463246ffb91724bf4dc9f9c13b0cb6a29533fe30b741,287615d6ed97ff944bf49208400a3806
Assets/03.Scripts/MiniGame/Shaker/MinigameInputHandler.cs,Assets/01.Game/02.Scripts/04.Features/02.Minigames/02.Shake/MinigameInputHandler.cs,0d8ad00aebcad2ca4abe1b229566787bd18e921d84f892fe436b85def9a4f1d2,e1bd57d7ebc32b948b6f3e5b5847a37d
Assets/03.Scripts/MiniGame/Shaker/New Material.mat,Assets/01.Game/03.Content/03.Crafting/04.Minigames/02.Shake/03.Materials/New Material.mat,35e4798e408d0ae1bd7b6597cec908938290c02982baaf8c63d02a102eab64a6,4159eb4b44f69dd419280373cf658df4
Assets/03.Scripts/MiniGame/Shaker/NodeEffect.cs,Assets/01.Game/02.Scripts/04.Features/02.Minigames/02.Shake/NodeEffect.cs,fd66f4b5be72eefb1263a3df1011e948ff35827bc0523ce624cdff5d286c4497,a12f2fcd36761fd4b8901a5469ed6f33
Assets/03.Scripts/MiniGame/Shaker/NodePatternData.asset,Assets/01.Game/04.Data/01.Definitions/Crafting/NodePatternData.asset,0e5f7e8ddd9c0ce6219a3fd3da8bf16738501466eb4a45e6b66bf2837245b291,489e2496c12b209459dc89815222ff3b
Assets/03.Scripts/MiniGame/Shaker/NodePatternData.cs,Assets/01.Game/02.Scripts/04.Features/02.Minigames/02.Shake/NodePatternData.cs,458dd324a0dece38d7d8abc7970eb85e89d25cbc7e3711b2afa346081ddb9709,c9a5d916b8d46a946825a6cc58437730
Assets/03.Scripts/MiniGame/Shaker/OnChangedSeqIndex.asset,Assets/01.Game/04.Data/03.Events/MiniGame/Shaker/OnChangedSeqIndex.asset,620ff31404b79c7816bf6622218254b3005071863b3f5f4b0a91f4468e06f6dd,40627ac7121a62140abda839504a49a5
Assets/03.Scripts/MiniGame/Shaker/OnReleaseEvent.asset,Assets/01.Game/04.Data/03.Events/MiniGame/Shaker/OnReleaseEvent.asset,60abea8f3681ed12e0163a8d89aa68e4134c1a3005b6d614390dd68ee5470ed1,2b94baf308d537f4c81baa773e78e4f2
Assets/03.Scripts/MiniGame/Shaker/ShakeAnimEvent.asset,Assets/01.Game/04.Data/03.Events/MiniGame/Shaker/ShakeAnimEvent.asset,278c444b08d2855896d9f23836bf9d329bddf335bdee46ba027cfd8011baa2b2,7e8b26a8bea703c4e90fd61feffcd770
Assets/03.Scripts/MiniGame/Shaker/ShakeAnimResetEvent.asset,Assets/01.Game/04.Data/03.Events/MiniGame/Shaker/ShakeAnimResetEvent.asset,764ca51c7fae3a88b3249bd5d82ede6fa3d9f0ec19e3c17bdc213005179e4110,5ee1cb15fda85aa41b09c5bdced554c8
Assets/03.Scripts/MiniGame/Shaker/ShakeLineCreator.cs,Assets/01.Game/02.Scripts/04.Features/02.Minigames/02.Shake/ShakeLineCreator.cs,ce7d5c0c45777fb135fb8a0df050c813a0715c177f60b84110b661f434d1d291,f8131ae03bf01b847b6c7154d19cd48e
Assets/03.Scripts/MiniGame/Shaker/ShakerEvent.asset,Assets/01.Game/04.Data/03.Events/MiniGame/Shaker/ShakerEvent.asset,5e1d22ae56ee8b4d512fc5fc42a1b5c9de6597674d477a062c30b106056ca54d,53bee0beeb2ef2642a22930d823ad6d3
Assets/03.Scripts/MiniGame/Shaker/ShakerPaneltyEvent.asset,Assets/01.Game/04.Data/03.Events/MiniGame/Shaker/ShakerPaneltyEvent.asset,d02e1012e48b90425c238b82e688ad34c30fe1c50ea958d315a748645bffa963,b12ced2ee080a2745b76defe13be7d03
Assets/03.Scripts/MiniGame/Shaker/ShakingCatergoryNodeCreator.cs,Assets/01.Game/02.Scripts/04.Features/02.Minigames/02.Shake/ShakingCatergoryNodeCreator.cs,3f2c3b8bdc0e62f149811f2b695e557ea3910664c0b79465f78558a4daacd613,1af9332e9665f81499f63f35f9b7d72e
Assets/03.Scripts/MiniGame/Shaker/ShakingManagerNew.cs,Assets/01.Game/02.Scripts/04.Features/02.Minigames/02.Shake/ShakingManagerNew.cs,a89a0c9b4735b4e42e4beadee413cf9fbee63d4283b78917f208964f3fc4ad88,a64920a4421a1c34f9ae37edec4e3425
Assets/03.Scripts/MiniGame/Shaker/ShakingStrikeNode.cs,Assets/01.Game/02.Scripts/04.Features/02.Minigames/02.Shake/ShakingStrikeNode.cs,5f80acbc7cfb29319af7f5a9e3e196a030155ef708eb83a737688f5aead5f0f8,ad532e9d829c7e0499415f8bb1722d88
Assets/03.Scripts/MiniGame/Shaker/UIColorGradient.shader,Assets/01.Game/03.Content/03.Crafting/04.Minigames/02.Shake/07.Shaders/UIColorGradient.shader,f76ce52116c33c48b205c63304b8e888ea5d4c23c553f16be0b9aa88de17e915,4e32334fb164d84469469727c6b49378
Assets/03.Scripts/MiniGame/Stir/StirAnimationView.cs,Assets/01.Game/02.Scripts/04.Features/02.Minigames/03.Stir/StirAnimationView.cs,46b49fd2c5e61591b77883ae23d31911f1bca8bac42e3243d0e19fb57bededac,5ce1d63e98b54fd4b0dc9d2d9543efc4
Assets/03.Scripts/MiniGame/Stir/StirDirection.cs,Assets/01.Game/02.Scripts/04.Features/02.Minigames/03.Stir/StirDirection.cs,96389fed03185a482737584c96dbc526b83ebfb3bc612e6c693ab76011def48b,d926f3ae10d169847996aa6c4a2ef059
Assets/03.Scripts/MiniGame/Stir/StirGaugeOutline.cs,Assets/01.Game/02.Scripts/04.Features/02.Minigames/03.Stir/StirGaugeOutline.cs,736ae3e6d823e6bc5ef3d07b0767112c3f077527de4f2fd942efa1a45ff184ec,82fe576a477842ab95e40f70694a19de
Assets/03.Scripts/MiniGame/Stir/StirGaugeView.cs,Assets/01.Game/02.Scripts/04.Features/02.Minigames/03.Stir/StirGaugeView.cs,665e34dbf0ea339664a8077f1fc2d0287bcf3b0fc5e6ef0a774dbd4760963c63,664d44986e0f27a40baec5c2842c613b
Assets/03.Scripts/MiniGame/Stir/StirGlassView.cs,Assets/01.Game/02.Scripts/04.Features/02.Minigames/03.Stir/StirGlassView.cs,481382b8f34b3c3aff2cdaac2856d02df39b46b7e9ad3335a5a228b0268f99cc,c1d134f1d6e64e044b698d1db1ff64b4
Assets/03.Scripts/MiniGame/Stir/StirHudView.cs,Assets/01.Game/02.Scripts/04.Features/02.Minigames/03.Stir/StirHudView.cs,5433783ce3b42dcf66fda5cf98c69af3ef6a1e8162275f63ad4d29b180d178f3,29e8a91f155bd7845b57ac223bd88552
Assets/03.Scripts/MiniGame/Stir/StirIceSwirl.cs,Assets/01.Game/02.Scripts/04.Features/02.Minigames/03.Stir/StirIceSwirl.cs,95bce7ab855cdacaa69511ab21187c19ddc99211cc2c3ad06b9cbb611bce46ab,fee1401ba4b0ee14ca3e608eb5084b92
Assets/03.Scripts/MiniGame/Stir/StirInputHandler.cs,Assets/01.Game/02.Scripts/04.Features/02.Minigames/03.Stir/StirInputHandler.cs,dc7a01a6e1ed93fef0eac4353753c9f2dd580e03ab6cde166e84c04b4911d509,5d21c354ba51eaa43962587aa36ddd2f
Assets/03.Scripts/MiniGame/Stir/StirKeyBadge.cs,Assets/01.Game/02.Scripts/04.Features/02.Minigames/03.Stir/StirKeyBadge.cs,552a4ba4756bab1743a32806c3875600e94fe2bedf0a704142884634fba6e46d,dc405bc48ab33204bad82e4f9b619a1c
Assets/03.Scripts/MiniGame/Stir/StirManager.cs,Assets/01.Game/02.Scripts/04.Features/02.Minigames/03.Stir/StirManager.cs,5e1499062930ea1822d2020bc19597468818ec52a5e166a232652f53bbb7cbc6,6bdbda8e8d171754a9c87fc3c52e9e18
Assets/03.Scripts/MiniGame/Stir/StirSideGlassView.cs,Assets/01.Game/02.Scripts/04.Features/02.Minigames/03.Stir/StirSideGlassView.cs,d6609ef1628396e4ab013d2ea440673761813a604c11aca3a0f53802b48da5e9,104a087f2594ea047b48c92adf2ab0ec
Assets/03.Scripts/MiniGame/Stur/CircleLineCreator.cs,Assets/03.Dev/03.Scripts/01.Minigames/Stur/CircleLineCreator.cs,eca7fa8033c9e6f3a62825f27c57927b66aa936644209ac46da29c7202015e3e,9b9a720a9f188a54c9515062dbf8d628
Assets/03.Scripts/MiniGame/Stur/CircleNodeCreator.cs,Assets/03.Dev/03.Scripts/01.Minigames/Stur/CircleNodeCreator.cs,bacec1a98c293d5a3ba0aed56a113efd5db4fbb17abfffef0c78f9c12ffe8ff3,fed3a59c1beda8a4e81aed0eb77a653d
Assets/03.Scripts/MiniGame/Stur/CircleNote.cs,Assets/03.Dev/03.Scripts/01.Minigames/Stur/CircleNote.cs,b23e1f107530bdd9599d1c34ba4373e93984ca202b12a1271e9bea956add5713,fcd1b2038d292f24cb0470dcfb0f5766
Assets/03.Scripts/MiniGame/Stur/SturEvent.asset,Assets/01.Game/04.Data/03.Events/MiniGame/Stur/SturEvent.asset,82d5935f204d4b54dfd3c0f64431e269c4f5340f0aa6a263504784b3b139fc2c,b29310d8fb0fbae4fbf2cf50dbc013cf
Assets/03.Scripts/MiniGame/Stur/SturManagerNew.cs,Assets/03.Dev/03.Scripts/01.Minigames/Stur/SturManagerNew.cs,21bcfed1aed9af90c0e255e33e8a03fb7c85013d76e327eba125a37d85958990,4e171412ddb91754d85dcf0820be46dd
Assets/03.Scripts/MiniGame/Stur/SturPanertyEvent.asset,Assets/01.Game/04.Data/03.Events/MiniGame/Stur/SturPanertyEvent.asset,d32177fa7d18363b43ef04d975633020834f92b05d5d0b6b31ced539896980eb,6a7b5e45ef2476440b3407bf7b21dd0f
Assets/03.Scripts/MiniGame/Stur/SturStrikeNode.cs,Assets/03.Dev/03.Scripts/01.Minigames/Stur/SturStrikeNode.cs,297e6ed644a227bec7d540f90102e1b04860cbf9efa98d4e4d42e3196c0a9c94,245166b2232b3884c9028a9f8ffabaea
Assets/03.Scripts/Option/DisplaySettings.cs,Assets/01.Game/02.Scripts/04.Features/12.Options/DisplaySettings.cs,c99c799a31baec0a3939317717f72a378b2212454efbd5ca0d0933a2abfe791c,946eb0887155fb34a8a99376a9ef71ca
Assets/03.Scripts/Option/IDisplaySettings.cs,Assets/01.Game/02.Scripts/04.Features/12.Options/IDisplaySettings.cs,00cf15e435766c9ae56d213e5045e86707fea379c16b442f834fddc50f4d4e5e,dfa432a31bacc2d45a9f0d54f8d7601e
Assets/03.Scripts/Option/UIDisplayOptions.cs,Assets/01.Game/02.Scripts/04.Features/12.Options/UIDisplayOptions.cs,5d266d96da37be20985c5a08da741828ecc82987d9a763c05c3fb9c3e2648a6d,c9410f929677f304a94efc98094615f0
Assets/03.Scripts/Outside/Camera/ChangeCameraMode.asset,Assets/01.Game/04.Data/03.Events/Outside/Camera/ChangeCameraMode.asset,d2ef3f34f166c5abd32022440d19baf7134384f43cca71dd910f0c8c45f815b6,c32ef6e22cbbca14aa31c164c86fdf23
Assets/03.Scripts/Outside/Camera/OutsideCamera.cs,Assets/01.Game/02.Scripts/04.Features/07.Outside/Camera/OutsideCamera.cs,925a59a718208ece204bd27850aa772e351d438008044f0b8e67f5d96ef3cbf0,a0a462e6e9bacdf4d8d230aebd0e7e4f
Assets/03.Scripts/Outside/Entity/Action/InteractiveTriggerEntity.cs,Assets/01.Game/02.Scripts/04.Features/07.Outside/Entity/Action/InteractiveTriggerEntity.cs,a45f7931d7a8709bc3d1019fd694197c68ebbdbf46750989faa65b9f4eb3cfb7,1f0e63ec8eaf1064fafdde087b642e21
Assets/03.Scripts/Outside/Entity/Bubi.cs,Assets/01.Game/02.Scripts/04.Features/07.Outside/Entity/Bubi.cs,14855d69244f657503dbb5166d0960ed02d87cde2b43f4137394d1570c1e4919,e7c30fbd69ec54747beeb6bb4911b011
Assets/03.Scripts/Outside/Entity/InteractEntrance.cs,Assets/01.Game/02.Scripts/04.Features/07.Outside/Entity/InteractEntrance.cs,417768bec8769ec002611a297960e630b96689846434fbef53ebdb07b6758c5d,81d80f391d4868948a5341fc497db727
Assets/03.Scripts/Outside/Entity/InteractionAction.cs,Assets/01.Game/02.Scripts/04.Features/07.Outside/Entity/InteractionAction.cs,39078875c5a9d37489fdb7a54b8176a7e194a642f957dca76906b1f50b96b928,ae5a7d9332f4fff4796b35fa87b8c981
Assets/03.Scripts/Outside/Entity/InteractiveActionEntity.cs,Assets/01.Game/02.Scripts/04.Features/07.Outside/Entity/InteractiveActionEntity.cs,aee1b0b876526bc2afb2e0e6ca176088096fe51978e9bd58adfd24c25bcfdf18,575d3797610203b409e274f7b110ec55
Assets/03.Scripts/Outside/Entity/InteractiveEntity.cs,Assets/01.Game/02.Scripts/04.Features/07.Outside/Entity/InteractiveEntity.cs,d790a2886c6b2bd9b3a397f1500581eba523ed6fbbe0acdf57e3030da89293c8,8a76fb549998e5440bab7ecf60a40372
Assets/03.Scripts/Outside/Entity/InteractiveEntityManager.cs,Assets/01.Game/02.Scripts/04.Features/07.Outside/Entity/InteractiveEntityManager.cs,96a94b921098b8599120c47188645e656127d6ec175e02fd11f486d18c902d5d,223b415c8a9ac22429b43c8b47dd4ce7
Assets/03.Scripts/Outside/Entity/InteractiveNPCEntity.cs,Assets/01.Game/02.Scripts/04.Features/07.Outside/Entity/InteractiveNPCEntity.cs,393c64a1d5d837f37c39ba53a6f66b396f37f2a04fa61e7adde22b5b2912e9fe,751709c61d70ba847812a269e78aefad
Assets/03.Scripts/Outside/Entity/NPC_Samho.cs,Assets/01.Game/02.Scripts/04.Features/07.Outside/Entity/NPC_Samho.cs,c84d7c50f244922cadc632fe23c6980f34c48363fc3470474c4b4c2a97809a9b,bf1e357b2cecd6b4d98eaef470f262e6
Assets/03.Scripts/Outside/Entity/OnRefreshConditionEvent.asset,Assets/01.Game/04.Data/03.Events/Outside/Entity/OnRefreshConditionEvent.asset,a53a938a8c6e83e619ffd3c8d1124afbaacbd7dbb59234618be18bf9536d755f,d46708b2f4844f449b84c18841c72725
Assets/03.Scripts/Outside/Entity/OutsideElevator.cs,Assets/01.Game/02.Scripts/04.Features/07.Outside/Entity/OutsideElevator.cs,51b4d868d6b700bb3772070bb09e2aeee18e434201ed03cccf737aba67642255,11b08d5bf8fe65e4dbba72b0bbff7350
Assets/03.Scripts/Outside/Entity/OutsideElevatorRadio.cs,Assets/01.Game/02.Scripts/04.Features/07.Outside/Entity/OutsideElevatorRadio.cs,3e90bc843104f8e817986181bad0122134a3714087de0f680ada8cac69a39c2a,fd855fad35e50b1408eba58734b74f4c
Assets/03.Scripts/Outside/Entity/OutsideEntity.cs,Assets/01.Game/02.Scripts/04.Features/07.Outside/Entity/OutsideEntity.cs,2dbb91856b4cf7eb7083bf6e0f09f42cbe9a6d2f6ef0ae5a9a9aa9ed3010e17b,87ff187c34dfd0243b4074e01b90305b
Assets/03.Scripts/Outside/IEntity.cs,Assets/01.Game/02.Scripts/04.Features/07.Outside/IEntity.cs,141a2d8dc95a54703073eeba9c8d8ba3ac156082db3791d18a542c94313c7033,1148f49dc5aee2d46ac38c7f79f21685
Assets/03.Scripts/Outside/IInteractable.cs,Assets/01.Game/02.Scripts/04.Features/07.Outside/IInteractable.cs,66936b1d92d9f02be3ed72c6c4fb0fc165a28c51903bb85801414c88ba2e900d,9868804b09595a54caf8bdc69ddb8236
Assets/03.Scripts/Outside/IInteractor.cs,Assets/01.Game/02.Scripts/04.Features/07.Outside/IInteractor.cs,a0b9fd042e94fb2debb247ae123089d7394e70d187c9d86ba914b65f5124dcfc,c0fd5a0c3745e4a44b3d013b7d497924
Assets/03.Scripts/Outside/IOutsideTimeliner.cs,Assets/01.Game/02.Scripts/04.Features/07.Outside/IOutsideTimeliner.cs,3db3dbb9512f0768022ad4cfd4acb50544e765d62419b67f469b61edff14f6dc,69279286d06bfb04a805fb596c73752b
Assets/03.Scripts/Outside/ITrackedble.cs,Assets/01.Game/02.Scripts/04.Features/07.Outside/ITrackedble.cs,aae4536cdc37bc4fcbd524b97b154fbc42758bec976f158db12cc3786f2461ed,72ca986d3b43d6e458600f968846e1ca
Assets/03.Scripts/Outside/ITrackedbleEvent.cs,Assets/01.Game/02.Scripts/04.Features/07.Outside/ITrackedbleEvent.cs,b69303565625d5c8d73a7e535289ae61cc9311780f85247251acba094003a8cf,6749ee03746b4d44d98896769bdb966c
Assets/03.Scripts/Outside/InteractableEvent.cs,Assets/01.Game/02.Scripts/04.Features/07.Outside/InteractableEvent.cs,2f094e5a03f8836d848d6a64a2063542d41f212f95d11dd3fe0ad5ec61d09fb1,5102fcd3051390247a9df325c69b73a8
Assets/03.Scripts/Outside/InteractionDetector.cs,Assets/01.Game/02.Scripts/04.Features/07.Outside/InteractionDetector.cs,8913cee256ee2f8c0124ef1e4c324ea1311470957ba035901041620a48c45a1f,cd4b64c9fc1d1b241803c6e9f188ba62
Assets/03.Scripts/Outside/InteractionStateLease.cs,Assets/01.Game/02.Scripts/04.Features/07.Outside/InteractionStateLease.cs,c7a163a7f655d8487908adbc53f160a6d1645901d45967e60e9e8a52b937762f,b792bb25b3f93492cb25a1d2c0f456b2
Assets/03.Scripts/Outside/InteractorEvent.cs,Assets/01.Game/02.Scripts/04.Features/07.Outside/InteractorEvent.cs,fa7ab65d6d0822f2fab507c407bbab245084def6c8cb7d7a494570ad7448c4ea,d5acc595b93cd3a4d8952381802a0113
Assets/03.Scripts/Outside/NpcInteractable.cs,Assets/01.Game/02.Scripts/04.Features/07.Outside/NpcInteractable.cs,e3b0c44298fc1c149afbf4c8996fb92427ae41e4649b934ca495991b7852b855,b57e6163a33a5404c9ace5b1c472e096
Assets/03.Scripts/Outside/OustideTimelineManager.cs,Assets/01.Game/02.Scripts/04.Features/07.Outside/OustideTimelineManager.cs,023a0546cd7f43f55f520235a77b5054d59667b9d7fb06a8927e8b714676d700,1ef768954c1416d46a4c3d3c117e69ce
Assets/03.Scripts/Outside/OutSideEventSO.cs,Assets/01.Game/02.Scripts/04.Features/07.Outside/OutSideEventSO.cs,a7f4e5935a44bad9945882a62f4ba0a40178603ea2765a826e1c4a5925f03840,8d6d3edf029ebef458d8c9804866efce
Assets/03.Scripts/Outside/OutsideActions.cs,Assets/01.Game/02.Scripts/04.Features/07.Outside/OutsideActions.cs,044038c3b9fcb9e24744f69d483262079ce58a1a8e495c20588d37498a360862,0640b3c9ac71462fb61038648eb70f66
Assets/03.Scripts/Outside/OutsideDialoguePresenter.cs,Assets/01.Game/02.Scripts/04.Features/07.Outside/OutsideDialoguePresenter.cs,55daf4fc102a20c6080b00c089c53b042499d908ca7ce59c248d6fbb0df089af,9353bfbf1ea200f438ade9d944fe4502
Assets/03.Scripts/Outside/OutsideSpotManager.cs,Assets/01.Game/02.Scripts/04.Features/07.Outside/OutsideSpotManager.cs,5a2b19afd16062a9e2570405cd344783a0fe1eb1f7edcde5a6e9d84780b0c3f8,eccfb230dbf502f4da2340ee88a1fbe2
Assets/03.Scripts/Outside/SO/OnAdvancedEvent.asset,Assets/01.Game/04.Data/03.Events/Outside/SO/OnAdvancedEvent.asset,189649675f737360c5bf6bd7d6be3c251ea2a45aaa32a814c020fb7f6a0d5cb5,14d86cde082a37f4d81c25c4a2ad3072
Assets/03.Scripts/Outside/SO/OnInterctedTarget.asset,Assets/01.Game/04.Data/03.Events/Outside/SO/OnInterctedTarget.asset,60401e2f353f6e02ab14ce7a5c095d78b87e127d9a9e52784ad9e5efc6a26772,e6c99aecbcb5ea04c90122c6c5b13af8
Assets/03.Scripts/Outside/SO/OnTargetChanged.asset,Assets/01.Game/04.Data/03.Events/Outside/SO/OnTargetChanged.asset,6cd099353bcfb18225d3472b28b4464e47ac284b10555a9497b38c94f7b9c0b8,0467b77eb46eafb4ea43b54809b11e42
Assets/03.Scripts/Outside/SO/PlayerDeltaEvent.asset,Assets/01.Game/04.Data/03.Events/Outside/SO/PlayerDeltaEvent.asset,1edf865a206db36f69bd2cb2dd6f27a59b9bcb70855a7a667e73521983735287,51c8cf233ebed154e85a539870de4908
Assets/03.Scripts/Outside/SO/PlayerMoveEvent.asset,Assets/01.Game/04.Data/03.Events/Outside/SO/PlayerMoveEvent.asset,2978434dd15af5b7f4541a6dbd1ce1e3f37813b4a58ec7a949197709f3c7ff0d,fc97bd69b8ee16f41a00475f3045d577
Assets/03.Scripts/Outside/SO/PlayerStopEvent.asset,Assets/01.Game/04.Data/03.Events/Outside/SO/PlayerStopEvent.asset,596aa9d0957de5252a781a51ba0247a7a6659e97c2aad1c37b08c7c849ef5754,0fa5b20f6770066458d692e3a68bd653
Assets/03.Scripts/Outside/SO/Track/TrackedInteractButton.asset,Assets/01.Game/04.Data/03.Events/Outside/SO/Track/TrackedInteractButton.asset,bb992f388e16b5b1cf13624e21f6d59b6bf8700f1602b91fdde4c461741f65e8,baf2f79b2d3cf6b469ed39b28975c89e
Assets/03.Scripts/Outside/SO/Track/TrackedPlayerTextBubble.asset,Assets/01.Game/04.Data/03.Events/Outside/SO/Track/TrackedPlayerTextBubble.asset,0957997dfa3732ad4498dd3738657e163ecc13bddd60453b1220a6a0f1e6d1dc,c2ec13b3066df1f42bb0d70d99550d51
Assets/03.Scripts/Outside/SO/Track/TrackedRadioTextBubble.asset,Assets/01.Game/04.Data/03.Events/Outside/SO/Track/TrackedRadioTextBubble.asset,fa66524e37351021346c82c1d730391ce92a12da47dd873d14ec41c866b202d1,acaf18ff09c02a6458ef63f161c03440
Assets/03.Scripts/Outside/SO/Track/TrackedTargetTextBubble.asset,Assets/01.Game/04.Data/03.Events/Outside/SO/Track/TrackedTargetTextBubble.asset,2ae3eecb6c42e373adddb81534058bdbab14612543410950d476b2efccdf4a83,e8071577f80d02d4e9ebdeba72bcd84c
Assets/03.Scripts/Outside/SO/TryInteractor.asset,Assets/01.Game/04.Data/03.Events/Outside/SO/TryInteractor.asset,d881cdd427b03633c4fbe1e15f9052293696e56bac08e4add4afb33b99016921,40be41cab298b2242a9cf7f4d3240be4
Assets/03.Scripts/Outside/SpotPoint.cs,Assets/01.Game/02.Scripts/04.Features/07.Outside/SpotPoint.cs,c548068c09d701a48d3686b64b0218ba36c9bc6a1eae5c98214948c428f923c0,3d4562b852656414186eaf98df08d91d
Assets/03.Scripts/Outside/UIInteractableButton.cs,Assets/01.Game/02.Scripts/04.Features/07.Outside/UIInteractableButton.cs,dc363d710f586f938fa110b8e77a6a17742b1f7b83444d48c38affa89ccd4051,e3d51388abcd75f4d80f2e515117889d
Assets/03.Scripts/Outside/UIOutsideTextview.cs,Assets/01.Game/02.Scripts/04.Features/07.Outside/UIOutsideTextview.cs,1601468c9f61762930842ec629cfe541c7cb3260feee06791366024e32e4cd9c,3ea90d8ffefdea84cb23ccf3ffb12217
Assets/03.Scripts/Outside/UIOutsideTracker.cs,Assets/01.Game/02.Scripts/04.Features/07.Outside/UIOutsideTracker.cs,a749d3d6f6f52cf901da3e54548dd863d25e1e77c9e8afc2b03d023659102b9f,98d25e4606c500149a7c0a10087bb699
Assets/03.Scripts/Outside/gimmic/OutsidPhonePlayer.cs,Assets/01.Game/02.Scripts/04.Features/07.Outside/gimmic/OutsidPhonePlayer.cs,20a85ce56bab6506646408277f4fa7220dbd98ed056b8cfac12c4adc94b5c8f3,94b7bc226ce1ae64698edd5583ad74b3
Assets/03.Scripts/Outside/gimmic/OutsidePhoneButton.cs,Assets/01.Game/02.Scripts/04.Features/07.Outside/gimmic/OutsidePhoneButton.cs,72a3fa5700fdea4b87bd6e32e2c420d63abb251c80017c2ef2675a7b54e0ba4c,734859be9bf76884aa518ed6176774ea
Assets/03.Scripts/Outside/gimmic/OutsidePhoneGimmick.cs,Assets/01.Game/02.Scripts/04.Features/07.Outside/gimmic/OutsidePhoneGimmick.cs,cf0db3b045837862c34f349cf1cea741df4094a396085745115846ca97661a15,843238ae15ae9b34b8be8604a4891fda
Assets/03.Scripts/PlayFlow/EPlayPhase.cs,Assets/01.Game/02.Scripts/02.Core/01.Progression/PlayFlow/EPlayPhase.cs,425e8d7257b534ce2cc5f286cea334cf11e4d0c1d8290c1ef1bcd01f8e6b8e3a,f5c769676293d244abc00c8925bdc40f
Assets/03.Scripts/PlayFlow/IPlayPhaseFlow.cs,Assets/01.Game/02.Scripts/02.Core/01.Progression/PlayFlow/IPlayPhaseFlow.cs,0092d95f4c28e5bbbd160d8acd886b00cc521f3d052ee5de4d55d1ebc9760264,f31f592825a5ac84aa0a9bcdc03b0191
Assets/03.Scripts/PlayFlow/PlayPhaseController.cs,Assets/01.Game/02.Scripts/02.Core/01.Progression/PlayFlow/PlayPhaseController.cs,49486e2ea65cb8f1f77853b320102b6236c14580d7775dd2f61294d07fb6a52d,ed7ba82b8d3f7d84c9dc4efc3c9c0e20
Assets/03.Scripts/PlayFlow/PlayPhaseExecution.cs,Assets/01.Game/02.Scripts/02.Core/01.Progression/PlayFlow/PlayPhaseExecution.cs,d4a5602e102b7fdaf8666c83bf2532240eebbeaeb134702111e7540c1a589a4f,a3e9f2c17b8d4a72a4c6f0e19dbe5321
Assets/03.Scripts/PlayInputHandler.cs,Assets/01.Game/02.Scripts/02.Core/04.Input/PlayInputHandler.cs,5076ed4b8e2cae7b26cc6fa1fe4e89c98a143d8311d4ece84dbe29c0c31c9553,6ab7bf9cc8a33e241ae158c7c3f38430
Assets/03.Scripts/Player/IPlayerData.cs,Assets/01.Game/02.Scripts/04.Features/09.Player/IPlayerData.cs,b9eba3fc0e887eecd8721a71c42b7544ea6d595235f896e9a94259bad8de07b0,2b66c2113feaf81419df85ecb89b5840
Assets/03.Scripts/Player/OutsideInputHandler.cs,Assets/01.Game/02.Scripts/04.Features/09.Player/OutsideInputHandler.cs,c4432ea354863adee3ba20ac5218938ccb5b028ef7ced0d2879dbe69b7ea4790,88e0d0dc670ea694bb9dbe10a2015f4c
Assets/03.Scripts/Player/PixelSnapVisual.cs,Assets/01.Game/02.Scripts/04.Features/09.Player/PixelSnapVisual.cs,0bf40df61e0cacd8d16f7bdbd12c902699f0686445ab0d1cb4f88ddf3bb895e7,c7268398b271ac341a74347932089391
Assets/03.Scripts/Player/Player.cs,Assets/01.Game/02.Scripts/04.Features/09.Player/Player.cs,17d13b733703952247350c0f25948c3063cbf18b210248058d2ae6733da00c28,79e9ac90fdddccb46b3669d089f7afab
Assets/03.Scripts/Player/PlayerAnimator2D.cs,Assets/01.Game/02.Scripts/04.Features/09.Player/PlayerAnimator2D.cs,765df890735174d518ccdb1b977eb000f598dc30c597b9422186c8575ae3c965,485eddb25af51cf44a92e65225d45dcc
Assets/03.Scripts/Player/PlayerData.asset,Assets/01.Game/04.Data/02.RuntimeCaches/Player/PlayerData.asset,3101a26d628064c8f40845fae3dae72378e01c6d215b05f2dd8f4bafa9c77c66,2fd3768d3d1393647a7e88b72e79c9e0
Assets/03.Scripts/Player/PlayerDataSO.cs,Assets/01.Game/02.Scripts/04.Features/09.Player/PlayerDataSO.cs,14b0050abacd9e39200fc93fab3ab017b3778eb02d39e008981c04a8de7cb3ee,5750a37d41dc0fd47ab9a5da3902d52e
Assets/03.Scripts/Player/PlayerMovement2D.cs,Assets/01.Game/02.Scripts/04.Features/09.Player/PlayerMovement2D.cs,0582298b1f8a3b28f03831b1a70c2bf1337d9e7d980ec0dba5e096043d43169a,17c91088d7486df4ead5ee93dc2c3734
Assets/03.Scripts/Player/PlayerSettlement.cs,Assets/01.Game/02.Scripts/04.Features/09.Player/PlayerSettlement.cs,f454d58e65b8171caa4c02c6ccdc79d34ca4387c9596a582ef2809ecff8208e1,9e7f5f3fc901c5a4d8b29aa38a712694
Assets/03.Scripts/Player/SetSpeedEvent.asset,Assets/01.Game/04.Data/03.Events/Player/SetSpeedEvent.asset,ab36b71a716e43f3bd6b55da652da3e1c97dee7819f14886b83a8151596adc7b,1e63d36ed34ea3d4e9d3fb80e3e58e08
Assets/03.Scripts/Pool/PoolManager.cs,Assets/01.Game/02.Scripts/02.Core/06.Pooling/PoolManager.cs,271338b0d4bad7b9ebf4313df9e0a10a25c9499ebbd89617fccc1564918ac009,0e7dcb304b06b9f44ad644f23c67b625
Assets/03.Scripts/Pool/PooledObject.cs,Assets/01.Game/02.Scripts/02.Core/06.Pooling/PooledObject.cs,71ea88b3fa97ce6c21402a1bb6e1accf648e3a4d773c268038861463676ea82e,b7852c62a9b3f2c4f8bf64533cc24702
Assets/03.Scripts/Shader/OutlineHighlight.cs,Assets/01.Game/02.Scripts/05.Presentation/04.Vfx/OutlineHighlight.cs,fe5200e87096211cd2d1388344b0562113efd99f19b5c1baa383b5adb163a071,f29e7b5923a10ab4ba4ae136e0466572
Assets/03.Scripts/Shader/SpriteOutline.shader,Assets/01.Game/03.Content/09.Shared/07.Shaders/SpriteOutline.shader,f89fce0a24ddf04a21550b7fd32dcd24496e6905b46c0ed2efc49dd502dbab59,8491e4e36547f4545a5dcf96f2e6e8c2
Assets/03.Scripts/Shader/m_SpriteOutLine.mat,Assets/01.Game/03.Content/09.Shared/03.Materials/m_SpriteOutLine.mat,4074eed0d9953ffdfcdc88e9e5213ffe88928b67aec7bb5909532c72638ed77d,dc4c490dd4202f0428eb2218251c9bc0
Assets/03.Scripts/Sound/ISoundManager.cs,Assets/01.Game/02.Scripts/05.Presentation/02.Audio/ISoundManager.cs,7435d10031d1b1f34aa1ebfb818333a5b1a3b3487dc547c7fb19c48d5217bec8,91564cfe7a84f96408844f3ca0f42a2b
Assets/03.Scripts/Sound/SoundManager.cs,Assets/01.Game/02.Scripts/05.Presentation/02.Audio/SoundManager.cs,0d356e535dd3dfb6292008605d7aaeed3e2524ef1559ae279541cd5caa05d5f8,1486174b907f9714b8375f87c546c812
Assets/03.Scripts/Story/BarStoryPresenter.cs,Assets/01.Game/02.Scripts/04.Features/04.Story/BarStoryPresenter.cs,89d9f988693ee352d90a3aa077ab7a8c41f3ae77dd6b710bf9125e65ca48eb60,45c1f3e2d0e14eb084168456107ff0f4
Assets/03.Scripts/Story/IStoryPresenter.cs,Assets/01.Game/02.Scripts/04.Features/04.Story/IStoryPresenter.cs,44d43ba28a7a46017b5523af1a08546c6be55fc452c902cdce86db528cdfca06,2439b4074a9d4512894719f52b52d848
Assets/03.Scripts/Story/StoryExecutionResult.cs,Assets/01.Game/02.Scripts/04.Features/04.Story/StoryExecutionResult.cs,c27d5587c70ec22e0e36c6e564c95231fc9a1b2709fb62f29cb178b5fc0af77c,01246cd4ab6f4227b81a592149f74ca3
Assets/03.Scripts/Story/StoryFlow.cs,Assets/01.Game/02.Scripts/04.Features/04.Story/StoryFlow.cs,b848ba2a5adf0b353687cd1078248686587d466cd9acbbd1106df04e5cc311ba,07fb136642554f5f985a60505a4da6ed
Assets/03.Scripts/Story/StoryGrade.cs,Assets/01.Game/02.Scripts/04.Features/04.Story/StoryGrade.cs,8fa70510c9affd8059b8897b6f83c5ae6b9cbe85976d241e97459d09a0c45a43,be8b819c8b2943aaa1f46a33858f3d54
Assets/03.Scripts/Story/StoryResultContext.cs,Assets/01.Game/02.Scripts/04.Features/04.Story/StoryResultContext.cs,f04daf5bd31b4af03b4ac5a5f7eb52951bc513c0bdfb6b78a4d8b2dc1457afa4,fdddb794b6fa49309aba872fc2370648
Assets/03.Scripts/Story/StorySceneCursor.cs,Assets/01.Game/02.Scripts/04.Features/04.Story/StorySceneCursor.cs,9de83947e049ddb0a85e611887fe0ff5270cdb66b4922c36bd8697925a37655b,cd277d8fc228435ba57d4103c9e637f5
Assets/03.Scripts/Story/StoryScriptRunner.cs,Assets/01.Game/02.Scripts/04.Features/04.Story/StoryScriptRunner.cs,4271874a82c17575c9f107d5a4cf313e2cc1abc1c2b41692f73c6639865f2d7d,1e8d29b667654511ae7373d0f0546c11
Assets/03.Scripts/Story/StoryServeDropTarget.cs,Assets/01.Game/02.Scripts/04.Features/04.Story/StoryServeDropTarget.cs,a01efe5779a59e231841d6bbb7fa4bf6eaa84f53df25e62b097f3cfdc96d1bd6,256faf180759a864a8eab42b8d8b9a00
Assets/03.Scripts/Tool/ConditionUtil.cs,Assets/01.Game/02.Scripts/02.Core/01.Progression/ConditionUtil.cs,fd1373c91d4136e47faae02289a131ff841a01c7f95c6d487f9650e2a2bd011b,11fac066f390b6145958a4cc8fd1393d
Assets/03.Scripts/Tool/CraftPrepLifetimeScope.cs,Assets/01.Game/02.Scripts/01.Bootstrap/CraftPrepLifetimeScope.cs,3a03452fbbaa08d2ea2be4c3ca3d41fdf69ca636f49c54acf53b6b3b57aca4d0,a01f26cc9ac04848af10ab388ab76c4b
Assets/03.Scripts/Tool/DynamicSpeechbubble.cs,Assets/01.Game/02.Scripts/05.Presentation/03.UI/DynamicSpeechbubble.cs,6adde0aa728d6d3797e5f9773ec81cc2355d4c0433c5a3a8734c5d3258076876,eafd58139f026224e8b7f6c3996f3c6a
Assets/03.Scripts/Tool/FixedHandleSize.cs,Assets/01.Game/02.Scripts/05.Presentation/03.UI/FixedHandleSize.cs,4d98095680e0bbac0f4da250a8fdc5ebaabd23f830669454047dea93cf89b616,c63cfab669f4b4449b74a151b95a0e9a
Assets/03.Scripts/Tool/GameProgressionService.cs,Assets/01.Game/02.Scripts/02.Core/01.Progression/GameProgressionService.cs,5101967058b6949a0321a2faaaf18b7f9a8521d12840c34111a1ab23e164f072,75c81f6eb6124bd69b197f4f1658dc84
Assets/03.Scripts/Tool/HandleDragHandler.cs,Assets/01.Game/02.Scripts/05.Presentation/03.UI/HandleDragHandler.cs,b9a91466d979c22703216d5e9846fa169a35fb6f86cfc040f232810269916e46,4bf1adce45481674eb0963ee5ef8d798
Assets/03.Scripts/Tool/InGameLifetimeScope.cs,Assets/01.Game/02.Scripts/01.Bootstrap/InGameLifetimeScope.cs,0951101d5a1fa0984bf8a9f77bd22f3d9f19cf7d4a68f2a81286edb0165f410e,febf511e27ad6984cb03837bcdc9784a
Assets/03.Scripts/Tool/JsonManager.cs,Assets/01.Game/02.Scripts/03.Data/01.Loading/JsonManager.cs,c32bb734a12cee0628ec1c0d42cfbacf3c905e67ea8011eba4f6c602a6948b0f,c0f821edab724884c9ddf20ef047ca41
Assets/03.Scripts/Tool/Logger.cs,Assets/01.Game/02.Scripts/02.Core/07.Utilities/Logger.cs,71ec24fa7d74a42843da637ebb712f04294a4ce0b7cbde33ef12f2e5e9598600,48ca4ea0a38785e4eab8076049a7f474
Assets/03.Scripts/Tool/ObjectPool.cs,Assets/01.Game/02.Scripts/02.Core/06.Pooling/ObjectPool.cs,05da64764f601365ba5754c501809942e1354dd1ad4dc287a62fa2695f5416db,30e9f125f9f9e574a9ba46f3a173f532
Assets/03.Scripts/Tool/OutsideGameLifetimeScope.cs,Assets/01.Game/02.Scripts/01.Bootstrap/OutsideGameLifetimeScope.cs,44f839edf2257085f8f5301e48a18b2491fed809db1e3bff4a6f379b9bb35a6a,a76684a20272f8743a0de3c662cce035
Assets/03.Scripts/Tool/PositionBasedHandle.cs,Assets/01.Game/02.Scripts/05.Presentation/03.UI/PositionBasedHandle.cs,aba8c7c12944f18bb8b44057925b04abb398faf4878d1f9cb27beeba6448e9a0,37947acb54d9a5e4fb0c8d59d8659cbd
Assets/03.Scripts/Tool/PresentBinder.cs,Assets/01.Game/02.Scripts/04.Features/05.Dialogue/PresentBinder.cs,75a3638b9fe68242505966f471f014c78df294ec4048dc75dee69c9cccdf143d,3fa458e2ddef665499326c58771f3490
Assets/03.Scripts/Tool/ProjectLifetimeScope.cs,Assets/01.Game/02.Scripts/01.Bootstrap/ProjectLifetimeScope.cs,b30a4170bdef12dabd7f2d5746e88a18d9f917048a9e07cb3b696ea5cebb7433,0ebb35ee275fde8409da1e865e8ab97e
Assets/03.Scripts/Tool/SaveManager.cs,Assets/01.Game/02.Scripts/02.Core/02.Save/SaveManager.cs,038869b264ddb2bc207d466cf8eaf167aff252b186c20406e36ab16f6e1e8a40,839ba7af930f45299eec827a05dbed64
Assets/03.Scripts/Tool/SceneTransitionContracts.cs,Assets/01.Game/02.Scripts/02.Core/03.SceneFlow/SceneTransitionContracts.cs,230d02597347eda7d3e7a3a8b7df0deeaea75b8471475dcac45361f275cfceda,94721f34d88d482a8a7d58aef76b63f1
Assets/03.Scripts/Tool/SceneTransitionCoordinator.cs,Assets/01.Game/02.Scripts/02.Core/03.SceneFlow/SceneTransitionCoordinator.cs,f3f081f1ec3a04ac376b783e2a450fa70d16aebcc27e5868c0f82256f1e0d14d,2b83bd5bfa92475aa5cc958d1f5d87e4
Assets/03.Scripts/Tool/SceneTransitionManager.cs,Assets/01.Game/02.Scripts/02.Core/03.SceneFlow/SceneTransitionManager.cs,8942e7841a3e6511dac742dfb7bdf45ac91dab3c7e94906cc3eb49a5d1661016,4ff1ce93cde2a474aaac52b3cb47e275
Assets/03.Scripts/Tool/ScrollRectAutoSizer.cs,Assets/01.Game/02.Scripts/05.Presentation/03.UI/ScrollRectAutoSizer.cs,32f2bb2b5cabfd7d3847aff92b33fe0161b6339a100fb956e99f40631933a01f,efc6ef9738acb6d41b66613a50e8a3d8
Assets/03.Scripts/Tool/SerializableDictionary.cs,Assets/01.Game/02.Scripts/02.Core/07.Utilities/SerializableDictionary.cs,a6ed2b7849758810ee79cdedf692c1490ac37ec6e1c8e253ced254520546bfe0,05233348e9e2c0e42988725fcea91cc3
Assets/03.Scripts/Tool/TMPTypingEffect.cs,Assets/01.Game/02.Scripts/04.Features/05.Dialogue/TMPTypingEffect.cs,bd1ef888165457a99690c9b1404f321bae576f0fde6da6427d5f9bc8723e1a38,a403c2cad8fe88e4e8d4c6a9e83e12ee
Assets/03.Scripts/Tycoon/BarOperationClock.cs,Assets/01.Game/02.Scripts/04.Features/03.Tycoon/BarOperationClock.cs,01ed29eb1a99cd65e5707b9a7ebef6bafc86abc0db73fb8114a82de387789e97,9005ddb8c3bf4319b273f845dd4771de
Assets/03.Scripts/Tycoon/BarReputation.cs,Assets/01.Game/02.Scripts/04.Features/03.Tycoon/BarReputation.cs,f2ab0d6f3fc3d558c0b7065263bb4daaa798f7b2af5d5de2ca8d66c309ac1456,2d816f2005f2478cbcac7210a0108c65
Assets/03.Scripts/Tycoon/DailySales.cs,Assets/01.Game/02.Scripts/04.Features/03.Tycoon/DailySales.cs,bbfae15b10fbaaa27d8921f124ce53dde1aa53d2539c1d6b80d03aa41eded9e5,5efa415fbaaf4845901361a9dbade90d
Assets/03.Scripts/Tycoon/Guest.cs,Assets/01.Game/02.Scripts/04.Features/03.Tycoon/Guest.cs,497bbb65246ba7a7780ca44b303022f5222aa1bcd57cb92d422f9f826d205c3e,3aa399323ffde844da30d4cdc1fc9c40
Assets/03.Scripts/Tycoon/GuestAppearanceBuilder.cs,Assets/01.Game/02.Scripts/04.Features/03.Tycoon/GuestAppearanceBuilder.cs,1123df945bfde02dd3980c8a5e9e1d01cf12539510225aab6d1a2603adc81a2d,2677a9b63cee4e4aaef29258030f0ffc
Assets/03.Scripts/Tycoon/GuestBodySprites.cs,Assets/01.Game/02.Scripts/04.Features/03.Tycoon/GuestBodySprites.cs,82953ea86954cf66bf5b70a75f4c98872aab1223ef69a28fbe492526c5d56d20,9f565e513c814958aa468f06fe4d906d
Assets/03.Scripts/Tycoon/GuestCharacterView.cs,Assets/01.Game/02.Scripts/04.Features/03.Tycoon/GuestCharacterView.cs,dc7fa12fcea95a3b67189bb1a0f4ac88e5e715a2634fa8b2cd3910fc506d86d8,44d697e8dd16427cb2e6a9e3524c0acc
Assets/03.Scripts/Tycoon/GuestManager.cs,Assets/01.Game/02.Scripts/04.Features/03.Tycoon/GuestManager.cs,da0dc2a5dd770e726c19830f8afb5ceb5ee05b4721f0492f3db63b9b3470589c,b9573d71d01712a42b7623c0e0e65a00
Assets/03.Scripts/Tycoon/GuestSlot.cs,Assets/01.Game/02.Scripts/04.Features/03.Tycoon/GuestSlot.cs,cb757ef5cce1a2a430852bd67c1fcf57ca761c33c2a00cde8f9d1f4abcecf1c1,79a92d05ed5cb3442993c3888060139f
Assets/03.Scripts/Tycoon/OrderSettlement.cs,Assets/01.Game/02.Scripts/04.Features/03.Tycoon/OrderSettlement.cs,ed2e84897ce6f97666adc7868303a4bd08ef340212cfe0a1526c05c8d168d766,7f18cf86616c4ae38f0ceb9c5a2c3670
Assets/03.Scripts/Tycoon/ServeJudge.cs,Assets/01.Game/02.Scripts/04.Features/03.Tycoon/ServeJudge.cs,d3d03cb86a35230afe58d6d50ae642c10c291ec66390b68cf89d8a163e9a023b,199cb020074d9157fd986fcd1b6f00a3
Assets/03.Scripts/Tycoon/TycoonFlow.cs,Assets/01.Game/02.Scripts/04.Features/03.Tycoon/TycoonFlow.cs,ba765f51f418896e1501a6d03ce6371d883222fde28973358275db1e5c75c81d,bced7000495e4d24c9307fe67cceec55
Assets/03.Scripts/Tycoon/UI/CoasterDragItem.cs,Assets/01.Game/02.Scripts/04.Features/03.Tycoon/UI/CoasterDragItem.cs,9641e35fc636c180d9b321d6a48dac2f2eebea600fceae6bfa4cc74828acdafa,073d0d0aa71e2804b90650f0ce8cb40b
Assets/03.Scripts/Tycoon/UI/CoasterDropZone.cs,Assets/01.Game/02.Scripts/04.Features/03.Tycoon/UI/CoasterDropZone.cs,8455183a0acf8dc93c86122bce22519798dac8d796b4056b0f9c34972a0bc746,daf8a5285567a7445bcd0d2cac388656
Assets/03.Scripts/Tycoon/UI/CocktailRecipeBrowser.cs,Assets/01.Game/02.Scripts/04.Features/03.Tycoon/UI/CocktailRecipeBrowser.cs,e6db57af3b56e220fff2f45fc360f41b32d51ff9d750ff96fb6f9b5c89afeaf4,41968cb772394f75995844577fb37796
Assets/03.Scripts/Tycoon/UI/CocktailRecipePreview.cs,Assets/01.Game/02.Scripts/04.Features/03.Tycoon/UI/CocktailRecipePreview.cs,9540412b2586633d5d5c2a8f8bcfe740c331db98ff4fe116d3f8c86cab9f20a9,0fee13719692408490d56400b05a984a
Assets/03.Scripts/Tycoon/UI/CocktailRecipeRow.cs,Assets/01.Game/02.Scripts/04.Features/03.Tycoon/UI/CocktailRecipeRow.cs,3284a9a8806f851dc426a7c559eda4fc341f7e14e9aebf89ada065f320c1a23d,ae37763a66484890bba9e0495242a25f
Assets/03.Scripts/Tycoon/UI/CocktailRecipeVisualCatalog.cs,Assets/01.Game/02.Scripts/04.Features/03.Tycoon/UI/CocktailRecipeVisualCatalog.cs,e9d3a2aa5a6f8bbbbb399881c6a3bba6b150b213e0f45909eb541b1299e58e21,976bc723bdef483cb3e2669920ee8359
Assets/03.Scripts/Tycoon/UI/DrinkDiscardDropZone.cs,Assets/01.Game/02.Scripts/04.Features/03.Tycoon/UI/DrinkDiscardDropZone.cs,c7827f67f6a09ef52e518557b95aa0ed0a7b3a81f0e893a5314e70a1deec1449,6a2fc16951fd4ea1a32fc9ae6a3c72bd
Assets/03.Scripts/Tycoon/UI/DrinkDragItem.cs,Assets/01.Game/02.Scripts/04.Features/03.Tycoon/UI/DrinkDragItem.cs,10ba6ecae21e542e447a2f06f22cd44840c42b20d08938a21f743f99307b1434,0277e372c897ab164df70d551cea1558
Assets/03.Scripts/Tycoon/UI/RecipeBrowserScreen.cs,Assets/01.Game/02.Scripts/04.Features/03.Tycoon/UI/RecipeBrowserScreen.cs,9bc5390b625ec85aac631c28917c82ff1f60ccd9e2f55ef2f0e396b60c9a16d5,6c3d2f2bd69b49d5a414747191ae4d87
Assets/03.Scripts/Tycoon/UI/RecipeIngredientCell.cs,Assets/01.Game/02.Scripts/04.Features/03.Tycoon/UI/RecipeIngredientCell.cs,c0f7d486aec1dfbcbc93accaf317424102a0d5ed7daec19d106907509b5b966c,cee93318274f443baaffbda4c950c26e
Assets/03.Scripts/Tycoon/UI/RecipeIngredientNameTooltip.cs,Assets/01.Game/02.Scripts/04.Features/03.Tycoon/UI/RecipeIngredientNameTooltip.cs,1a5a5bd6753368fac171b8aa322e6f0e69ff21695c84c2df206d9edd4e38b7c9,7bffc1b75c3840649480673dc7ab7a61
Assets/03.Scripts/Tycoon/UI/RecipeTagChip.cs,Assets/01.Game/02.Scripts/04.Features/03.Tycoon/UI/RecipeTagChip.cs,77ff9d9676ddcd959ec6ffb0aa05defbf7c2aa06e3b0ae0270a224e62cf272b1,b5582b9fc213409aa16b9fc71084d029
Assets/03.Scripts/Tycoon/UI/ServeTrayUI.cs,Assets/01.Game/02.Scripts/04.Features/03.Tycoon/UI/ServeTrayUI.cs,3d9b65781094539b01970645eb8010274aa6802d71c72efc78baa6b0849ef0d1,1c5acc357d7748c77b0818601d510101
Assets/03.Scripts/Tycoon/UI/ServicePanelController.cs,Assets/01.Game/02.Scripts/04.Features/03.Tycoon/UI/ServicePanelController.cs,d0c3404b507c3df03f82599057a5c081aca166edd86396a405d1c39d9a684592,2c7939a78a934eacba81cba9b6d63e1d
Assets/04.Prefabs/Cell.prefab,Assets/01.Game/03.Content/05.UI/01.Shared/04.Prefabs/Cell.prefab,411802dc0cfab102355d6d455d1c91c398a764f9dcbfaee02e1f698150dbe671,9a4b9add0d2b04c4db66703fb1405365
Assets/04.Prefabs/Dialogue TextBox.prefab,Assets/01.Game/03.Content/05.UI/01.Shared/Dialogue/04.Prefabs/Dialogue TextBox.prefab,94db40456eea2f48790f2042e5e3d8ee6d2dcf87983a7562bb88bf9e6ac918e1,74e38f0051304c748af9fbfc338925c0
Assets/04.Prefabs/Game/Build.prefab,Assets/01.Game/03.Content/03.Crafting/01.Preparation/04.Prefabs/Build.prefab,803a99c1f1e8dff6998e9269321c531819ebe89fe3ca6469c4d9453c37fbf46c,ff3e987bacd490b4a927e7b9083d4945
Assets/04.Prefabs/Game/Category Node.prefab,Assets/01.Game/03.Content/03.Crafting/04.Minigames/02.Shake/04.Prefabs/Category Node.prefab,25bb6069fb0742da20eccac02a294af0d5acf41f79cb01bcb0a18e39e9875246,10928c8e9bdff8f4bbe132c2148e002b
Assets/04.Prefabs/Game/Category Stur TargetNode.prefab,Assets/03.Dev/02.Content/01.Minigames/Stur/04.Prefabs/Category Stur TargetNode.prefab,7d886163ae8ecdec6d8aeec38125b5878258fd6dd80815a057969b8858d9d7b7,fb1d7e2d72a62d243be80efdf2f56cf3
Assets/04.Prefabs/Game/Category TargetNode.prefab,Assets/01.Game/03.Content/03.Crafting/04.Minigames/02.Shake/04.Prefabs/Category TargetNode.prefab,db2eff811c9ada60cbe5b880298428df883919773b644e65b636649188aa3d89,67d79f763d8ea7a4a95c5d11b315ed75
Assets/04.Prefabs/Game/CraftPrepStage.prefab,Assets/01.Game/03.Content/03.Crafting/01.Preparation/04.Prefabs/CraftPrepStage.prefab,47a950c4ed544c0f619d9f3d36128ae7730b14622337defe30c74c4658c396c0,00492cd0b8ae116429f76660d79869a3
Assets/04.Prefabs/Game/Effect Node.prefab,Assets/01.Game/03.Content/03.Crafting/04.Minigames/02.Shake/04.Prefabs/Effect Node.prefab,73364aa849a7dd6afa48668345c4e5735a5b1c75cd1e26dccfeecf77be1092f7,bd2117e40933c1b459d447b6cb1d7584
Assets/04.Prefabs/Game/NewCapGame.prefab,Assets/01.Game/03.Content/03.Crafting/04.Minigames/05.Cap/04.Prefabs/NewCapGame.prefab,f4078324d9ff31417e523a110afa64a7f14039a9ca9990d27c5b2b351ffecf45,874b920cdb2d42947a0f61c029bb6636
Assets/04.Prefabs/Game/NewPourGame.prefab,Assets/01.Game/03.Content/03.Crafting/04.Minigames/04.Pour/04.Prefabs/NewPourGame.prefab,2d57486d972811208b2b1785404b6ff3105ecbafbad50b00b0c17c2c0d842c02,60c9244cd971b7d4d950ffb65fd1f547
Assets/04.Prefabs/Game/NewShakingMinigame.prefab,Assets/01.Game/03.Content/03.Crafting/04.Minigames/02.Shake/04.Prefabs/NewShakingMinigame.prefab,3c058452ae78d1c97325add8486a4331cc77e7ca93f084eecec132ff92791a04,19fa6dc02bb9d6740b17e576ce95e9be
Assets/04.Prefabs/Game/NewStirGame.prefab,Assets/01.Game/03.Content/03.Crafting/04.Minigames/03.Stir/04.Prefabs/NewStirGame.prefab,e103a7e7b809e9eb71ed533cf417bfbc31dfff9811d05b008d8dcec3029c37b3,2831fcbc34568c24b9589a5b2701072b
Assets/04.Prefabs/Game/NewSturMinigame.prefab,Assets/03.Dev/02.Content/01.Minigames/Stur/04.Prefabs/NewSturMinigame.prefab,77d163a5f714c77f4a49c723f7e658657964b1d1757fb426467649d8566bad8d,43844df01e4e334488e68504f3003fe0
Assets/04.Prefabs/Game/ShakingMinigame.prefab,Assets/01.Game/03.Content/03.Crafting/04.Minigames/02.Shake/04.Prefabs/ShakingMinigame.prefab,1662c14c983515d4dc9983874ea89603754d329c7ecdf0cf60e0c83a5c236ad4,3600e76ddfe831c4eaea96e9a22aa57d
Assets/04.Prefabs/GridLine.prefab,Assets/01.Game/03.Content/05.UI/01.Shared/04.Prefabs/GridLine.prefab,b7718019fcc5791e50528960f23329efeeb14b6e4a07e309bd83e895658e669c,992a37cca0c48104aafa9808d643167c
Assets/04.Prefabs/Intro.prefab,Assets/01.Game/03.Content/04.Cutscenes/01.Lab/04.Prefabs/Intro.prefab,404538b450f8ad9a627ebe69ecebc3dd77e404dde5918b1a12f73837874a0bcb,5e2dfb0d719984f4896994a4a555eafa
Assets/04.Prefabs/NewDataLoadManager.prefab,Assets/01.Game/03.Content/09.Shared/04.Prefabs/Bootstrap/NewDataLoadManager.prefab,7d52092e9d15555e4d150026dbe5465d8f3355887082c23baf9a998cd9d75ec7,261f79bfa242484db9e65517f4398743
Assets/04.Prefabs/ProjectLifeScope.prefab,Assets/01.Game/03.Content/09.Shared/04.Prefabs/Bootstrap/ProjectLifeScope.prefab,a99dd874fcb88bb78f8c235768b265267005d06ba9b79665246edec73a463854,c199fb25c03682e40b3bb84d2d0d0b77
Assets/04.Prefabs/UI/Category Toggle.prefab,Assets/01.Game/03.Content/05.UI/01.Shared/04.Prefabs/Category Toggle.prefab,fa75d2e7b666f7f2beea6c62725c6442d055bbc4b74e57b3551d4c2bb4615153,35b9d7675c416e1498a323ee0636febf
Assets/04.Prefabs/UI/ChoicePanel.prefab,Assets/01.Game/03.Content/05.UI/01.Shared/Dialogue/04.Prefabs/ChoicePanel.prefab,5cc8e4aa824a5296b20a29e9fa98e11339a8d4ec277801f3c4f0f816f0cd0871,d948ab23d993dcc4d97a6422419a2a01
Assets/04.Prefabs/UI/CoasterSupplyTray.prefab,Assets/01.Game/03.Content/03.Crafting/05.Serving/04.Prefabs/CoasterSupplyTray.prefab,26bfbb44c536c4d62691eb638218177875da1316a41c8f4fd01874831ce42901,c7db01d0ef964544a4c8bbe4ae16c2e3
Assets/04.Prefabs/UI/CocktailRecipeRow.prefab,Assets/01.Game/03.Content/03.Crafting/06.Recipes/04.Prefabs/CocktailRecipeRow.prefab,972798c37a4d6e354429cb1360facfc77c80c0deee4a60ff540e97ec8213eabe,7bc396279906dbf429f3c9d536fa4b4b
Assets/04.Prefabs/UI/CraftPrepTrayItem.prefab,Assets/01.Game/03.Content/03.Crafting/01.Preparation/04.Prefabs/CraftPrepTrayItem.prefab,8288b1c155a3f1f5854a443e95bebf3f5bd590bef8abb42fbefbd1ca2c4eceba,e0134fb11d081ec4c951c5a6a50bd3d8
Assets/04.Prefabs/UI/Gage Separation.prefab,Assets/01.Game/03.Content/05.UI/01.Shared/04.Prefabs/Gage Separation.prefab,dec5c514d2c91e08a86e1971bf05267bc5122c66c7e8b447c6da511f9073fada,2b792e0eac1956549921d88689d31655
Assets/04.Prefabs/UI/GainText.prefab,Assets/01.Game/03.Content/03.Crafting/05.Serving/04.Prefabs/GainText.prefab,eda2982550863881d85f2841417ab753ce0ad210cde6339ea412919da98a1408,891b95426d0e8be438a1cc4c5f1b7a7a
Assets/04.Prefabs/UI/RecipeIngredientCell.prefab,Assets/01.Game/03.Content/03.Crafting/06.Recipes/04.Prefabs/RecipeIngredientCell.prefab,d5fcd4a23cc02e5d3ee2976494b6706f3a8f95bd273622088046ff26273cd404,651833058a3c40241973e540f5b08890
Assets/04.Prefabs/UI/RecipeIngredientName.prefab,Assets/01.Game/03.Content/03.Crafting/06.Recipes/04.Prefabs/RecipeIngredientName.prefab,147e6a049932b8beb8fad29edec01ef90c0c3218b17b7f26381f1701e2bf37dc,2ed8aad6bf6b55f4fbb2c045c110c209
Assets/04.Prefabs/UI/RecipeTagChip.prefab,Assets/01.Game/03.Content/03.Crafting/06.Recipes/04.Prefabs/RecipeTagChip.prefab,c43578b90907e0ce086aadde3f858c870f97492abc694dea6bfc0bbc700d0904,1c3bc08fd3374325801668186ba353de
Assets/04.Prefabs/UI/ServedDrink.prefab,Assets/01.Game/03.Content/03.Crafting/05.Serving/04.Prefabs/ServedDrink.prefab,0bd93ad3ac5b199c35169ab064db2d149a0fe15b7192ec80e9813ba15bac1386,bbc621765fab65647a6474e5bcf646d1
Assets/04.Prefabs/UI/SettlementRow .prefab,Assets/01.Game/03.Content/03.Crafting/05.Serving/04.Prefabs/SettlementRow .prefab,8de5cfbd322f711fbd2c6e76eef9c4302d109a8bedcde66bc7fb42ff5772cdef,208d8ccaeaf34ef4e877a12b7df84997
Assets/04.Prefabs/UI/StoryServeZone.prefab,Assets/01.Game/03.Content/03.Crafting/05.Serving/04.Prefabs/StoryServeZone.prefab,dd3f931cb69eda7e181ad78b4a01fee21a23a791561019601be3e7314bef046a,43125cc438d7cb440a57408cad850fc0
Assets/04.Prefabs/UI/Summary Text.prefab,Assets/01.Game/03.Content/03.Crafting/05.Serving/04.Prefabs/Summary Text.prefab,6f68ac281f1a139b4410d41dcf965d08b24c3b52f56acb1a090adee37a04441e,c7b48c19b4813e04b84672213fcaa0d8
Assets/04.Prefabs/UI/UISpacer.prefab,Assets/01.Game/03.Content/05.UI/01.Shared/04.Prefabs/UISpacer.prefab,c6c534e66cbb58324c35a4a426534907d686f3665d2edfc25bb88adbcbd1ab6e,7317e6f21ab0ec342aeb3848d34e2464
Assets/04.Prefabs/VFX/FX_Fly.prefab,Assets/01.Game/03.Content/06.Vfx/04.Prefabs/FX_Fly.prefab,03dcf180995366f823a00ec86cf486a45aef36d2bd12427dce0f35de1389d8f2,d8243f27e2ac01e4bb7219ebf813811e
Assets/04.Prefabs/VFX/FX_WireSpark.prefab,Assets/01.Game/03.Content/06.Vfx/04.Prefabs/FX_WireSpark.prefab,534d590bf76e3d71f3a4842cc2861ada1680bdd90c77c82f7a18ad282873fb61,103b654c9786fe941850bbe79a868914
Assets/04.Prefabs/outside ChoicePanel.prefab,Assets/01.Game/03.Content/02.Environments/02.Street/04.Prefabs/outside ChoicePanel.prefab,4442fb2e259ca444483560486916110c5727cee849f37d5c7339427ddb4fd017,7d0c7bc10184af04998b0dbb17460797
Assets/04.Prefabs/outside/OutsideDialogue TextBox.prefab,Assets/01.Game/03.Content/02.Environments/02.Street/04.Prefabs/OutsideDialogue TextBox.prefab,56c3d62c690133f633ca103b6998f60b9c9b66a1d31ab5440786c56757631d48,894f115616d2c6a4ea84dd51c9d0b45d
Assets/04.Prefabs/outside/OutsideGimmickCanvas.prefab,Assets/01.Game/03.Content/02.Environments/02.Street/04.Prefabs/OutsideGimmickCanvas.prefab,f0858871454a7444da647342b088b9c1a925ef4ac2d3817de6ea4e44e9b2ae75,729ed28a009ef5e40809cabdd04fc8f3
Assets/05.Sounds/AudioMixer.mixer,Assets/01.Game/03.Content/07.Audio/03.Mixers/AudioMixer.mixer,ae8f8df58c36196bb29d78cfc56018a4abce9e48304a0b5adb046f06e166137e,040f756c0e7b4b145afd78a0005b6d3b
Assets/05.Sounds/BGM_bar_0.wav,Assets/01.Game/03.Content/07.Audio/01.Bgm/BGM_bar_0.wav,5da4b9b8cdac18c17f9d87bd360092d34aecf22a692afd3ac954852a4e192648,52804db6aa874384a961168966cb3bb5
Assets/05.Sounds/BGM_bar_1.wav,Assets/01.Game/03.Content/07.Audio/01.Bgm/BGM_bar_1.wav,ab69c52acec622c7d88a762aa47c1d80b1028b575723062c32ef950269282fb1,7ae444bb009089e4f88e3fb5ea747a5f
Assets/05.Sounds/BGM_outside.wav,Assets/01.Game/03.Content/07.Audio/01.Bgm/BGM_outside.wav,a1fcf6ce79168e7fe72d9d26f652e0407691154f7835dba95b095c3a436a1a06,805195d5e39d6734bb1692bddbe5bad1
Assets/05.Sounds/BGM_title.wav,Assets/01.Game/03.Content/07.Audio/01.Bgm/BGM_title.wav,a1fcf6ce79168e7fe72d9d26f652e0407691154f7835dba95b095c3a436a1a06,41595c61ba3d0054dae6a3569fb84f2e
Assets/05.Sounds/Metronome 60 BPM.mp3,Assets/01.Game/03.Content/07.Audio/02.Sfx/Metronome 60 BPM.mp3,0d2dff8fb07e476e57f1e7265faaa4423862224044a59a5ff81083fb8cc8df85,f23d016ed7aac4a48accf30e3d4959bf
Assets/05.Sounds/SFX_shaking.wav,Assets/01.Game/03.Content/07.Audio/02.Sfx/SFX_shaking.wav,c473faa04039b0fab4580706fd86ca9284af080c4a407b97a612e891f06f4e55,520b794b05e65b54387b5fce35addc67
Assets/06.Fonts/Galmuri9 SDF.asset,Assets/01.Game/03.Content/08.Fonts/Galmuri9 SDF.asset,a52e1a9d5a2ebbe8c01e0790118e007890931cdd240a36019846197df3a1c8cb,8110ac63e05f74abeb474eab5197c9f7
Assets/06.Fonts/Galmuri9.ttf,Assets/01.Game/03.Content/08.Fonts/Galmuri9.ttf,5cb68052ee0a15571747e91c20f145e24b51bb459c6cd58226fafee78d9c0b16,689f1e1350c8b734b9decf88ffe8ab4b
Assets/06.Fonts/NeoDunggeunmo SDF.asset,Assets/01.Game/03.Content/08.Fonts/NeoDunggeunmo SDF.asset,98db7149d789ae6e4df36bb50f5c3a927039b1ce0e8d480945e068ec38eec970,3bc0c61a83ff6c741bda5b2a6e98c7a8
Assets/06.Fonts/NeoDunggeunmo.ttf,Assets/01.Game/03.Content/08.Fonts/NeoDunggeunmo.ttf,e4b974b1a378ef1962e3c72dfbcb7b7bba09f54dd53bf57889af300b2531b155,26c338e070b15644ebb3e8f6be88df6c
Assets/08.AddressableResource/Aniamtations/3/drink/default.png,Assets/01.Game/03.Content/01.Characters/03.Samho/01.Sprites/01.Portrait/drink/default.png,fa38221de5ce303b7890a1d473d191e307e4ffae2ec8bb95cd539cd54f316768,927663465cdc0cf49989260f252f3678
Assets/08.AddressableResource/Aniamtations/3/drink/fail.png,Assets/01.Game/03.Content/01.Characters/03.Samho/01.Sprites/01.Portrait/drink/fail.png,3266483e8d3596b7647fe98c5d1ef479f0e0f71490eabd35d0492bf4e6d04f11,cc3e7a9ea603e72498aa43e2f4fe043a
Assets/08.AddressableResource/Aniamtations/3/drink/success.png,Assets/01.Game/03.Content/01.Characters/03.Samho/01.Sprites/01.Portrait/drink/success.png,f791fee21a68c44cd6dfe7559a1a473b0f9e79c098ca73eb088717400ef34f95,1184fd2afa3c5654595724a215334bb1
Assets/08.AddressableResource/Aniamtations/3/idle/default/body.png,Assets/01.Game/03.Content/01.Characters/03.Samho/01.Sprites/01.Portrait/idle/default/body.png,555fd6289a26a005a3cd1882afd5fb19b8bf3b01c086f7b7e4bb6b98bf2b52be,c05e66a66a5f1864289a3ab8847a35fe
Assets/08.AddressableResource/Aniamtations/3/idle/default/eyebrow.png,Assets/01.Game/03.Content/01.Characters/03.Samho/01.Sprites/01.Portrait/idle/default/eyebrow.png,701ec81eecdf3a55dfc4224da35989589a857537530c2042e43939d784dafeac,ce223062daa3818469531a542bb3a691
Assets/08.AddressableResource/Aniamtations/3/idle/default/eyes.png,Assets/01.Game/03.Content/01.Characters/03.Samho/01.Sprites/01.Portrait/idle/default/eyes.png,1f40131317a728b2f5e983cc3eff713e4ef36db68f526f47c32db494d6e6c17d,0214fbd41e7e7c949a750313cdf57674
Assets/08.AddressableResource/Aniamtations/3/idle/default/face_bottom_default.png,Assets/01.Game/03.Content/01.Characters/03.Samho/01.Sprites/01.Portrait/idle/default/face_bottom_default.png,d17556a81e820dea53b17d2471d002fb8c80b6a282eb9d995a2985b03042ce2e,d669b7d35759a324996adcfacc8d2c57
Assets/08.AddressableResource/Aniamtations/3/idle/default/face_top.png,Assets/01.Game/03.Content/01.Characters/03.Samho/01.Sprites/01.Portrait/idle/default/face_top.png,45385c0efa62aaca867b75dc0710c2114f12f02fabdded765b9212b01d678aaa,843c94aeb36673343a0cb285acc6abbd
Assets/08.AddressableResource/Aniamtations/3/idle/default/samho_body_default_Loop.anim,Assets/01.Game/03.Content/01.Characters/03.Samho/02.Animations/01.Clips/01.Portrait/idle/default/samho_body_default_Loop.anim,da1aff6dcde871553945cae89fd1ef53cc52e7b21bca416af693eecf266ed8db,1cbaf6b0b939b14458196669baeccc49
Assets/08.AddressableResource/Aniamtations/3/idle/default/samho_eyebrows_default_Loop.anim,Assets/01.Game/03.Content/01.Characters/03.Samho/02.Animations/01.Clips/01.Portrait/idle/default/samho_eyebrows_default_Loop.anim,9a19f43e80033bcb76d2e4672c56960b12ff5f888ab277ad21153f7eba3b2f4d,3db51687750313c43a601acacd8d7655
Assets/08.AddressableResource/Aniamtations/3/idle/default/samho_eyes_default_Loop.anim,Assets/01.Game/03.Content/01.Characters/03.Samho/02.Animations/01.Clips/01.Portrait/idle/default/samho_eyes_default_Loop.anim,851c46f848475aba651030b56374b6b2079c6899d3fd3ecebefe8824ab92f9f2,949c780f26af4eb49a0ac428720de290
Assets/08.AddressableResource/Aniamtations/3/idle/default/samho_lower_face_default_Loop.anim,Assets/01.Game/03.Content/01.Characters/03.Samho/02.Animations/01.Clips/01.Portrait/idle/default/samho_lower_face_default_Loop.anim,c60577ecf7613ed12eb390e892007aa426e1591274dc01cc45feedcc90c9ae5a,4db9e76ebc72b784495f5ce27956ce94
Assets/08.AddressableResource/Aniamtations/3/idle/default/samho_upper_face_default_Loop.anim,Assets/01.Game/03.Content/01.Characters/03.Samho/02.Animations/01.Clips/01.Portrait/idle/default/samho_upper_face_default_Loop.anim,d22e8e759d92c9a9d64f89d3bb357b1ee121c7b2308bc63217c44f93c8f8e1ce,de0713ddb8bec5842864cb0d7a79f00f
Assets/08.AddressableResource/Aniamtations/3/idle/talk/body.png,Assets/01.Game/03.Content/01.Characters/03.Samho/01.Sprites/01.Portrait/idle/talk/body.png,555fd6289a26a005a3cd1882afd5fb19b8bf3b01c086f7b7e4bb6b98bf2b52be,f45f6463c624d334e9cf79c3dc205c5f
Assets/08.AddressableResource/Aniamtations/3/idle/talk/eyebrow.png,Assets/01.Game/03.Content/01.Characters/03.Samho/01.Sprites/01.Portrait/idle/talk/eyebrow.png,701ec81eecdf3a55dfc4224da35989589a857537530c2042e43939d784dafeac,9b94f80191d314f44b8cb607971b92bb
Assets/08.AddressableResource/Aniamtations/3/idle/talk/eyes.png,Assets/01.Game/03.Content/01.Characters/03.Samho/01.Sprites/01.Portrait/idle/talk/eyes.png,1f40131317a728b2f5e983cc3eff713e4ef36db68f526f47c32db494d6e6c17d,1c7eb43e92ef4e44794370bf02008a03
Assets/08.AddressableResource/Aniamtations/3/idle/talk/face_bottom_talk.png,Assets/01.Game/03.Content/01.Characters/03.Samho/01.Sprites/01.Portrait/idle/talk/face_bottom_talk.png,a1a5a54ae5ab6ebcd14a0c9c7bde214f169361d4c54fa9d035198539fb35ea0c,99e3e3de6009e9242a84a73dc99a5f5b
Assets/08.AddressableResource/Aniamtations/3/idle/talk/face_top.png,Assets/01.Game/03.Content/01.Characters/03.Samho/01.Sprites/01.Portrait/idle/talk/face_top.png,45385c0efa62aaca867b75dc0710c2114f12f02fabdded765b9212b01d678aaa,84f6d7ead7ec79e4687c94d36895df70
Assets/08.AddressableResource/Aniamtations/3/idle/talk/samho_body_default_Dialogue.anim,Assets/01.Game/03.Content/01.Characters/03.Samho/02.Animations/01.Clips/01.Portrait/idle/talk/samho_body_default_Dialogue.anim,557ec2e2961d88e837a00f7059fbc72be680151fb039fffc6d9c9898cde67202,a1e19f6c88c209a4b8fb88e692fdc8d7
Assets/08.AddressableResource/Aniamtations/3/idle/talk/samho_eyebrows_default_Dialogue.anim,Assets/01.Game/03.Content/01.Characters/03.Samho/02.Animations/01.Clips/01.Portrait/idle/talk/samho_eyebrows_default_Dialogue.anim,76b1dfce69aaf8dd319ed65974ece19c0c4de336e52f204cfcbcf533b4021210,c84b84357cd90bd4895dc1ac71f18f55
Assets/08.AddressableResource/Aniamtations/3/idle/talk/samho_eyes_default_Dialogue.anim,Assets/01.Game/03.Content/01.Characters/03.Samho/02.Animations/01.Clips/01.Portrait/idle/talk/samho_eyes_default_Dialogue.anim,421d2e4378cbc0a777d2cb5700fea44bf2911954a207d9bd24b4d4657e0e0cea,d836a82d0d3a24543ac17c04eede56f4
Assets/08.AddressableResource/Aniamtations/3/idle/talk/samho_lower_face_default_Dialogue.anim,Assets/01.Game/03.Content/01.Characters/03.Samho/02.Animations/01.Clips/01.Portrait/idle/talk/samho_lower_face_default_Dialogue.anim,4bd1e8affafb39c21153a08c15195e5e578e0e41bd7e748cec8d5cb503cc9338,a85641a8b58d4d1459299ab7dfdb1fa8
Assets/08.AddressableResource/Aniamtations/3/idle/talk/samho_upper_face_default_Dialogue.anim,Assets/01.Game/03.Content/01.Characters/03.Samho/02.Animations/01.Clips/01.Portrait/idle/talk/samho_upper_face_default_Dialogue.anim,97acd34216af95f2f7f87a183248c29d5bff9721240a9591bbf4785033fc74f4,7375c70f739b21245b9d28b486059010
Assets/08.AddressableResource/Aniamtations/A.png,Assets/01.Game/03.Content/01.Characters/09.Shared/01.Sprites/A.png,ed6fb0a262dd1b30c2113a5b7e1a6821c8b3b6f68c9dad6d082c02228ddac45e,7d88506e7f7d48148bce4cb0d7e2bf1d
Assets/08.AddressableResource/Aniamtations/Chris/Chris_idle/body.png,Assets/01.Game/03.Content/01.Characters/02.Chris/01.Sprites/01.Portrait/Chris_idle/body.png,439e7fdbdc7b2ae20b4cb5def94d82797a32d66efd07bccf1bdb25c85ee3cd5f,737271b1fffc7224298f81f06acea6b3
Assets/08.AddressableResource/Aniamtations/Chris/Chris_idle/eyebrows.png,Assets/01.Game/03.Content/01.Characters/02.Chris/01.Sprites/01.Portrait/Chris_idle/eyebrows.png,768e336ba72b381e4177346fe4d7a2ddb4039152cf76de84f030b58a8d7dd96f,735cecbfc07609a4c8e63074659d2721
Assets/08.AddressableResource/Aniamtations/Chris/Chris_idle/eyes.png,Assets/01.Game/03.Content/01.Characters/02.Chris/01.Sprites/01.Portrait/Chris_idle/eyes.png,db3b60f61dad9c1bea82e1d21a90073cc32f4be202b8f4feb94bf26b61328ddc,1bcc5f96131b9804eabfad5e9748da10
Assets/08.AddressableResource/Aniamtations/Chris/Chris_idle/face_bottom.png,Assets/01.Game/03.Content/01.Characters/02.Chris/01.Sprites/01.Portrait/Chris_idle/face_bottom.png,1459df9d4235f3a44c93269d6546c966133835ed05ff23a5d003187fab194518,66ffa9fb2d6d8d7448e1c0988f7bbf5e
Assets/08.AddressableResource/Aniamtations/Chris/Chris_idle/face_bottom_talk.png,Assets/01.Game/03.Content/01.Characters/02.Chris/01.Sprites/01.Portrait/Chris_idle/face_bottom_talk.png,33b0ed8d3b85d820b0b05a1b1cd58dc4c3ba0915d4fd517fb952256ae3cff6c0,abf84d8940cd37c419b6727d1cf64ddd
Assets/08.AddressableResource/Aniamtations/Chris/Chris_idle/face_top.png,Assets/01.Game/03.Content/01.Characters/02.Chris/01.Sprites/01.Portrait/Chris_idle/face_top.png,86418d103e42db3f4951245cf25cd6fc9fbde53f7a2bd280d17cd88a116001fe,1b6f711927268e24199eab8765fb8801
Assets/08.AddressableResource/Aniamtations/Chris/Default/chris_body_default_Loop.anim,Assets/01.Game/03.Content/01.Characters/02.Chris/02.Animations/01.Clips/01.Portrait/Default/chris_body_default_Loop.anim,ce776d571e1bf381c542f23fdd0dc2bfb8726db4ee9db1b08a458bdef83fe768,5e373d58b9fa6c94f9eaf17e35b713bf
Assets/08.AddressableResource/Aniamtations/Chris/Default/chris_eyebrows_default_Loop.anim,Assets/01.Game/03.Content/01.Characters/02.Chris/02.Animations/01.Clips/01.Portrait/Default/chris_eyebrows_default_Loop.anim,69e93bda7bc5445c65977560faa057ed6955b2a91242aa54269ef1e2cb9af147,9d98d36dc23cbdf44b7ed342180078cb
Assets/08.AddressableResource/Aniamtations/Chris/Default/chris_eyes_default_Loop.anim,Assets/01.Game/03.Content/01.Characters/02.Chris/02.Animations/01.Clips/01.Portrait/Default/chris_eyes_default_Loop.anim,ae0cad4f38180cf3c06f787cc29553198a8c0947a81eb427e198b7dae863a3db,6072b0b0f6cc7594d9736f3bd7d5ca19
Assets/08.AddressableResource/Aniamtations/Chris/Default/chris_lower_face_default_Loop.anim,Assets/01.Game/03.Content/01.Characters/02.Chris/02.Animations/01.Clips/01.Portrait/Default/chris_lower_face_default_Loop.anim,8d351c9a798517193486de5b8d11fe5e10d9cb9b142f6a50177823696cfbadac,0dbc3d90cc6d88d44aafd1a253b2474a
Assets/08.AddressableResource/Aniamtations/Chris/Default/chris_upper_face_default_Loop.anim,Assets/01.Game/03.Content/01.Characters/02.Chris/02.Animations/01.Clips/01.Portrait/Default/chris_upper_face_default_Loop.anim,8ac399127418b8e6e697cd33fb053f8042a71feffe705cc532ff2365b1f99f3c,8273962a76cf2794ea5db080db5abc55
Assets/08.AddressableResource/Aniamtations/Chris/Talk/chris_body_default_Dialogue.anim,Assets/01.Game/03.Content/01.Characters/02.Chris/02.Animations/01.Clips/01.Portrait/Talk/chris_body_default_Dialogue.anim,42510dff22d38a3cefbc12fc8cb1eff3643b1fe66a2482ba936bbbd51fd21b4b,bb3b1688f6e37104f969043b587e49d5
Assets/08.AddressableResource/Aniamtations/Chris/Talk/chris_eyebrows_default_Dialogue.anim,Assets/01.Game/03.Content/01.Characters/02.Chris/02.Animations/01.Clips/01.Portrait/Talk/chris_eyebrows_default_Dialogue.anim,871a4bc9f79f3c268eb508832ac12b46d91e04d906fddced02c3544203d35edd,ff8be19ef1319ab4ebdaf8523da9b227
Assets/08.AddressableResource/Aniamtations/Chris/Talk/chris_eyes_default_Dialogue.anim,Assets/01.Game/03.Content/01.Characters/02.Chris/02.Animations/01.Clips/01.Portrait/Talk/chris_eyes_default_Dialogue.anim,00c3d2e672766773ad7a35fe05bf15c64f5417cc12caeeab2db4a633423a5266,3511d13e84b3af6438c09580dd85f18c
Assets/08.AddressableResource/Aniamtations/Chris/Talk/chris_lower_face_default_Dialogue.anim,Assets/01.Game/03.Content/01.Characters/02.Chris/02.Animations/01.Clips/01.Portrait/Talk/chris_lower_face_default_Dialogue.anim,29c997135a82e0e74819d9dc6473c9883cda62661118e791abdaf4a6fdb71242,8ef80fa875a2eb545a5b13c3e47f0754
Assets/08.AddressableResource/Aniamtations/Chris/Talk/chris_upper_face_default_Dialogue.anim,Assets/01.Game/03.Content/01.Characters/02.Chris/02.Animations/01.Clips/01.Portrait/Talk/chris_upper_face_default_Dialogue.anim,33d435e966fc55447eeeb6a80c4a14bcb96808eb27f427c0605bd8c55bc514fb,c46e4f4b97d2f954496692f0187c6398
Assets/08.AddressableResource/Aniamtations/Chris/enger.png,Assets/01.Game/03.Content/01.Characters/02.Chris/01.Sprites/01.Portrait/enger.png,99fdf5db61b33e01276ebac7efd1cf7142ff2ceb3955b9720f9af6a48b73b9e6,82a5e5e0829929142b1e62e619392722
Assets/08.AddressableResource/Aniamtations/Chris/fun.png,Assets/01.Game/03.Content/01.Characters/02.Chris/01.Sprites/01.Portrait/fun.png,e9b8956071951a511c3c09490ea83ac6ea0f4649474259853b79d4e2db030809,d1280ea6b5f76044aaffc3d00648fef0
Assets/08.AddressableResource/Aniamtations/Default/annoyingB/Default_Body_annoyingB_Loop.anim,Assets/01.Game/03.Content/01.Characters/09.Shared/02.Animations/01.Clips/01.Portrait/annoyingB/Default_Body_annoyingB_Loop.anim,1cb37e54579e4a6aa68fff0bf38f0a2f895c3d20520b024e709d31849adfd4c2,71b7a8e3e116cf84baf7e8977f7f9a00
Assets/08.AddressableResource/Aniamtations/Default/annoyingB/Default_Eyes_annoyingB_Loop.anim,Assets/01.Game/03.Content/01.Characters/09.Shared/02.Animations/01.Clips/01.Portrait/annoyingB/Default_Eyes_annoyingB_Loop.anim,6b19615ac67a15d4edcf3316aa6f5e1695699d0d3e0f7cbd0966679dfe67eb6d,98ab1b48e5495b0419e9678e2382d658
Assets/08.AddressableResource/Aniamtations/Default/annoyingB/Default_Mouth_annoyingB_Loop.anim,Assets/01.Game/03.Content/01.Characters/09.Shared/02.Animations/01.Clips/01.Portrait/annoyingB/Default_Mouth_annoyingB_Loop.anim,57e83340b50700a0a7af34b4e074069aeaee33cb057018728f6c5779b26db86f,df85b43159f745d4296d50a835a8853d
Assets/08.AddressableResource/Aniamtations/Default/annoyingR/Default_Body_annoyingR_Loop.anim,Assets/01.Game/03.Content/01.Characters/09.Shared/02.Animations/01.Clips/01.Portrait/annoyingR/Default_Body_annoyingR_Loop.anim,9f6c7ce05faa8aaa70c2896de3af666895b1f98f527a0ce89bc4f84e2dd6a7cd,f78bdcb7b792bb147a3e3afadab90d19
Assets/08.AddressableResource/Aniamtations/Default/annoyingR/Default_Eyes_annoyingR_Loop.anim,Assets/01.Game/03.Content/01.Characters/09.Shared/02.Animations/01.Clips/01.Portrait/annoyingR/Default_Eyes_annoyingR_Loop.anim,b5ba85fc219a6aeb46ea882e5a11b1cfb35bb6416727304d82b975d673ad30fa,47ae496fac73cfa43b373d4d66b45c8d
Assets/08.AddressableResource/Aniamtations/Default/annoyingR/Default_Mouth_annoyingR_Loop.anim,Assets/01.Game/03.Content/01.Characters/09.Shared/02.Animations/01.Clips/01.Portrait/annoyingR/Default_Mouth_annoyingR_Loop.anim,f0c59526cbe3fdcbdea75a114c81870d41e1069615823081a059c5ad7a250a86,2acd69be2439a3240bc641cc685643bf
Assets/08.AddressableResource/Aniamtations/Ily/drink/fail.png,Assets/01.Game/03.Content/01.Characters/06.Aili/01.Sprites/01.Portrait/drink/fail.png,55ac446740ab7c821bd96f3d066d82344e000668ecb87b75c1084f9cbcf18a49,3f4f35473a4672541bb2e448ee2fe80c
Assets/08.AddressableResource/Aniamtations/Ily/drink/success.png,Assets/01.Game/03.Content/01.Characters/06.Aili/01.Sprites/01.Portrait/drink/success.png,8a701c697cb552260cf54b1658779591e7d36fd08b3ff2daff3cd276d87b2bd9,ea55853df0ba5564aae019b0fcf0bd4c
Assets/08.AddressableResource/Aniamtations/Ily/idle/default/aili_body_default_Loop.anim,Assets/01.Game/03.Content/01.Characters/06.Aili/02.Animations/01.Clips/01.Portrait/idle/default/aili_body_default_Loop.anim,5caa617f500fa53a2072d763050e64da7db344520ad635552d7bd4bd4e619dea,6645335e8c737034fb5063963fedf0df
Assets/08.AddressableResource/Aniamtations/Ily/idle/default/aili_eyebrows_default_Loop.anim,Assets/01.Game/03.Content/01.Characters/06.Aili/02.Animations/01.Clips/01.Portrait/idle/default/aili_eyebrows_default_Loop.anim,32c817ca9dd146f1266481820ae4ddbd783d55e4f7fe627cdc9115c6106c635a,899f169fee7879c4caedc69bcd18f263
Assets/08.AddressableResource/Aniamtations/Ily/idle/default/aili_eyes_default_Loop.anim,Assets/01.Game/03.Content/01.Characters/06.Aili/02.Animations/01.Clips/01.Portrait/idle/default/aili_eyes_default_Loop.anim,20e7288c9a61a356ef9b2d4816b98663ef78cf5c7a496eb33f56085f60191dc3,776b81e0b1e43054aa621f461a885aa3
Assets/08.AddressableResource/Aniamtations/Ily/idle/default/aili_lower_face_default_Loop.anim,Assets/01.Game/03.Content/01.Characters/06.Aili/02.Animations/01.Clips/01.Portrait/idle/default/aili_lower_face_default_Loop.anim,363dcc4338b6fefbfcc9798536dcd4268bbb14c1d583bf72ec90b5b7db59d226,353da80d46fd9554f81edac51dae6f04
Assets/08.AddressableResource/Aniamtations/Ily/idle/default/aili_upper_face_default_Loop.anim,Assets/01.Game/03.Content/01.Characters/06.Aili/02.Animations/01.Clips/01.Portrait/idle/default/aili_upper_face_default_Loop.anim,e5ba469a9c4d7c9f494820d49bda745b694f20ff135eb9570821f958c2a8b008,2c9925b7d64140f408032dafdb7f2e49
Assets/08.AddressableResource/Aniamtations/Ily/idle/default/body.png,Assets/01.Game/03.Content/01.Characters/06.Aili/01.Sprites/01.Portrait/idle/default/body.png,b98ec1bf5deedcbc142763ae6f77b85cb33a124c17f2ee0838f9a868502e4a93,014e2d290660b1d4a9250eb3f8031e0a
Assets/08.AddressableResource/Aniamtations/Ily/idle/default/eyebrows.png,Assets/01.Game/03.Content/01.Characters/06.Aili/01.Sprites/01.Portrait/idle/default/eyebrows.png,45e3e4dd00e2237086101b24bccfc95603857fcb117d7d10e93842a6811aaef6,fcf4e19e8efb3b24ea842774e86f7390
Assets/08.AddressableResource/Aniamtations/Ily/idle/default/eyes.png,Assets/01.Game/03.Content/01.Characters/06.Aili/01.Sprites/01.Portrait/idle/default/eyes.png,d622428e802a9534e931546e71060e1b0565ef328979d85d9e69d69041c323a1,d6d8626ec7fd87e4ab6d413cea91dc4c
Assets/08.AddressableResource/Aniamtations/Ily/idle/default/face_bottom_default.png,Assets/01.Game/03.Content/01.Characters/06.Aili/01.Sprites/01.Portrait/idle/default/face_bottom_default.png,abb31d7c88afa360f910c2dd484d88f2acffc2cddc7843e8d12d18ba6674b527,62ce020ed6b7a904696061548365c446
Assets/08.AddressableResource/Aniamtations/Ily/idle/default/face_top.png,Assets/01.Game/03.Content/01.Characters/06.Aili/01.Sprites/01.Portrait/idle/default/face_top.png,219422704af398e3705d6de6b9e013b1cbe10ee25d514577364cfcc591ae393a,192dd17765fafcc47a9bafdcab506202
Assets/08.AddressableResource/Aniamtations/Ily/idle/talk/aili_body_default_Dialogue.anim,Assets/01.Game/03.Content/01.Characters/06.Aili/02.Animations/01.Clips/01.Portrait/idle/talk/aili_body_default_Dialogue.anim,58ba66e0c5536977645e6e5cd043a4237b395b18b8a47ac7d1396694baeca0b6,303951546af65674bb585e85624b6ba5
Assets/08.AddressableResource/Aniamtations/Ily/idle/talk/aili_eyebrows_default_Dialogue.anim,Assets/01.Game/03.Content/01.Characters/06.Aili/02.Animations/01.Clips/01.Portrait/idle/talk/aili_eyebrows_default_Dialogue.anim,564b49ee95fdaf01421f538887c9f07f8d065e4e58241a2319d093e30b67c910,f1d883508a4e5e1498fbbbc10cc62bd3
Assets/08.AddressableResource/Aniamtations/Ily/idle/talk/aili_eyes_default_Dialogue.anim,Assets/01.Game/03.Content/01.Characters/06.Aili/02.Animations/01.Clips/01.Portrait/idle/talk/aili_eyes_default_Dialogue.anim,b4a1b59db9d6d5c4174e6f14030d9caddd37c1b011cd3b60673259aad9ea09ca,d1da0914b8f5bbf4f972665d0f91ab1f
Assets/08.AddressableResource/Aniamtations/Ily/idle/talk/aili_lower_face_default_Dialogue.anim,Assets/01.Game/03.Content/01.Characters/06.Aili/02.Animations/01.Clips/01.Portrait/idle/talk/aili_lower_face_default_Dialogue.anim,8fc22a071fa1af1fb27d2edbbebf53288f899bf423f6ecea1dfd33d061478e36,7fcceb858a16a8d44818cb18c48f38c9
Assets/08.AddressableResource/Aniamtations/Ily/idle/talk/aili_upper_face_default_Dialogue.anim,Assets/01.Game/03.Content/01.Characters/06.Aili/02.Animations/01.Clips/01.Portrait/idle/talk/aili_upper_face_default_Dialogue.anim,8ad38c35c6f82951ad3d5b61bc8d79cbf3bf4020402747e57c4771b856c9aec5,fd7e74167a387fe4ea82c190f4559d24
Assets/08.AddressableResource/Aniamtations/Ily/idle/talk/body.png,Assets/01.Game/03.Content/01.Characters/06.Aili/01.Sprites/01.Portrait/idle/talk/body.png,b98ec1bf5deedcbc142763ae6f77b85cb33a124c17f2ee0838f9a868502e4a93,cd5f4c1b14e93b84fbeb8842297c4106
Assets/08.AddressableResource/Aniamtations/Ily/idle/talk/eyebrows.png,Assets/01.Game/03.Content/01.Characters/06.Aili/01.Sprites/01.Portrait/idle/talk/eyebrows.png,45e3e4dd00e2237086101b24bccfc95603857fcb117d7d10e93842a6811aaef6,57a1aff860719e748800a0ae08b3907f
Assets/08.AddressableResource/Aniamtations/Ily/idle/talk/eyes.png,Assets/01.Game/03.Content/01.Characters/06.Aili/01.Sprites/01.Portrait/idle/talk/eyes.png,d622428e802a9534e931546e71060e1b0565ef328979d85d9e69d69041c323a1,300676cb3834a3f45a18c6f2015dcb99
Assets/08.AddressableResource/Aniamtations/Ily/idle/talk/face_bottom_talk.png,Assets/01.Game/03.Content/01.Characters/06.Aili/01.Sprites/01.Portrait/idle/talk/face_bottom_talk.png,fe97c25f19fec857326c4c8f7fafb92c9a2a280ccc7ac894376dc149769057ab,cf99bcb0fd5bfc7499a4b78c539b20d4
Assets/08.AddressableResource/Aniamtations/Ily/idle/talk/face_top.png,Assets/01.Game/03.Content/01.Characters/06.Aili/01.Sprites/01.Portrait/idle/talk/face_top.png,219422704af398e3705d6de6b9e013b1cbe10ee25d514577364cfcc591ae393a,72bb862e7169650449dd737b649cca94
Assets/08.AddressableResource/Aniamtations/Luna.controller,Assets/01.Game/03.Content/01.Characters/01.Luna/02.Animations/02.Controllers/02.Field/Luna.controller,3ddefae349416a9c3cba8aa72915d8f2d930a62541b49de8ca2cb11c9ed889c1,ef8386755d3d2844fad36c464fcac68d
Assets/08.AddressableResource/Aniamtations/Port/Idle/Default/body (1).png,Assets/01.Game/03.Content/01.Characters/05.Port/01.Sprites/01.Portrait/Idle/Default/body (1).png,a237740fc57090e7b3188af4586daf002fc2fcd72563c21ebd48c8c551c0314f,2c3a29beb3624844585cbe94457f9ffd
Assets/08.AddressableResource/Aniamtations/Port/Idle/Default/eyebrows.png,Assets/01.Game/03.Content/01.Characters/05.Port/01.Sprites/01.Portrait/Idle/Default/eyebrows.png,f7cc12d21dc38280f08c2af09f6b603f80335d952ed3fc4dbdf84e2c782d1e30,bda6d2846c03bc640b040d8793109d0e
Assets/08.AddressableResource/Aniamtations/Port/Idle/Default/eyes (1).png,Assets/01.Game/03.Content/01.Characters/05.Port/01.Sprites/01.Portrait/Idle/Default/eyes (1).png,7039a037f38309bacfb65ca7e055c06789223809badf15bc771a47dfb98f275e,708687bf6dcdd8a44b50fed2a64f6848
Assets/08.AddressableResource/Aniamtations/Port/Idle/Default/face_bottom_default.png,Assets/01.Game/03.Content/01.Characters/05.Port/01.Sprites/01.Portrait/Idle/Default/face_bottom_default.png,72c0b478090d433deb8ec95ef893e288de96142b96d498eb2dd81f9952119a4d,023196435f766cb49b000c8c594ae221
Assets/08.AddressableResource/Aniamtations/Port/Idle/Default/face_top.png,Assets/01.Game/03.Content/01.Characters/05.Port/01.Sprites/01.Portrait/Idle/Default/face_top.png,90eed05f251295c4ae697df3c2f3aa6f5a667b8222936489f9aa2737d48db93f,b7164f44085dd3b42b98d89811f0fcec
Assets/08.AddressableResource/Aniamtations/Port/Idle/Default/port_body_default_Loop.anim,Assets/01.Game/03.Content/01.Characters/05.Port/02.Animations/01.Clips/01.Portrait/Idle/Default/port_body_default_Loop.anim,dd7dbe79e9f78027b3e5938d4c11aa24bd38974ef104a3f74e36c940da258c0e,fe7aa8b7d3eb2d9419aa884d46d26202
Assets/08.AddressableResource/Aniamtations/Port/Idle/Default/port_extra_robot_Loop 1.anim,Assets/01.Game/03.Content/01.Characters/05.Port/02.Animations/01.Clips/01.Portrait/Idle/Default/port_extra_robot_Loop 1.anim,65cc2fd9fa93c80bff2fdd8e584795869f418f2d91e71850c584db88b5503451,91236dbbc784bb44c8fec90c568d382c
Assets/08.AddressableResource/Aniamtations/Port/Idle/Default/port_eyebrows_default_Loop.anim,Assets/01.Game/03.Content/01.Characters/05.Port/02.Animations/01.Clips/01.Portrait/Idle/Default/port_eyebrows_default_Loop.anim,4becf0826587d1a7565d5169fb8cc89c51d6beeead31818d59818fa90ee7cfa2,4a5b389573014ec4b97344f281505b62
Assets/08.AddressableResource/Aniamtations/Port/Idle/Default/port_eyes_default_Loop.anim,Assets/01.Game/03.Content/01.Characters/05.Port/02.Animations/01.Clips/01.Portrait/Idle/Default/port_eyes_default_Loop.anim,2d81959140acf98c7c7ac312eedc2f3156a3baaf11739b5ca8576b47c5ab1f74,2c6c6924d9f4fc54c86373c4c36dea45
Assets/08.AddressableResource/Aniamtations/Port/Idle/Default/port_lower_face_default_Loop.anim,Assets/01.Game/03.Content/01.Characters/05.Port/02.Animations/01.Clips/01.Portrait/Idle/Default/port_lower_face_default_Loop.anim,a68daa3c01c498fb1d48951da9d9d673e88d771680e10ce402a5d6f61926f69e,9b4eaee1430607648a8187ebf04f58ec
Assets/08.AddressableResource/Aniamtations/Port/Idle/Default/port_upper_face_default_Loop.anim,Assets/01.Game/03.Content/01.Characters/05.Port/02.Animations/01.Clips/01.Portrait/Idle/Default/port_upper_face_default_Loop.anim,fbdb3f7f0faeead3c128a5e0b7f46f7f3d2f170d06168ba2d5848692d165a7f0,e37431e9c3d28914c8c53130132330bf
Assets/08.AddressableResource/Aniamtations/Port/Idle/Talk/body.png,Assets/01.Game/03.Content/01.Characters/05.Port/01.Sprites/01.Portrait/Idle/Talk/body.png,a237740fc57090e7b3188af4586daf002fc2fcd72563c21ebd48c8c551c0314f,150632d5b9ba36d44a10a5b2a8a47527
Assets/08.AddressableResource/Aniamtations/Port/Idle/Talk/eyebrows.png,Assets/01.Game/03.Content/01.Characters/05.Port/01.Sprites/01.Portrait/Idle/Talk/eyebrows.png,f7cc12d21dc38280f08c2af09f6b603f80335d952ed3fc4dbdf84e2c782d1e30,901c07c5609759243a0cb3b1150511af
Assets/08.AddressableResource/Aniamtations/Port/Idle/Talk/eyes.png,Assets/01.Game/03.Content/01.Characters/05.Port/01.Sprites/01.Portrait/Idle/Talk/eyes.png,7039a037f38309bacfb65ca7e055c06789223809badf15bc771a47dfb98f275e,517ca70d3ddd882478a2ffe8e07efcf2
Assets/08.AddressableResource/Aniamtations/Port/Idle/Talk/face_bottom_talk.png,Assets/01.Game/03.Content/01.Characters/05.Port/01.Sprites/01.Portrait/Idle/Talk/face_bottom_talk.png,431995e12731036af130aa2e6146ed48d692eb09bc8a30a2869197c8fd2465c3,b6ea5bbacffbcea4ab6df1fe674b9d53
Assets/08.AddressableResource/Aniamtations/Port/Idle/Talk/face_top.png,Assets/01.Game/03.Content/01.Characters/05.Port/01.Sprites/01.Portrait/Idle/Talk/face_top.png,90eed05f251295c4ae697df3c2f3aa6f5a667b8222936489f9aa2737d48db93f,f0fef756b87a258499ad702e971b3a78
Assets/08.AddressableResource/Aniamtations/Port/Idle/Talk/port_body_default_Dialogue.anim,Assets/01.Game/03.Content/01.Characters/05.Port/02.Animations/01.Clips/01.Portrait/Idle/Talk/port_body_default_Dialogue.anim,fb73d094a7bd1c611dd3c622901d17762c25c727d9d1d6565bb0b33a985a141b,90189c4d7ae4cf94cac5390176cf6cdf
Assets/08.AddressableResource/Aniamtations/Port/Idle/Talk/port_eyebrows_default_Dialogue.anim,Assets/01.Game/03.Content/01.Characters/05.Port/02.Animations/01.Clips/01.Portrait/Idle/Talk/port_eyebrows_default_Dialogue.anim,ccbab386c1d09567845133169b68e67409f928130dd9bc4b7afba6aed3f7850d,9f4c575735405d34bad7437e87d6eda3
Assets/08.AddressableResource/Aniamtations/Port/Idle/Talk/port_eyes_default_Dialogue.anim,Assets/01.Game/03.Content/01.Characters/05.Port/02.Animations/01.Clips/01.Portrait/Idle/Talk/port_eyes_default_Dialogue.anim,df49d64529bea7d3231e3e482b020874c37b7e98a23201e9bd4bde277363054b,3f5a43835b3c0b04689e05e76d1c5c9b
Assets/08.AddressableResource/Aniamtations/Port/Idle/Talk/port_lower_face_default_Dialogue.anim,Assets/01.Game/03.Content/01.Characters/05.Port/02.Animations/01.Clips/01.Portrait/Idle/Talk/port_lower_face_default_Dialogue.anim,93a1a1ef1e06ba2aa3e6ebb83996b58696391eccae8e5efe8252fb8447e25ca5,43aec6363d7268d4d8ea56c98fed8e8a
Assets/08.AddressableResource/Aniamtations/Port/Idle/Talk/port_upper_face_default_Dialogue.anim,Assets/01.Game/03.Content/01.Characters/05.Port/02.Animations/01.Clips/01.Portrait/Idle/Talk/port_upper_face_default_Dialogue.anim,3751270776b47f95f02625d921502829907b5960556077e2062cdf990539e030,178122369af4def4ea0d092e9500ee5d
Assets/08.AddressableResource/Aniamtations/Port/port_anger/Intro/default (1)/body.png,Assets/01.Game/03.Content/01.Characters/05.Port/01.Sprites/01.Portrait/port_anger/Intro/default (1)/body.png,5bf730359921df4c21aa5a95b52edd78ec4eca671ad9819d79e5e0b65fc069c8,2427a40cc8b364a41975b4c2d0b4146c
Assets/08.AddressableResource/Aniamtations/Port/port_anger/Intro/default (1)/extra (1).png,Assets/01.Game/03.Content/01.Characters/05.Port/01.Sprites/01.Portrait/port_anger/Intro/default (1)/extra (1).png,cd9970e72cbb151821bd7a33e261cf1f7b269da976cb3f1e58cfb8ac1aa739c9,b0ca6d0799a58504ba87a1ce9e9dcb34
Assets/08.AddressableResource/Aniamtations/Port/port_anger/Intro/default (1)/eyebrows (1).png,Assets/01.Game/03.Content/01.Characters/05.Port/01.Sprites/01.Portrait/port_anger/Intro/default (1)/eyebrows (1).png,45a03b2976dfab560f1c328f0cf91afa3d101f99cf01715bc3ff13775e962f67,3ed834c9c09bc304b958e2944557dc9e
Assets/08.AddressableResource/Aniamtations/Port/port_anger/Intro/default (1)/eyes (1).png,Assets/01.Game/03.Content/01.Characters/05.Port/01.Sprites/01.Portrait/port_anger/Intro/default (1)/eyes (1).png,bd46d37123064ea87cc620ee138f74db91e65aca9d39e8be38fe92324b87893c,91ce09eecba815b499a2f51303630235
Assets/08.AddressableResource/Aniamtations/Port/port_anger/Intro/default (1)/face_bottom_default (1).png,Assets/01.Game/03.Content/01.Characters/05.Port/01.Sprites/01.Portrait/port_anger/Intro/default (1)/face_bottom_default (1).png,c9e5c6e34fc65e6ea7b2da8d4adb247c849386cafe140cb75c7585dc8ab89ec2,eaf7933d89b2840408e1fac7f5084377
Assets/08.AddressableResource/Aniamtations/Port/port_anger/Intro/default (1)/face_top (1).png,Assets/01.Game/03.Content/01.Characters/05.Port/01.Sprites/01.Portrait/port_anger/Intro/default (1)/face_top (1).png,9252ca1e84f1d0e91113365bdb2321eb04aa8834eb364c63cf8721c0fd5d8357,1bcd2240d1778624d88383534fc744d8
Assets/08.AddressableResource/Aniamtations/Port/port_anger/Intro/default (1)/port_body_anger_Intro.anim,Assets/01.Game/03.Content/01.Characters/05.Port/02.Animations/01.Clips/01.Portrait/port_anger/Intro/default (1)/port_body_anger_Intro.anim,eceb1f1e60975a1ccf596d7fa06f0f34fdb92122549a142c05910c410fa0740d,b4b5fc1a60d541042a8d1a3b4b045168
Assets/08.AddressableResource/Aniamtations/Port/port_anger/Intro/default (1)/port_extra_anger_Intro.anim,Assets/01.Game/03.Content/01.Characters/05.Port/02.Animations/01.Clips/01.Portrait/port_anger/Intro/default (1)/port_extra_anger_Intro.anim,11236a4978f0fb7779fa592d11d0cf79e1ac31ab86b97700b3060d45dd83f382,0679a32c7b4f47649a1489ff5a4c454d
Assets/08.AddressableResource/Aniamtations/Port/port_anger/Intro/default (1)/port_eyebrows_anger_Intro.anim,Assets/01.Game/03.Content/01.Characters/05.Port/02.Animations/01.Clips/01.Portrait/port_anger/Intro/default (1)/port_eyebrows_anger_Intro.anim,7440452108f7cd62a7eed438178bb06548392e8793d3f6f9320307e6dac1b316,9e89a2b4516f2714cbcbdf99e8fee595
Assets/08.AddressableResource/Aniamtations/Port/port_anger/Intro/default (1)/port_eyes_anger_Intro.anim,Assets/01.Game/03.Content/01.Characters/05.Port/02.Animations/01.Clips/01.Portrait/port_anger/Intro/default (1)/port_eyes_anger_Intro.anim,56d2d29e45f9b26d1690c9c7cbc71b8c316cdaa795426dd5fe6125ecb1a2fb44,7141fc0dbfa2e9744b0a079577a26c28
Assets/08.AddressableResource/Aniamtations/Port/port_anger/Intro/default (1)/port_lower_face_anger_Intro.anim,Assets/01.Game/03.Content/01.Characters/05.Port/02.Animations/01.Clips/01.Portrait/port_anger/Intro/default (1)/port_lower_face_anger_Intro.anim,a66751fbeaff2a8cf5095d10e91c63ce8d70405364229ba5ac3ee7ce4c573f33,498e8671a9df3984d90b16f41b3d107d
Assets/08.AddressableResource/Aniamtations/Port/port_anger/Intro/default (1)/port_upper_face_anger_Intro.anim,Assets/01.Game/03.Content/01.Characters/05.Port/02.Animations/01.Clips/01.Portrait/port_anger/Intro/default (1)/port_upper_face_anger_Intro.anim,63c6fb36afab4f977d42a5b52ea412b187ecc9745d6e6f50229c91b5262d874f,fbe8cdd193f0e154f9ebbba6a0f75e91
Assets/08.AddressableResource/Aniamtations/Port/port_anger/Intro/default/body.png,Assets/01.Game/03.Content/01.Characters/05.Port/01.Sprites/01.Portrait/port_anger/Intro/default/body.png,5bf730359921df4c21aa5a95b52edd78ec4eca671ad9819d79e5e0b65fc069c8,a8e0825a89aa8034988aacff809a1f8c
Assets/08.AddressableResource/Aniamtations/Port/port_anger/Intro/default/extra.png,Assets/01.Game/03.Content/01.Characters/05.Port/01.Sprites/01.Portrait/port_anger/Intro/default/extra.png,f54871f2900e805d19c9ff6fba4ca09f0e58b5a70bb755290f7fb2dc212bcc0d,d317277d1b9093543ba1cd9b57891fce
Assets/08.AddressableResource/Aniamtations/Port/port_anger/Intro/default/eyebrows.png,Assets/01.Game/03.Content/01.Characters/05.Port/01.Sprites/01.Portrait/port_anger/Intro/default/eyebrows.png,95cb5c41cd48502d16d26d7ae0ed8582d124138e22b09e929009a86e4f31750e,d857c8212f791e947ac092ce8cae671d
Assets/08.AddressableResource/Aniamtations/Port/port_anger/Intro/default/eyes.png,Assets/01.Game/03.Content/01.Characters/05.Port/01.Sprites/01.Portrait/port_anger/Intro/default/eyes.png,0397de3bc3851f7fec63843179b1c32403efec6e92c1943040715b96a0485efc,13ce5824eca117546a408c4b1df832e7
Assets/08.AddressableResource/Aniamtations/Port/port_anger/Intro/default/face_bottom_default.png,Assets/01.Game/03.Content/01.Characters/05.Port/01.Sprites/01.Portrait/port_anger/Intro/default/face_bottom_default.png,b5dde0d6987f01a904ee214f07eddf27dc18893e7bf59cdb7332172b943210fa,bc805f958da744b41a7b3daec419a157
Assets/08.AddressableResource/Aniamtations/Port/port_anger/Intro/default/face_top.png,Assets/01.Game/03.Content/01.Characters/05.Port/01.Sprites/01.Portrait/port_anger/Intro/default/face_top.png,e08f720e30859030d9b36d1c201fb0d8e23efa6690a8d75938c2b80578a48e74,df622111057651643ae09cf080dee841
Assets/08.AddressableResource/Aniamtations/Port/port_anger/Intro/talk (1)/body (1).png,Assets/01.Game/03.Content/01.Characters/05.Port/01.Sprites/01.Portrait/port_anger/Intro/talk (1)/body (1).png,71f0b921677b41e9e8e41331b950f003f540ca18a066c19b88889e2c0455b12f,e102664f48d0a0e4b8498d0fd5edb938
Assets/08.AddressableResource/Aniamtations/Port/port_anger/Intro/talk (1)/extra (1).png,Assets/01.Game/03.Content/01.Characters/05.Port/01.Sprites/01.Portrait/port_anger/Intro/talk (1)/extra (1).png,cd9970e72cbb151821bd7a33e261cf1f7b269da976cb3f1e58cfb8ac1aa739c9,11042c4ae4013254fbc2a6952876fc59
Assets/08.AddressableResource/Aniamtations/Port/port_anger/Intro/talk (1)/eyebrows (1).png,Assets/01.Game/03.Content/01.Characters/05.Port/01.Sprites/01.Portrait/port_anger/Intro/talk (1)/eyebrows (1).png,45a03b2976dfab560f1c328f0cf91afa3d101f99cf01715bc3ff13775e962f67,90ec7347af56ef44e81babcbf0b8f7d9
Assets/08.AddressableResource/Aniamtations/Port/port_anger/Intro/talk (1)/eyes (1).png,Assets/01.Game/03.Content/01.Characters/05.Port/01.Sprites/01.Portrait/port_anger/Intro/talk (1)/eyes (1).png,bd46d37123064ea87cc620ee138f74db91e65aca9d39e8be38fe92324b87893c,ddf848724c6d1ab4fbb8e257df7aac6c
Assets/08.AddressableResource/Aniamtations/Port/port_anger/Intro/talk (1)/face_bottom_talk (1).png,Assets/01.Game/03.Content/01.Characters/05.Port/01.Sprites/01.Portrait/port_anger/Intro/talk (1)/face_bottom_talk (1).png,d14f5f08bf0af50062d6d27280b68f36b27628f76be54b828e4bf8adc574f5be,597d73f178bbd6241a1c32201c104db0
Assets/08.AddressableResource/Aniamtations/Port/port_anger/Intro/talk (1)/face_top (1).png,Assets/01.Game/03.Content/01.Characters/05.Port/01.Sprites/01.Portrait/port_anger/Intro/talk (1)/face_top (1).png,9252ca1e84f1d0e91113365bdb2321eb04aa8834eb364c63cf8721c0fd5d8357,d83d3d3fce93a1e4398c6a41122cd01f
Assets/08.AddressableResource/Aniamtations/Port/port_anger/Loop/body.png,Assets/01.Game/03.Content/01.Characters/05.Port/01.Sprites/01.Portrait/port_anger/Loop/body.png,a237740fc57090e7b3188af4586daf002fc2fcd72563c21ebd48c8c551c0314f,4f717d49dbdb37b438ddfc21f7ec00b5
Assets/08.AddressableResource/Aniamtations/Port/port_anger/Loop/eyebrows.png,Assets/01.Game/03.Content/01.Characters/05.Port/01.Sprites/01.Portrait/port_anger/Loop/eyebrows.png,7ca8a14bfe7a314ae4ebd5601b91ad48fd4546d63017bd64d00893db9daf73c3,e8697afc441303f4aa88db2debcfb506
Assets/08.AddressableResource/Aniamtations/Port/port_anger/Loop/eyes.png,Assets/01.Game/03.Content/01.Characters/05.Port/01.Sprites/01.Portrait/port_anger/Loop/eyes.png,7039a037f38309bacfb65ca7e055c06789223809badf15bc771a47dfb98f275e,bfb4a52e15dd3a24e9164c5ecfb98720
Assets/08.AddressableResource/Aniamtations/Port/port_anger/Loop/face_bottom_default.png,Assets/01.Game/03.Content/01.Characters/05.Port/01.Sprites/01.Portrait/port_anger/Loop/face_bottom_default.png,6d5909073745f8e8bb089e5cec9f8ea5ca5636733f74fc8ac5c4bbe21d3c205a,f5a5ec6ef0b3c594fa9c39cf47a360a7
Assets/08.AddressableResource/Aniamtations/Port/port_anger/Loop/face_top.png,Assets/01.Game/03.Content/01.Characters/05.Port/01.Sprites/01.Portrait/port_anger/Loop/face_top.png,90eed05f251295c4ae697df3c2f3aa6f5a667b8222936489f9aa2737d48db93f,b52991b2ecb2e9743bb385778086b988
Assets/08.AddressableResource/Aniamtations/Port/port_anger/Loop/port_body_anger_Loop.anim,Assets/01.Game/03.Content/01.Characters/05.Port/02.Animations/01.Clips/01.Portrait/port_anger/Loop/port_body_anger_Loop.anim,7d0e9a04fbf297ba7eaa876a80c89cb17bc5cd2b8133c067bc8d030888f13c42,f404c4106b7467e44991a79f74ce5a05
Assets/08.AddressableResource/Aniamtations/Port/port_anger/Loop/port_extra_robot_Loop.anim,Assets/01.Game/03.Content/01.Characters/05.Port/02.Animations/01.Clips/01.Portrait/port_anger/Loop/port_extra_robot_Loop.anim,d658b1f1fc7762ac5e428d36af6656b3ace79bde8f4476bf96c8aeab7f4e1dc5,a3faffd315c027449b0234a3eeb3e35e
Assets/08.AddressableResource/Aniamtations/Port/port_anger/Loop/port_eyebrows_anger_Loop.anim,Assets/01.Game/03.Content/01.Characters/05.Port/02.Animations/01.Clips/01.Portrait/port_anger/Loop/port_eyebrows_anger_Loop.anim,d695ca5e4b0cca5fae83893ddddbf187896533f4287c00566234bf5dd400f865,9465ece1bc07a5e468f66f55da8c7a9f
Assets/08.AddressableResource/Aniamtations/Port/port_anger/Loop/port_eyes_anger_Loop.anim,Assets/01.Game/03.Content/01.Characters/05.Port/02.Animations/01.Clips/01.Portrait/port_anger/Loop/port_eyes_anger_Loop.anim,4bb1cab4cb3688df49fe90386435b342e4255b364296dd58f66d2134c1df3a06,d2872a3a7447fd04b8bb13e91c986d14
Assets/08.AddressableResource/Aniamtations/Port/port_anger/Loop/port_lower_face_anger_Loop.anim,Assets/01.Game/03.Content/01.Characters/05.Port/02.Animations/01.Clips/01.Portrait/port_anger/Loop/port_lower_face_anger_Loop.anim,098846cc590b4dd010176c110a8319c6736c07080e2d42ba782a17e0851fdeb4,88b088995f405ef45b0069502b7a3a39
Assets/08.AddressableResource/Aniamtations/Port/port_anger/Loop/port_upper_face_anger_Loop.anim,Assets/01.Game/03.Content/01.Characters/05.Port/02.Animations/01.Clips/01.Portrait/port_anger/Loop/port_upper_face_anger_Loop.anim,ec58ef206b25d8b82038ede8bd5a05ead992af6035dd4eba38e6d704d3cececb,deb6220ebd7df7a489b80700d18cd223
Assets/08.AddressableResource/Aniamtations/Port/port_anger/talk/body.png,Assets/01.Game/03.Content/01.Characters/05.Port/01.Sprites/01.Portrait/port_anger/talk/body.png,a237740fc57090e7b3188af4586daf002fc2fcd72563c21ebd48c8c551c0314f,76366ce3eb823dc4797ae37feb941e10
Assets/08.AddressableResource/Aniamtations/Port/port_anger/talk/eyebrows.png,Assets/01.Game/03.Content/01.Characters/05.Port/01.Sprites/01.Portrait/port_anger/talk/eyebrows.png,7ca8a14bfe7a314ae4ebd5601b91ad48fd4546d63017bd64d00893db9daf73c3,44e30a5c09b3f6349b7cd7eb1766a88c
Assets/08.AddressableResource/Aniamtations/Port/port_anger/talk/eyes.png,Assets/01.Game/03.Content/01.Characters/05.Port/01.Sprites/01.Portrait/port_anger/talk/eyes.png,7039a037f38309bacfb65ca7e055c06789223809badf15bc771a47dfb98f275e,82abd447a25ce2f47a958425bef15bc2
Assets/08.AddressableResource/Aniamtations/Port/port_anger/talk/face_bottom_talk.png,Assets/01.Game/03.Content/01.Characters/05.Port/01.Sprites/01.Portrait/port_anger/talk/face_bottom_talk.png,431995e12731036af130aa2e6146ed48d692eb09bc8a30a2869197c8fd2465c3,6bbfc391293bb174696e589c53145001
Assets/08.AddressableResource/Aniamtations/Port/port_anger/talk/face_top.png,Assets/01.Game/03.Content/01.Characters/05.Port/01.Sprites/01.Portrait/port_anger/talk/face_top.png,90eed05f251295c4ae697df3c2f3aa6f5a667b8222936489f9aa2737d48db93f,f5f4e5502b097ad4ea4a1bb8d6effa4a
Assets/08.AddressableResource/Aniamtations/Port/port_anger/talk/port_body_anger_Dialogue.anim,Assets/01.Game/03.Content/01.Characters/05.Port/02.Animations/01.Clips/01.Portrait/port_anger/talk/port_body_anger_Dialogue.anim,c16178e17192aa26b5d4631e188c07b101c0b7d5906634868c98844fa3f6192d,19361afc6bd56074dbcf6c568a0cd4cc
Assets/08.AddressableResource/Aniamtations/Port/port_anger/talk/port_eyebrows_anger_Dialogue.anim,Assets/01.Game/03.Content/01.Characters/05.Port/02.Animations/01.Clips/01.Portrait/port_anger/talk/port_eyebrows_anger_Dialogue.anim,8ad69f7f6f34f3333b8c0a779dae5b536f1b246f7b219ff98e8391fff10d90e9,095b0bf546efa994991447e930b1a23f
Assets/08.AddressableResource/Aniamtations/Port/port_anger/talk/port_eyes_anger_Dialogue.anim,Assets/01.Game/03.Content/01.Characters/05.Port/02.Animations/01.Clips/01.Portrait/port_anger/talk/port_eyes_anger_Dialogue.anim,6f4982e94e865c16f9e357b6914a3759ca894fc3a9cb2eb33bf7fef24f83355a,b8c26e19651ccd1458f08f4df3d87b55
Assets/08.AddressableResource/Aniamtations/Port/port_anger/talk/port_lower_face_anger_Dialogue.anim,Assets/01.Game/03.Content/01.Characters/05.Port/02.Animations/01.Clips/01.Portrait/port_anger/talk/port_lower_face_anger_Dialogue.anim,526266f051337cfcee5b1f012833b3ce082f87754abcda7d012357f4e6dfaa3e,192e30eb9c6303142ba7dae61d7d8e22
Assets/08.AddressableResource/Aniamtations/Port/port_anger/talk/port_upper_face_anger_Dialogue.anim,Assets/01.Game/03.Content/01.Characters/05.Port/02.Animations/01.Clips/01.Portrait/port_anger/talk/port_upper_face_anger_Dialogue.anim,e7106e3b3aca2daf52a11bebc034a7e5596f90007cc9fe95124ecdeb7d497058,50fe7576745511c4681eef118313ed17
Assets/08.AddressableResource/Aniamtations/Port/port_extra_default_Loop.anim,Assets/01.Game/03.Content/01.Characters/05.Port/02.Animations/01.Clips/01.Portrait/port_extra_default_Loop.anim,b6efc4d020a61eaec259096e65248898ec1c691a49e6cd43531b768237386c51,51322a3f17f876640b574499d7fce2bc
Assets/08.AddressableResource/Aniamtations/Port/port_joy/default/body.png,Assets/01.Game/03.Content/01.Characters/05.Port/01.Sprites/01.Portrait/port_joy/default/body.png,a237740fc57090e7b3188af4586daf002fc2fcd72563c21ebd48c8c551c0314f,e6b9937e0dbeb3e48bf06a03a06c3eb8
Assets/08.AddressableResource/Aniamtations/Port/port_joy/default/eyebrows.png,Assets/01.Game/03.Content/01.Characters/05.Port/01.Sprites/01.Portrait/port_joy/default/eyebrows.png,8b9773bbe6169def0dace58a7ecf8ce394795ed37665b1675aa1e4a56c2e81d7,29a3429b245d7db4799df89139cf789b
Assets/08.AddressableResource/Aniamtations/Port/port_joy/default/eyes.png,Assets/01.Game/03.Content/01.Characters/05.Port/01.Sprites/01.Portrait/port_joy/default/eyes.png,7039a037f38309bacfb65ca7e055c06789223809badf15bc771a47dfb98f275e,a2cc8652bb41be846af72a32eab28669
Assets/08.AddressableResource/Aniamtations/Port/port_joy/default/face_bottom_default.png,Assets/01.Game/03.Content/01.Characters/05.Port/01.Sprites/01.Portrait/port_joy/default/face_bottom_default.png,7d9587b5cdec2e8bb4a66cd84023e75c06942e9cda821fa5e1b426aaaac841bb,dde754dc2ea1d5c4eac3b4f37b2e243b
Assets/08.AddressableResource/Aniamtations/Port/port_joy/default/face_top.png,Assets/01.Game/03.Content/01.Characters/05.Port/01.Sprites/01.Portrait/port_joy/default/face_top.png,90eed05f251295c4ae697df3c2f3aa6f5a667b8222936489f9aa2737d48db93f,ad107f9da3473d041ae07b8d3cc4843e
Assets/08.AddressableResource/Aniamtations/Port/port_joy/default/port_body_joy_Loop.anim,Assets/01.Game/03.Content/01.Characters/05.Port/02.Animations/01.Clips/01.Portrait/port_joy/default/port_body_joy_Loop.anim,aa26f96b60c52b07dd93a40bf2e9e3e7cdda50697a3c27517f72860adeef7829,dec5067c15191d04db87c1dfe176434a
Assets/08.AddressableResource/Aniamtations/Port/port_joy/default/port_eyebrows_joy_Loop.anim,Assets/01.Game/03.Content/01.Characters/05.Port/02.Animations/01.Clips/01.Portrait/port_joy/default/port_eyebrows_joy_Loop.anim,e1ce34fc368803732e16d2f719b785a3fd597e5d4df6852ba3f6635a719f9c53,5a0a797714313a84aa113980c1b161cc
Assets/08.AddressableResource/Aniamtations/Port/port_joy/default/port_eyes_joy_Loop.anim,Assets/01.Game/03.Content/01.Characters/05.Port/02.Animations/01.Clips/01.Portrait/port_joy/default/port_eyes_joy_Loop.anim,8db0a0bffa2d623d20a9d9cbc6200fb83b368aa082ffd8ac3763d442b0aab8db,ed21e8d9ece658c4e895d72ee34a0688
Assets/08.AddressableResource/Aniamtations/Port/port_joy/default/port_lower_face_joy_Loop.anim,Assets/01.Game/03.Content/01.Characters/05.Port/02.Animations/01.Clips/01.Portrait/port_joy/default/port_lower_face_joy_Loop.anim,bcaae98ccecb8325484246cbeb8b86fbc876e484155966a95d012a40487c3373,75d32c1add754604e99b2975dd6f8628
Assets/08.AddressableResource/Aniamtations/Port/port_joy/default/port_upper_face_joy_Loop.anim,Assets/01.Game/03.Content/01.Characters/05.Port/02.Animations/01.Clips/01.Portrait/port_joy/default/port_upper_face_joy_Loop.anim,f860c8128e83b1e1df76cbc14326c8ad745f7a6393bcbb0a8a2b74f4fa0acea1,311bacbf98653e443895654535dceadf
Assets/08.AddressableResource/Aniamtations/Port/port_joy/talk/body.png,Assets/01.Game/03.Content/01.Characters/05.Port/01.Sprites/01.Portrait/port_joy/talk/body.png,a237740fc57090e7b3188af4586daf002fc2fcd72563c21ebd48c8c551c0314f,d45d4f2db89455d468fb0702ecb45026
Assets/08.AddressableResource/Aniamtations/Port/port_joy/talk/eyebrows.png,Assets/01.Game/03.Content/01.Characters/05.Port/01.Sprites/01.Portrait/port_joy/talk/eyebrows.png,8b9773bbe6169def0dace58a7ecf8ce394795ed37665b1675aa1e4a56c2e81d7,bff08f7642a20cf4bb160c30e506844c
Assets/08.AddressableResource/Aniamtations/Port/port_joy/talk/eyes.png,Assets/01.Game/03.Content/01.Characters/05.Port/01.Sprites/01.Portrait/port_joy/talk/eyes.png,7039a037f38309bacfb65ca7e055c06789223809badf15bc771a47dfb98f275e,02ce1234b514b7247825ec3baa11aa21
Assets/08.AddressableResource/Aniamtations/Port/port_joy/talk/face_bottom_talk.png,Assets/01.Game/03.Content/01.Characters/05.Port/01.Sprites/01.Portrait/port_joy/talk/face_bottom_talk.png,acd89e161b83eca5886ae2e4ffb18e7c3c038e4133c8eab1ba1843d32f876e55,73407b44bb0955b46878495228ee746b
Assets/08.AddressableResource/Aniamtations/Port/port_joy/talk/face_top.png,Assets/01.Game/03.Content/01.Characters/05.Port/01.Sprites/01.Portrait/port_joy/talk/face_top.png,90eed05f251295c4ae697df3c2f3aa6f5a667b8222936489f9aa2737d48db93f,9291f53f256f6ad45a74a54259d5fdcf
Assets/08.AddressableResource/Aniamtations/Port/port_joy/talk/port_body_joy_Dialogue.anim,Assets/01.Game/03.Content/01.Characters/05.Port/02.Animations/01.Clips/01.Portrait/port_joy/talk/port_body_joy_Dialogue.anim,e3e4e53b67fe54449a26acbd44145a4f1dc82f5bdc9d9555f7fbb876b1c318be,69f4a662261638744aa71a95bd5dc541
Assets/08.AddressableResource/Aniamtations/Port/port_joy/talk/port_eyebrows_joy_Dialogue.anim,Assets/01.Game/03.Content/01.Characters/05.Port/02.Animations/01.Clips/01.Portrait/port_joy/talk/port_eyebrows_joy_Dialogue.anim,ade381579dcb968c18d6e1b7bcf817ff2d7a8504f2489224c6ca66e1da871af8,befd2c52b5cd09941a6cfdc526b034c8
Assets/08.AddressableResource/Aniamtations/Port/port_joy/talk/port_eyes_joy_Dialogue.anim,Assets/01.Game/03.Content/01.Characters/05.Port/02.Animations/01.Clips/01.Portrait/port_joy/talk/port_eyes_joy_Dialogue.anim,40283df2629172d8676f6840528ab913da6bf0d087f45a2eb827474509a1218c,5083a33af8f7eb845ab59a9afed35ac5
Assets/08.AddressableResource/Aniamtations/Port/port_joy/talk/port_lower_face_joy_Dialogue.anim,Assets/01.Game/03.Content/01.Characters/05.Port/02.Animations/01.Clips/01.Portrait/port_joy/talk/port_lower_face_joy_Dialogue.anim,f5ce383fac5c183838c011dd6f3295457e3f5668b4fafdf290ae88400bf2e562,e8ab891b6165a384e8b3fd073c9ada15
Assets/08.AddressableResource/Aniamtations/Port/port_joy/talk/port_upper_face_joy_Dialogue.anim,Assets/01.Game/03.Content/01.Characters/05.Port/02.Animations/01.Clips/01.Portrait/port_joy/talk/port_upper_face_joy_Dialogue.anim,478e3ba8a0f865050287b96b741ccedc0feccd57fe92030fb585016d1e13bcb0,9e2d695a9101e9e4f9bca3ee3615d1a4
Assets/08.AddressableResource/Aniamtations/Port/port_object.png,Assets/01.Game/03.Content/01.Characters/05.Port/01.Sprites/01.Portrait/port_object.png,d859e2495fbfd78554988ea7b5179b98fda4756508289332c27f334a38ff107c,c60d08adc44263347b1dabf0b40305aa
Assets/08.AddressableResource/Aniamtations/Port/port_serious/default/body.png,Assets/01.Game/03.Content/01.Characters/05.Port/01.Sprites/01.Portrait/port_serious/default/body.png,a237740fc57090e7b3188af4586daf002fc2fcd72563c21ebd48c8c551c0314f,c235fe30910dd084ba015bc7e10735fe
Assets/08.AddressableResource/Aniamtations/Port/port_serious/default/eyebrows.png,Assets/01.Game/03.Content/01.Characters/05.Port/01.Sprites/01.Portrait/port_serious/default/eyebrows.png,5d1b272f61eebce5b742644c795f72d869c4ec74f28094decda9847e43bf1ee2,353a464c0a90b6c4399c14e05ead849a
Assets/08.AddressableResource/Aniamtations/Port/port_serious/default/eyes.png,Assets/01.Game/03.Content/01.Characters/05.Port/01.Sprites/01.Portrait/port_serious/default/eyes.png,5ee11f9e995dcd0b2ab835f0be919e7727404b64eb4c0483800f36894159ed48,eda4dcd0b9ef69e47bf3c13a988fd9a6
Assets/08.AddressableResource/Aniamtations/Port/port_serious/default/face_bottom_default.png,Assets/01.Game/03.Content/01.Characters/05.Port/01.Sprites/01.Portrait/port_serious/default/face_bottom_default.png,7d9587b5cdec2e8bb4a66cd84023e75c06942e9cda821fa5e1b426aaaac841bb,4baeb7c4b12cd2d43a0cd75b290da76e
Assets/08.AddressableResource/Aniamtations/Port/port_serious/default/face_top.png,Assets/01.Game/03.Content/01.Characters/05.Port/01.Sprites/01.Portrait/port_serious/default/face_top.png,90eed05f251295c4ae697df3c2f3aa6f5a667b8222936489f9aa2737d48db93f,f0499c01f9d3aae48b33cfcd241f69bc
Assets/08.AddressableResource/Aniamtations/Port/port_serious/default/port_body_serious_Loop.anim,Assets/01.Game/03.Content/01.Characters/05.Port/02.Animations/01.Clips/01.Portrait/port_serious/default/port_body_serious_Loop.anim,715684c276659fa8118af02f40fb754093ff9c20ce465c7a96ae5809ff762a49,f7515b48420f62b40a6ae5144d7c7926
Assets/08.AddressableResource/Aniamtations/Port/port_serious/default/port_eyebrows_serious_Loop.anim,Assets/01.Game/03.Content/01.Characters/05.Port/02.Animations/01.Clips/01.Portrait/port_serious/default/port_eyebrows_serious_Loop.anim,19170cbc21cc4f8c55fbf97aa99ae183de3c3616143075afaba51ce4b858fee4,08091ea61cc01f14298313c2b79b0340
Assets/08.AddressableResource/Aniamtations/Port/port_serious/default/port_eyes_serious_Loop.anim,Assets/01.Game/03.Content/01.Characters/05.Port/02.Animations/01.Clips/01.Portrait/port_serious/default/port_eyes_serious_Loop.anim,6f53832fb6433cd580d92fc9a62c04d0ad421da0c0dea2718b33f71e74165686,e6aa6fd13b22974469f645aec2561cdd
Assets/08.AddressableResource/Aniamtations/Port/port_serious/default/port_lower_face_serious_Loop.anim,Assets/01.Game/03.Content/01.Characters/05.Port/02.Animations/01.Clips/01.Portrait/port_serious/default/port_lower_face_serious_Loop.anim,401d636d552e3d4ac162a24062dd61e8f533bbb77e837ef65e9620a116957746,0e0d9d647a54f1045816453c7e582e67
Assets/08.AddressableResource/Aniamtations/Port/port_serious/default/port_upper_face_serious_Loop.anim,Assets/01.Game/03.Content/01.Characters/05.Port/02.Animations/01.Clips/01.Portrait/port_serious/default/port_upper_face_serious_Loop.anim,97c6138224ea7eb309f9fb0537fac4c6792010c50f9a1d5f2710de0bd89db58e,44f4d068daecc2b45bf9c6fe56293ae6
Assets/08.AddressableResource/Aniamtations/Port/port_serious/talk/body.png,Assets/01.Game/03.Content/01.Characters/05.Port/01.Sprites/01.Portrait/port_serious/talk/body.png,a237740fc57090e7b3188af4586daf002fc2fcd72563c21ebd48c8c551c0314f,2952df3a0ee0c9e4a8dee4a541eeaead
Assets/08.AddressableResource/Aniamtations/Port/port_serious/talk/eyebrows.png,Assets/01.Game/03.Content/01.Characters/05.Port/01.Sprites/01.Portrait/port_serious/talk/eyebrows.png,5d1b272f61eebce5b742644c795f72d869c4ec74f28094decda9847e43bf1ee2,d50dac8c0b2d2214291ff9a9e104d1bd
Assets/08.AddressableResource/Aniamtations/Port/port_serious/talk/eyes.png,Assets/01.Game/03.Content/01.Characters/05.Port/01.Sprites/01.Portrait/port_serious/talk/eyes.png,5ee11f9e995dcd0b2ab835f0be919e7727404b64eb4c0483800f36894159ed48,c7172a73102e9f34795a7f15990dcac4
Assets/08.AddressableResource/Aniamtations/Port/port_serious/talk/face_bottom_talk.png,Assets/01.Game/03.Content/01.Characters/05.Port/01.Sprites/01.Portrait/port_serious/talk/face_bottom_talk.png,c4187ab5f8b6538289fb164386aa700243289da3b2444073146df8e1975d7091,8f2582143449c5a4491de3d6c6600de5
Assets/08.AddressableResource/Aniamtations/Port/port_serious/talk/face_top.png,Assets/01.Game/03.Content/01.Characters/05.Port/01.Sprites/01.Portrait/port_serious/talk/face_top.png,90eed05f251295c4ae697df3c2f3aa6f5a667b8222936489f9aa2737d48db93f,093f3b46f1172f3408d273d250f2aca7
Assets/08.AddressableResource/Aniamtations/Port/port_serious/talk/port_body_serious_Dialogue.anim,Assets/01.Game/03.Content/01.Characters/05.Port/02.Animations/01.Clips/01.Portrait/port_serious/talk/port_body_serious_Dialogue.anim,bfc3ceee90f28bab960b3005e8ede890b25eaa55822a99b4e18796b093d052ac,379e4bc1a276d4343be6397a45fbb527
Assets/08.AddressableResource/Aniamtations/Port/port_serious/talk/port_eyebrows_serious_Dialogue.anim,Assets/01.Game/03.Content/01.Characters/05.Port/02.Animations/01.Clips/01.Portrait/port_serious/talk/port_eyebrows_serious_Dialogue.anim,e0ba75cc2e3cae206868bf900156ca193b82a7d46c834aff1fca869342d56595,2f7b25bf78e29d747aad3ed1e7c3f49c
Assets/08.AddressableResource/Aniamtations/Port/port_serious/talk/port_eyes_serious_Dialogue.anim,Assets/01.Game/03.Content/01.Characters/05.Port/02.Animations/01.Clips/01.Portrait/port_serious/talk/port_eyes_serious_Dialogue.anim,721f9c5af949e47aa1ef5e66666b0d850767c6398a05fd68c6a7f5dcfc9806a9,6df8337bb56b29545901705025aa0a2d
Assets/08.AddressableResource/Aniamtations/Port/port_serious/talk/port_lower_face_serious_Dialogue.anim,Assets/01.Game/03.Content/01.Characters/05.Port/02.Animations/01.Clips/01.Portrait/port_serious/talk/port_lower_face_serious_Dialogue.anim,94de007d7975aa938557bf8bff578faed5c56f7d5e4c1ad340a2cd2850b7af4f,d1df302fc90650c49806a8f1f542ca83
Assets/08.AddressableResource/Aniamtations/Port/port_serious/talk/port_upper_face_serious_Dialogue.anim,Assets/01.Game/03.Content/01.Characters/05.Port/02.Animations/01.Clips/01.Portrait/port_serious/talk/port_upper_face_serious_Dialogue.anim,fda3dc4825465910f0dd328e4b583f25368224d9b3cbb25f25cae55ba5f22909,450113f0ca92eab48994ec812d501bb1
Assets/08.AddressableResource/Aniamtations/Port/surprise/port_Down_event_surprise_Loop 1.anim,Assets/01.Game/03.Content/01.Characters/05.Port/02.Animations/01.Clips/01.Portrait/surprise/port_Down_event_surprise_Loop 1.anim,dfe091916dc615f56b423fcc52d82d13b5a4161965648589415480a3959883d4,002f70282b36a6f4e8df89f6d480d6fd
Assets/08.AddressableResource/Aniamtations/Port/surprise/port_Up_event_surprise_Loop 2.anim,Assets/01.Game/03.Content/01.Characters/05.Port/02.Animations/01.Clips/01.Portrait/surprise/port_Up_event_surprise_Loop 2.anim,3b6fb4973e2f7af6378916ee4e70a06fb8e5874ac0fbe9855dcd71514d4d4649,516ba4bc44278b14686eef334e89e4fa
Assets/08.AddressableResource/Aniamtations/Port/surprise/port_body_event_surprise_Loop.anim,Assets/01.Game/03.Content/01.Characters/05.Port/02.Animations/01.Clips/01.Portrait/surprise/port_body_event_surprise_Loop.anim,c95b1f7491fba2c0c52517da13793f80d86a98fe37907739b44cc0f95cb5ea8d,02d6d272f39848c4e8a53c90d9e5c036
Assets/08.AddressableResource/Aniamtations/Port/surprise/port_eyeblow_event_surprise_Loop.anim,Assets/01.Game/03.Content/01.Characters/05.Port/02.Animations/01.Clips/01.Portrait/surprise/port_eyeblow_event_surprise_Loop.anim,d8d4a7dd6ee08969ded9cde62eb30ec5a55fdf829ffc90991706afbdd3944159,0d634b1dcb937a1419b138442f78967b
Assets/08.AddressableResource/Aniamtations/Port/surprise/port_eyes_event_surprise_Loop.anim,Assets/01.Game/03.Content/01.Characters/05.Port/02.Animations/01.Clips/01.Portrait/surprise/port_eyes_event_surprise_Loop.anim,70ca5b14460f5d73a2721e67862ca7fec38aa93ca6916289e1ab755287c47418,3af3ef06b67d5514481d098b57513e7c
Assets/08.AddressableResource/Aniamtations/Port/surprise/port_surprise.png,Assets/01.Game/03.Content/01.Characters/05.Port/01.Sprites/01.Portrait/surprise/port_surprise.png,55d1f5d6f44038cb2765077217df9fba89c0cbc01dd71fb7fe1dd168d6ca24ac,e110ce9b597c9fd42b1f4136b953c7c6
Assets/08.AddressableResource/Aniamtations/Port/surprise/surprise.png,Assets/01.Game/03.Content/01.Characters/05.Port/01.Sprites/01.Portrait/surprise/surprise.png,e27fde4cf0ec873b8b848ca7f7aef5eb8ac11794c54a0712c64901b2067c4d24,c9215ac42b879cc4bb95b604303fca5d
Assets/08.AddressableResource/Aniamtations/Stand.anim,Assets/01.Game/03.Content/01.Characters/09.Shared/02.Animations/01.Clips/Stand.anim,ab7ec7aba2d50c83262769ffc2e5e2ce726f7d3e8b532bdb444c0962cdb26ea7,da03b0fd902c002439a66fc607a79199
Assets/08.AddressableResource/Aniamtations/bubi/idle/default/body.png,Assets/01.Game/03.Content/01.Characters/04.Bubi/01.Sprites/01.Portrait/idle/default/body.png,167190d1940f491a7a47ec4617208d561ad5c33eef647d032ad1a1e38d2a2f10,78176ac80c15e03489f41701dd66e5dd
Assets/08.AddressableResource/Aniamtations/bubi/idle/default/bubi_body_default_Loop.anim,Assets/01.Game/03.Content/01.Characters/04.Bubi/02.Animations/01.Clips/01.Portrait/idle/default/bubi_body_default_Loop.anim,9cfd13533c89eb83ef3f958f194315fa80b9127c494527d54847f0cd3fbbc9ac,2605336798f4bf942ae1902221c954ce
Assets/08.AddressableResource/Aniamtations/bubi/idle/default/bubi_eyes_default_Loop.anim,Assets/01.Game/03.Content/01.Characters/04.Bubi/02.Animations/01.Clips/01.Portrait/idle/default/bubi_eyes_default_Loop.anim,263705256820b1cc23f65fed3bbc2a97725b9a5d1e4f471818a91d35f724a127,26748c0c62d23234f94fd1c688070cc5
Assets/08.AddressableResource/Aniamtations/bubi/idle/default/bubi_lower_face_default_Loop.anim,Assets/01.Game/03.Content/01.Characters/04.Bubi/02.Animations/01.Clips/01.Portrait/idle/default/bubi_lower_face_default_Loop.anim,a60d42239b6c42695a486c82fa9ad5be0f8ac24a99ca3df579d86612c276ca32,12a7595d466eefb46950adf6f09f6d58
Assets/08.AddressableResource/Aniamtations/bubi/idle/default/bubi_upper_face_default_Loop.anim,Assets/01.Game/03.Content/01.Characters/04.Bubi/02.Animations/01.Clips/01.Portrait/idle/default/bubi_upper_face_default_Loop.anim,34687b0419020fd59e352234c479696cdbf27dcec855ec0cbc4fa768509a0ccf,c93c5a07601a73c40ab66419cbdbb253
Assets/08.AddressableResource/Aniamtations/bubi/idle/default/eyes.png,Assets/01.Game/03.Content/01.Characters/04.Bubi/01.Sprites/01.Portrait/idle/default/eyes.png,b13940d9573d808dde5c2458682a3f7db902d8995b3b49871cc82bef4a758671,0805727296535f74289914e362299f53
Assets/08.AddressableResource/Aniamtations/bubi/idle/default/face_bottom.png,Assets/01.Game/03.Content/01.Characters/04.Bubi/01.Sprites/01.Portrait/idle/default/face_bottom.png,8c595cc13113ac3bbf73feec83bee317d9ecc79fe0556ecfe84b2ab8fd951670,00a4b0443325fb94682f9c8ce4a8d9d5
Assets/08.AddressableResource/Aniamtations/bubi/idle/default/face_top.png,Assets/01.Game/03.Content/01.Characters/04.Bubi/01.Sprites/01.Portrait/idle/default/face_top.png,a97619787cb61d1c052a4f605ea87b4ec24b7b31b24c75f59d0ded2b0cd449ca,791c565c8e4546647bac020ef1650210
Assets/08.AddressableResource/Aniamtations/bubi/idle/talk/body.png,Assets/01.Game/03.Content/01.Characters/04.Bubi/01.Sprites/01.Portrait/idle/talk/body.png,167190d1940f491a7a47ec4617208d561ad5c33eef647d032ad1a1e38d2a2f10,64778f4c841ad2a49a4dcc520a6e9bc7
Assets/08.AddressableResource/Aniamtations/bubi/idle/talk/bubi_body_default_Dialogue.anim,Assets/01.Game/03.Content/01.Characters/04.Bubi/02.Animations/01.Clips/01.Portrait/idle/talk/bubi_body_default_Dialogue.anim,0bc0280f392257140fd9db4b296b882237ac2f54a96275373fe4b0b60dcdc803,c46e0f4c65358084aa303f58fed5b3b0
Assets/08.AddressableResource/Aniamtations/bubi/idle/talk/bubi_eyes_default_Dialogue.anim,Assets/01.Game/03.Content/01.Characters/04.Bubi/02.Animations/01.Clips/01.Portrait/idle/talk/bubi_eyes_default_Dialogue.anim,9b50c4e5aad4f5c1ef8c4f78c30a7282b9966b64076417d5c44292cf78379a36,f80519d9ad9f4b641904662381ed4c2a
Assets/08.AddressableResource/Aniamtations/bubi/idle/talk/bubi_lower_face_default_Dialogue.anim,Assets/01.Game/03.Content/01.Characters/04.Bubi/02.Animations/01.Clips/01.Portrait/idle/talk/bubi_lower_face_default_Dialogue.anim,e9ab34b66b60eddd19243ff5bdee6231aa926744501b72335aa3f21aa879f4ee,b17fa27eeaff41b46ae1f1d72f9644b6
Assets/08.AddressableResource/Aniamtations/bubi/idle/talk/bubi_upper_face_default_Dialogue.anim,Assets/01.Game/03.Content/01.Characters/04.Bubi/02.Animations/01.Clips/01.Portrait/idle/talk/bubi_upper_face_default_Dialogue.anim,e6d2adbd930066cb2b6a8a6cb872c33a690627bc123c33697501e9ada8a9d231,22331f66bfcc5584e91158170ac75e05
Assets/08.AddressableResource/Aniamtations/bubi/idle/talk/eyes.png,Assets/01.Game/03.Content/01.Characters/04.Bubi/01.Sprites/01.Portrait/idle/talk/eyes.png,b13940d9573d808dde5c2458682a3f7db902d8995b3b49871cc82bef4a758671,914f07418c82a304a83d578f1702bba7
Assets/08.AddressableResource/Aniamtations/bubi/idle/talk/face_bottom.png,Assets/01.Game/03.Content/01.Characters/04.Bubi/01.Sprites/01.Portrait/idle/talk/face_bottom.png,cc58c929b3c42d519679e811a7705c54882cb8328aab106f9a1bf4e026b8c180,bbb196ddd6cd15c419e44a99ac9458ff
Assets/08.AddressableResource/Aniamtations/bubi/idle/talk/face_top.png,Assets/01.Game/03.Content/01.Characters/04.Bubi/01.Sprites/01.Portrait/idle/talk/face_top.png,a97619787cb61d1c052a4f605ea87b4ec24b7b31b24c75f59d0ded2b0cd449ca,7f9321201911e7e44beec5e4f0ffa480
Assets/08.AddressableResource/Aniamtations/luna_sit3-Sheet.png,Assets/01.Game/03.Content/01.Characters/01.Luna/01.Sprites/02.Field/luna_sit3-Sheet.png,956f2cebda024f8fdb037acb32ca14918fec38d80cef73addd922eb71f21c14b,3a0fe2e2ae008f54d9b6a745906321c3
Assets/08.AddressableResource/Aniamtations/luna_sit3-Sheet_0.controller,Assets/01.Game/03.Content/01.Characters/01.Luna/02.Animations/02.Controllers/02.Field/luna_sit3-Sheet_0.controller,7adac9a63a4cfed2f494454ababf18e2daed8fa38fbf6a6b43d3c17b341c6291,940762d6dc09bbb48ad560cd14ff68c3
Assets/08.AddressableResource/Aniamtations/luna_walk3-Sheet 1.png,Assets/01.Game/03.Content/01.Characters/01.Luna/01.Sprites/02.Field/luna_walk3-Sheet 1.png,3770026ca5494dacffe9a5e92c1aec6bf2690875f1ea4145464f78e422e97103,fb7becfe884bc0348b2f1971fc25fcb2
Assets/08.AddressableResource/Aniamtations/luna_walk3-Sheet _mask.png,Assets/01.Game/03.Content/01.Characters/01.Luna/01.Sprites/02.Field/luna_walk3-Sheet _mask.png,a34d1012de571e7495754d8c023bfffb436b4dea67673ea4cf2498faef71a4eb,4cfc2c4b0d4ad214e87346c5fcecb6f5
Assets/08.AddressableResource/Aniamtations/luna_walk3-Sheet.png,Assets/01.Game/03.Content/01.Characters/01.Luna/01.Sprites/02.Field/luna_walk3-Sheet.png,3770026ca5494dacffe9a5e92c1aec6bf2690875f1ea4145464f78e422e97103,56eff4fc9b111974e93fbac4cef6f6a0
Assets/08.AddressableResource/Aniamtations/luna_walk3-Sheet2.png,Assets/01.Game/03.Content/01.Characters/01.Luna/01.Sprites/02.Field/luna_walk3-Sheet2.png,f376faa6c76745ca550bee83b16116e634de990ada620057494bfb25f73bfaf5,70955bebfb22a4141b89f8e10cfb8735
Assets/08.AddressableResource/Aniamtations/luna_walk3-Sheet_normal.png,Assets/01.Game/03.Content/01.Characters/01.Luna/01.Sprites/02.Field/luna_walk3-Sheet_normal.png,b13e47589a8e6dfe4c6279e516d65d0109c584ec77153902f5f02d7a97ebd309,95549ad7877d51a45ada7b2fba24d9da
Assets/08.AddressableResource/angry.png,Assets/01.Game/03.Content/01.Characters/09.Shared/01.Sprites/angry.png,606b3fa56c2a1a88e69f457075ac19360a599351f0bdc0cc12e4e46eccb20408,39f683717eb0786438342ef989c12a1c
Assets/08.AddressableResource/annoying1.png,Assets/01.Game/03.Content/01.Characters/09.Shared/01.Sprites/annoying1.png,94dd319a0f142f889034f12c1be9db54fb9eb9ba8eb8ecb7845a81f0c0dd6861,5425509543f142e4792f071e6fdc9638
Assets/08.AddressableResource/annoying2.png,Assets/01.Game/03.Content/01.Characters/09.Shared/01.Sprites/annoying2.png,0d76461be237105483e75f8c465c201acf3c5103b81397fa493350638e9ec0d7,1f1743a1144a8f74394073783ab055bc
Assets/08.AddressableResource/sad.png,Assets/01.Game/03.Content/01.Characters/09.Shared/01.Sprites/sad.png,428ddba3ccb238413003687dd6db2c1688207a46ac30e3ab4d312b5a6935fe82,e1d172c7930c640439ee10e6a7052a67
Assets/08.AddressableResource/smile.png,Assets/01.Game/03.Content/01.Characters/09.Shared/01.Sprites/smile.png,4996448f5b797ceb3d868a074ac2f2bf52665820eaf729b3a94eb1d216ab6e5b,eb82934dc7cfe5940a9d3ef32a2ec47f
Assets/08.AddressableResource/stand.png,Assets/01.Game/03.Content/01.Characters/09.Shared/01.Sprites/stand.png,d5855ed7ef248aea5496643f1c6084b286086db2f44fce5f5942ba84c0ced662,bc487f82fadc55b46b093c8433e946f5
Assets/09.Vfx/Material/FX_Mat_ElectricWire.mat,Assets/01.Game/03.Content/06.Vfx/03.Materials/FX_Mat_ElectricWire.mat,c78a1d69ea8dfee54350de6dd1f707b33870754cf13f79789beef47ce682e2a3,f79748a569aaf4d479c703ea2b143b0a
Assets/09.Vfx/Material/FX_Mat_Fly_01.mat,Assets/01.Game/03.Content/06.Vfx/03.Materials/FX_Mat_Fly_01.mat,7c8979ccb8eb190b7f4e9c3697262e8778ff1e66efb15e8f9ec41b304f9e2397,39e3f3e55482b9048a005b9a34fe1070
Assets/09.Vfx/Material/FX_Mat_Fly_02.mat,Assets/01.Game/03.Content/06.Vfx/03.Materials/FX_Mat_Fly_02.mat,8ca4af2bbea93c7d9b5148b00f188fa0769c5153f19a19e7198ea5cc8f35dc90,583503b907edb934f99b68c6151fc2f9
Assets/09.Vfx/Material/FX_Mat_Test_01.mat,Assets/01.Game/03.Content/06.Vfx/03.Materials/FX_Mat_Test_01.mat,ea6afa76f2dca6e600015eb8274edd07991496955547aaa88031da3cee58a440,66a0caddea2772f4ab89051d2dde741a
Assets/09.Vfx/Material/Fx_Mat_Raindrop_01.mat,Assets/01.Game/03.Content/06.Vfx/03.Materials/Fx_Mat_Raindrop_01.mat,61c87f76133a1ca20285caf2c97c5b4220bf986b87efc4d3767764f66f1028ea,90d6cc7121cba1d4cad6478ed13c18c7
Assets/09.Vfx/Prefabs/FX_Fly.prefab,Assets/01.Game/03.Content/06.Vfx/04.Prefabs/Variants/FX_Fly.prefab,81e7f2a276ea431bdb77b42bf18cb5d3593c15b6fbfe21830da076a673b1435a,e3508f6b90c172e4f8c102602e8cb1fc
Assets/09.Vfx/Prefabs/FX_Rain.prefab,Assets/01.Game/03.Content/06.Vfx/04.Prefabs/FX_Rain.prefab,7994430ee8eefe6035b7a90af415ae6f4562318964a76ea22d580f12e85f1479,51677c20a2ac5a048a04dc398125af78
Assets/09.Vfx/Prefabs/FX_WireSpark.prefab,Assets/01.Game/03.Content/06.Vfx/04.Prefabs/Variants/FX_WireSpark.prefab,374aedce32cc78ac399e802a5f9e4a94c38bf11abf2328b2b5760038111bb7fa,7ce3caa1cb8c5ce4eb83042d6095308c
Assets/09.Vfx/Scripts/ParticleSpawnFlip.cs,Assets/01.Game/02.Scripts/05.Presentation/04.Vfx/ParticleSpawnFlip.cs,a47df219cd96edadb97976efca52c084025ca919fbcc800e1a39eefd90b3dac3,c48140519321b2c4bab026e9b2f2b525
Assets/09.Vfx/Shader/FX_Rain_01.mat,Assets/01.Game/03.Content/06.Vfx/03.Materials/FX_Rain_01.mat,c382ca1b6bbd22b972c71e6afa6a6bb590a61f773ec52ffb2932ffc10b24d65a,e22f264dca5dd3341827bda3f768ca85
Assets/09.Vfx/Shader/New Material.mat,Assets/01.Game/03.Content/06.Vfx/03.Materials/New Material.mat,4b4fb3dea10ba6ca4cc7faefc753a625cf8aef426eab4be541a3434cceb90bfa,a70dc0420211086409abac4db80fb311
Assets/09.Vfx/Shader/SH_Test.shadergraph,Assets/01.Game/03.Content/06.Vfx/07.Shaders/SH_Test.shadergraph,48eaabd14eda72b8ba44da7f1d5ef9cd5e86316dd603945edd25e063c6e5cb8c,281fda7b72ec1d044a01c8dab49e256d
Assets/09.Vfx/Shader/SH_Test02.shadergraph,Assets/01.Game/03.Content/06.Vfx/07.Shaders/SH_Test02.shadergraph,1dde9f3f915d27b08e08fb17cd36acf484e38154ec2a6c74dad9cb156105f977,8dab1bce28343c8409e1595099642bea
Assets/09.Vfx/Shader/SH_UI_GlitchPanel.shadergraph,Assets/01.Game/03.Content/06.Vfx/07.Shaders/SH_UI_GlitchPanel.shadergraph,108003ab1ae35bfc81480f04e77d8073f8c74604285f07cc6f308b9202fc2f0d,5804ba85118efee46bf831d01d7b1e65
Assets/09.Vfx/Shader/Square.png,Assets/01.Game/03.Content/06.Vfx/01.Sprites/Square.png,44f9592db7d11d11ed58c7cad12e35925d9974d6576fb0951b4fa0cd7c6eaf10,7c7ce920483929a4dbd746530d4c3383
Assets/09.Vfx/Shader/UI_GlitchPanelTest.mat,Assets/01.Game/03.Content/06.Vfx/03.Materials/UI_GlitchPanelTest.mat,e81faf1434a797f287128b8128ce6d3897bd6c7df266ea586c4ced80a4613464,b2748f7af99932d4393638fa8860100c
Assets/09.Vfx/Texture/FX_TX_Circle_01.png,Assets/01.Game/03.Content/06.Vfx/01.Sprites/FX_TX_Circle_01.png,2eb94738f42df65c615808653a064c0cf991c02b71869f184406e6a24850ec7c,39a040a530ae27e4ebe977f37dced3ee
Assets/09.Vfx/Texture/FX_TX_Fly_01.png,Assets/01.Game/03.Content/06.Vfx/01.Sprites/FX_TX_Fly_01.png,88546b0f6d07e28db09585096a3b675d10a8104d7ae9c35fe813a00f78bc6451,36791a45c70013f44b8ea398bc7f35c3
Assets/09.Vfx/Texture/FX_TX_Fly_02.png,Assets/01.Game/03.Content/06.Vfx/01.Sprites/FX_TX_Fly_02.png,145fdfa738b9b21bb7f1c17a00751c3bb58ff3c07bd0bacd76a80e4f8a774495,9e8d262596d76e2459eead64e162667e
Assets/09.Vfx/Texture/FX_TX_Lightning_01.png,Assets/01.Game/03.Content/06.Vfx/01.Sprites/FX_TX_Lightning_01.png,901dfacca63593fa0980bf91a91deae17925e9222542943fa49bb1116b10e2f7,ac27691b9fc6448408ef1e3a074a8d4b
Assets/09.Vfx/Texture/FX_TX_Lightning_02.png,Assets/01.Game/03.Content/06.Vfx/01.Sprites/FX_TX_Lightning_02.png,e0d70d1188a927566a01c6d1157c0822f0cbbe1911151d7ab04f58d9b8cfe148,a0a3ce2fa07987c44881c17fbe7be087
Assets/09.Vfx/Texture/FX_TX_Lightning_03 1.png,Assets/01.Game/03.Content/06.Vfx/01.Sprites/FX_TX_Lightning_03 1.png,e34600585a5c24a214126a905fae25aeddda3d4b3d4996c4820a6fd0d9f7bed0,58a1a6eb04d18a64299700cfdc8dce42
Assets/09.Vfx/Texture/FX_TX_Lightning_03.png,Assets/01.Game/03.Content/06.Vfx/01.Sprites/FX_TX_Lightning_03.png,e34600585a5c24a214126a905fae25aeddda3d4b3d4996c4820a6fd0d9f7bed0,41e2f2899ada13148a586ece57b656b6
Assets/09.Vfx/Texture/FX_TX_Lightning_04.png,Assets/01.Game/03.Content/06.Vfx/01.Sprites/FX_TX_Lightning_04.png,7d54cb39a7c04b4ecb2eecdcbe7f645240ccba8ebeae9b97cda6a29679bd71dd,4a40a5b99f0f42048808a62ac2529787
Assets/09.Vfx/Texture/FX_TX_RainDrop_01.png,Assets/01.Game/03.Content/06.Vfx/01.Sprites/FX_TX_RainDrop_01.png,91ed976f1b1dfbc0fd527d7bb35a04035b7679424796e4642a9d8aa0a0e79b37,3bc66f39163263d498b9d169bf921e1f
Assets/09.Vfx/Texture/FX_TX_Rain_01.png,Assets/01.Game/03.Content/06.Vfx/01.Sprites/FX_TX_Rain_01.png,a40e6309188584e13872d4f6e59750a14c74a3a0d8c1f65a2ad35bd52d8f59a0,8695cd6b4e410ae41b65b826a1aae384
Assets/09.Vfx/Texture/TX_Gilch_01.png,Assets/01.Game/03.Content/06.Vfx/01.Sprites/TX_Gilch_01.png,55f897d4589af3c6f55bc8afd6f974024d1916a94076474589fe91be0a4e2e39,603de7dc9b272d444ae974616d748b23
Assets/09.Vfx/Texture/TX_Gilch_02.png,Assets/01.Game/03.Content/06.Vfx/01.Sprites/TX_Gilch_02.png,fed1ba84eb237376c11d91bc032dd6db9bf7ec29d39425e843b9a46c2f9c900c,d83c67b2b5accf241a1fc1c1111ddc79
Assets/10.Shader/Elavator 1.png,Assets/01.Game/03.Content/09.Shared/01.Sprites/Elavator 1.png,a6cb4f2caa2edce31b419d557cd7299aad56f656f336db1d10ece76a24f28dfe,eb4dc63156757124ea298889fc1a004d
Assets/10.Shader/New Material 1.mat,Assets/01.Game/03.Content/09.Shared/03.Materials/New Material 1.mat,144b5fd60df1ddaa256c2baf57e41faa5bf09abeb4d2826e89e7851c84c3b341,606ce3ff76ae59748a50fbc249f56047
Assets/10.Shader/New Material 2.mat,Assets/01.Game/03.Content/09.Shared/03.Materials/New Material 2.mat,763a2d6f861f90216fd76e74dcff06a0a9f2a9e833f6fc97eb0c6224929de29e,1dcd80132bb1f5c4a9796857a66be649
Assets/10.Shader/New Material.mat,Assets/01.Game/03.Content/09.Shared/03.Materials/New Material.mat,53bd969ad7b4660a24af5a1bb7bd370c67443d5af7c1fa60820601f8454b77c9,a3b7ee4ab3d350e4294101bc49d57045
Assets/10.Shader/New Shader Graph.shadergraph,Assets/01.Game/03.Content/09.Shared/07.Shaders/New Shader Graph.shadergraph,cec6f1306df057e0e0b4f17a9516269b33d9060e2275c15fa56220a9624cc735,a75e240705670464895cb14b55869ef9
Assets/10.Shader/SG_TextureSampler_Offset.shadersubgraph,Assets/01.Game/03.Content/09.Shared/07.Shaders/SG_TextureSampler_Offset.shadersubgraph,27253e3ca48af830c373ee263ef7b6c3c8dfa56ea313f6ca4ab9dfccb41b6c4b,8f1632a15fd086e45ace2efa1daaba9d
Assets/10.Shader/Sh_CRT.shadergraph,Assets/01.Game/03.Content/09.Shared/07.Shaders/Sh_CRT.shadergraph,0fc4d02ca7cdc7c1821b0d93b64232f94888be585ade79d7ff28cf648dcff3ac,066c3bde7d571724296bec8d9a821151
Assets/10.Shader/Sh_Main.shadergraph,Assets/01.Game/03.Content/09.Shared/07.Shaders/Sh_Main.shadergraph,5d5ac1bf8c7eb6125e3a0a9239dea6638bc4fe3ba87f6b5c6d96dbd8a1ab05ef,e7ab1ea21bfb69341a6d794839cc0dee
Assets/10.Shader/Sh_Scanline.shadergraph,Assets/01.Game/03.Content/09.Shared/07.Shaders/Sh_Scanline.shadergraph,551dc628a1d72d5a974c6f3e68b1f6bd46981824142af82bb6080582db124662,75dddab1422707045a827bae9ff9fa90
Assets/10.Shader/Shader Graphs_New Shader Graph.mat,Assets/01.Game/03.Content/09.Shared/03.Materials/Shader Graphs_New Shader Graph.mat,f8c417efca5ff839d41c25a4172212376fc9c1ba59df54d6b38a377f365a7bcf,c890be797c628bd4a9013a1f1ad0bd93
Assets/10.Shader/Sub_OutlineColor.shadersubgraph,Assets/01.Game/03.Content/09.Shared/07.Shaders/Sub_OutlineColor.shadersubgraph,281dbd14102bcf6340f2f17f47f8638ed662be5b87dbbe1b6dd4b0c2a3d898fb,6f2b47729de32b44986a64a68f4b7459
Assets/10.Shader/Sub_PixelOutline_AutoColor.shadersubgraph,Assets/01.Game/03.Content/09.Shared/07.Shaders/Sub_PixelOutline_AutoColor.shadersubgraph,5e154f0b2b337681bca855dfa50cb62b646743374e1fabf7b3eb3bbf248068b6,d56926bee05d6df4ea713149db3a90e9
Assets/10.Shader/c.mat,Assets/01.Game/03.Content/09.Shared/03.Materials/c.mat,93766839dace98fda4483804aa83ca8b62e57c3d177092ff82977d69408e190c,b320ddddd5aaf2143aaea8c504398c6e
Assets/Animations/Placeholders/ExpressionIntro.anim,Assets/01.Game/03.Content/09.Shared/02.Animations/Placeholders/ExpressionIntro.anim,37103531a78cc8483e99fc0fd2897d5b3dc564ad9c24115d5874c9395644ffc3,87be5bde7c0591045840787df3a8c994
Assets/Animations/Placeholders/ExpressionLoop.anim,Assets/01.Game/03.Content/09.Shared/02.Animations/Placeholders/ExpressionLoop.anim,f64d7035733965373b1871e2630a03cabd1e74df672785464637ba646b9ef3cd,ee644c72c2700034388ae54fb1551abd
Assets/DefaultVolumeProfile.asset,Assets/01.Game/05.Settings/02.Rendering/DefaultVolumeProfile.asset,a8786f6390cead1a67643e0b85a6b31ce1fffca7974ccf077a5297ae87f32d9d,3f9215ea0144899419cfbc0957140d3f
Assets/Editor/AnimatorPlaceholderSetup.cs,Assets/01.Game/Editor/03.AnimationTools/AnimatorPlaceholderSetup.cs,40869bd22b492f6eeda4ca4b12d04cad351499da2bd97c01f863a42a59e6ed7b,d235b4ebd4d7a914681a90e3e4e5d927
Assets/Editor/CContentInspectors.cs,Assets/01.Game/Editor/04.Inspectors/CContentInspectors.cs,0a8ba26fbdb9716a6d763e1d4d154569a8ddf35d79ef59486483e634df6b6d4b,596664b090e38466ca3ab51124f049d0
Assets/Editor/CapSceneSetup.cs,Assets/01.Game/Editor/02.SceneSetup/CapSceneSetup.cs,ab3f7b03baaf3f75354d5dd5338fe125aa2a11841b32c58fa0c61b2ae9b55160,fc990edc3c667ad4e8c6ecdae496a285
Assets/Editor/CoasterUISetup.cs,Assets/01.Game/Editor/02.SceneSetup/CoasterUISetup.cs,27ce70a3e109eb68453330255f98e06e563f42527272ef99dca8026ad86aebaa,cbf02b04d321756478e8cbb50bf7c2bb
Assets/Editor/CraftDataValidator.cs,Assets/01.Game/Editor/01.ContentTools/CraftDataValidator.cs,7c6961a698a3256dff66636d5c465eace402f9429285147a2722ece06d735ee8,005e6c64b1560334992308da05a6d872
Assets/Editor/CraftManagerTests.cs,Assets/01.Game/06.Tests/Editor/CraftManagerTests.cs,47f67dbcd707d10368dda2dee8f4b7189214db91829fc14e1be9a909b12023de,7e5e2a468e0a45e29d08f8fa537d3bd1
Assets/Editor/CsvContentTests.cs,Assets/01.Game/06.Tests/Editor/CsvContentTests.cs,6c9c3308e8e6f29483ff607ff9aaed5b2ac72efee907148751616b7a1e9805da,41da01bcd5a34e558d5ec6b6591a188b
Assets/Editor/CsvContentValidator.cs,Assets/01.Game/Editor/01.ContentTools/CsvContentValidator.cs,1cbab0303e58aef402b76b8ac8e1bb5cb1184bbc6af73b41934b4f8404ccc6cd,5537a39f7c174c2ea280c16c5b2a420f
Assets/Editor/CutSceneLayoutTool.cs,Assets/01.Game/Editor/01.ContentTools/CutSceneLayoutTool.cs,f432ec743365504dc7c9c98e3b6483b66d69839c0a87dbcc390d7fb27ee5beaa,966f75946bbdc9040a218b2c82267aba
Assets/Editor/DialogueAnimationTestWindow.cs,Assets/01.Game/Editor/03.AnimationTools/DialogueAnimationTestWindow.cs,5709865d125b8be524d1d1b750ad236a27c624a1d3f2395048be3a724ace23e8,a57c284400b9448499fdfa155fec4452
Assets/Editor/DialogueCameraFeedbackTests.cs,Assets/01.Game/06.Tests/Editor/DialogueCameraFeedbackTests.cs,b38fc3d9e6e4e2de11f209de448ab1003ce8c354c82f345a440f4a79b9cd299b,1b7bb963e64a46049a33aeb9e3554569
Assets/Editor/DialogueFxPreviewWindow.cs,Assets/01.Game/Editor/01.ContentTools/DialogueFxPreviewWindow.cs,0cbf0e67e0c103a8539058c1068048adcc133e01c647fb6459d8baf1e3dd14dc,76cd948d9bcf45c49e7b7b03f817cb74
Assets/Editor/DialogueFxRuntimeTests.cs,Assets/01.Game/06.Tests/Editor/DialogueFxRuntimeTests.cs,d51761dc374c4cf8e479a0acd6a70af12158025f03e75ed0f0e478152969930e,367968210fc24fd48dce1c76fb5c57ae
Assets/Editor/DialogueFxSceneWiringTests.cs,Assets/01.Game/06.Tests/Editor/DialogueFxSceneWiringTests.cs,7166c85848ff964d81d80a2d209646a72ee0a5ce1cc40ac3c5be3dd3277ebbdc,dae4e2e7beef407b88fb969b36685f60
Assets/Editor/DialogueFxTests.cs,Assets/01.Game/06.Tests/Editor/DialogueFxTests.cs,8605662dc2d24c9186bbce3b896194d0556e1abdd4cca798a325f7e4acc71927,d2da5e4484fd45c49987e913485840cd
Assets/Editor/DrinkDragTests.cs,Assets/01.Game/06.Tests/Editor/DrinkDragTests.cs,c8fafb462177501303afb2ec91e50640771dd35a9dc42f69e943676f898ae113,3c8e5eaf154a4c1ba8f0667c6a98c2dd
Assets/Editor/ElectricNoiseGenerator.cs,Assets/01.Game/Editor/01.ContentTools/ElectricNoiseGenerator.cs,87124ea948554764b072c49e9d94eaddf046993c53586f560815dea41b75ff47,0a985880bc782844e82722792c478194
Assets/Editor/EventGeneratorWizard.cs,Assets/01.Game/Editor/01.ContentTools/EventGeneratorWizard.cs,205b30dc3f2e079e4db90834e97aa2e1099e0994641df3be85e663d5fe4f332f,b072716afb551b649be38b99ef16b8d4
Assets/Editor/FixKoreanFontSetup.cs,Assets/01.Game/Editor/02.SceneSetup/FixKoreanFontSetup.cs,b273505a4b4a024b5f7fa0566f2ec2095503c2ee93fe8bfe7a767602b5c734f5,004beddf0f98fea41b9f54c65388ac59
Assets/Editor/GameProgressionIntegrationTests.cs,Assets/01.Game/06.Tests/Editor/GameProgressionIntegrationTests.cs,b23ea8691a882156ebcd702a3b954f0d9c5a2b87f3d1db34e0545364475faac7,86f6d8b2b87314a299ab6aed1bc8092f
Assets/Editor/GimmickQueuePreview.cs,Assets/01.Game/Editor/01.ContentTools/GimmickQueuePreview.cs,c4dbdacc8627f7cc8074757977200809ca2415d5a298189a3782c2cc6352a5bf,58811a72c08d4dd4d8c2bcdea5620a1e
Assets/Editor/OrderRequestTests.cs,Assets/01.Game/06.Tests/Editor/OrderRequestTests.cs,a5e1c10d36c595e7f1491d1a952e49fee21355215a57b134d40de30e84b15f9b,54ed22daaf144c9188a309a89966ea0a
Assets/Editor/PlayPhaseTestOverrideTests.cs,Assets/01.Game/06.Tests/Editor/PlayPhaseTestOverrideTests.cs,3bcb2f210ed70f4df92f561083d14d786a5805051a0475f782a41da8461826ae,ea745688d4da4c51ab3f1e756e5121d4
Assets/Editor/PourSceneSetup.cs,Assets/01.Game/Editor/02.SceneSetup/PourSceneSetup.cs,9b83154e494d622ab3336396688a12b61d73a0575fa81e6ce0c3fab262cc63d8,583b19b33b15e2e4cbd2dabadad52500
Assets/Editor/ProjectAssetConnectionSnapshot.cs,Assets/01.Game/Editor/01.ContentTools/ProjectAssetConnectionSnapshot.cs,,f592bb9972824b8eabc92173ba945471
Assets/Editor/RefactoringCContentValidator.cs,Assets/01.Game/Editor/01.ContentTools/RefactoringCContentValidator.cs,d6a115d2a902978f2a43c5886c5495a72d451ef372392428113a9a2f97f62334,900b38139e61644eb8dec7485f7c91db
Assets/Editor/SerializableDictionaryDrawer.cs,Assets/01.Game/Editor/04.Inspectors/SerializableDictionaryDrawer.cs,7d540a1fc1f9c5c5b20f3f6a9b712d85fc42d566faeebc89b955579f50fd13d3,18f5cdbfdb5a77b4b81fed950b00453a
Assets/Editor/SpriteFoldersToClipWindow.cs,Assets/01.Game/Editor/03.AnimationTools/SpriteFoldersToClipWindow.cs,be2aa81fbb8efba02ff90debef0d6db86a10c22e7ed211b11cdb16cf1fcffc1b,6fa01effd4acb704bb90d66879582198
Assets/Editor/SpriteSheetAnimationCreator.cs,Assets/01.Game/Editor/03.AnimationTools/SpriteSheetAnimationCreator.cs,303fb8ebf707dacaa880d7a2ef0aae6cfab41475a1f1a9474a14df48fe8de5f7,112901a12eeb0a941ab36682f497aad3
Assets/Editor/StirSceneSetup.cs,Assets/01.Game/Editor/02.SceneSetup/StirSceneSetup.cs,5439d1898a0019df978aff7a1437aab93bd24be9da7a6c1fcf84a69dda70c361,afb1f7c2f9216604cbcbd46abee9296d
Assets/Effect/BLOOD_A.png,Assets/01.Game/03.Content/06.Vfx/01.Sprites/BLOOD_A.png,71041578b2708c8b8f7a3fc3d7d2a9a4a58f6de47ee14322273e13498d8a9502,4cc28e772b0726e44b3f269e8e019382
Assets/Effect/STONE_A.png,Assets/01.Game/03.Content/06.Vfx/01.Sprites/STONE_A.png,e1fb9a0cf59a5487aff82778254cb3f5faf1829880fad917ed384dacd3671d97,03e18df7236e1e14b98dae4ce53de08b
Assets/Effect/STONE_B.png,Assets/01.Game/03.Content/06.Vfx/01.Sprites/STONE_B.png,6377d9f579880255d923135059726d461a04cb2c9bd5f743aed75129c7a71452,0ff3fe09d87128148b6e08013c354640
Assets/Effect/blood.prefab,Assets/01.Game/03.Content/06.Vfx/04.Prefabs/blood.prefab,9c202e9770e076cd87b9c29527e5fb005c03465e7c3574479a95f3ecaf328549,ba58e80bb1dae774a8783528d78e3e42
Assets/Effect/stone.prefab,Assets/01.Game/03.Content/06.Vfx/04.Prefabs/stone.prefab,d323ec0b698339952ecb702c1a97e0df2a8ea322cfdbb99c4144ec10d962205b,bb7c29d0c90b88348839e26b2bbebdc6
Assets/ElectricNoise_Example.png,Assets/03.Dev/02.Content/03.ArtTools/ElectricNoise_Example.png,516c35df740b92059b4a3943a370182dce2047c97576b08c9315b9c9844de44e,8ea89aeba07770c489e31edbef3e87cf
Assets/InputSystem_Actions.inputactions,Assets/01.Game/05.Settings/01.Input/InputSystem_Actions.inputactions,cd5a6308f9bce6ddac2023b5ed185ff6bc36ac09fbfd9680054d367822203812,2bcd2660ca9b64942af0de543d8d7100
Assets/KDI.txt,03.Documentation/02.Architecture/Notes/KDI.txt,eefd8b05db3dc117cdbc60d22a9162925667475321fcc9eda742c4d639520aaa,df1f8cd4f033f374881f5273d4e5055e
Assets/LighingTest.asset,Assets/01.Game/05.Settings/02.Rendering/LighingTest.asset,7c93d8427b3b1e1e781ae755ee555f57bc485ebb56d59f0d971938bd73ea5cef,c42a0f0238c07ed4dab1fc1f64d4ac55
Assets/Materials/BLOOD_A.mat,Assets/01.Game/03.Content/06.Vfx/03.Materials/BLOOD_A.mat,564623d96a141bfa47b628dd612091acce7f63b96b72b69a24c22f569c8bae9a,ff190b5bc6394c64fbb99272c88e9c6d
Assets/Materials/STONE_A.mat,Assets/01.Game/03.Content/06.Vfx/03.Materials/STONE_A.mat,46f0d58c61bfb6d783cd93668350d39c1c355f183524bee3ec2fd48253834d2a,3a3c98f7a6514f84898a16f3d1341dd1
Assets/Materials/STONE_B.mat,Assets/01.Game/03.Content/06.Vfx/03.Materials/STONE_B.mat,62258fc5b006f7f9632b01d2a4366fc7cbfa60f0a78f4509b18c8e7c133da2f1,2ea2d01ac37402243adc4aa9dddbce81
Assets/New Lighting Settings.lighting,Assets/01.Game/05.Settings/02.Rendering/New Lighting Settings.lighting,4800238d69ba7fe22574f1ec2530067cb2a3522309b814af4cf6e5f6e6b0d9b7,e6a69961f2d16244dab2be3922164099
Assets/NewShaderVariants.shadervariants,Assets/01.Game/05.Settings/02.Rendering/NewShaderVariants.shadervariants,e6d52282a043caa9dea8c6ca7c636264083b7ec7e7375431eba7d7f423823a44,b76e0f27ebdf2e0409913654f55b39c8
Assets/Note.prefab,Assets/01.Game/03.Content/09.Shared/04.Prefabs/Note.prefab,fafe58f23b12bfa7595c63c37a1febfc983b0acc86eff0a59e571cbace97ec73,fdac4d425ac6ade48a85643667bf92df
Assets/PlayerInput.inputactions,Assets/01.Game/05.Settings/01.Input/PlayerInput.inputactions,a8f664d8fcdc450319ddb7978b342701c0057d82ab6fb4ecd223f762d6d70db2,c3efcb279f404d54f8d6761470840e96
Assets/Read Me.txt,03.Documentation/02.Architecture/Notes/Read Me.txt,8d90357b5dff5fb531aa7099bdc20b988f0b02c2e351a822e4dc1ad36f4933d4,f7a25cb435693e24c828d2e6428d4186
Assets/SO/CharacterResourceData.asset,Assets/01.Game/04.Data/02.RuntimeCaches/CharacterResourceData.asset,41718497b1fccba47c028c88fc282dda2b2d36d51df625c9b0838cfc50884e0d,8c0255558d175cb498e99c2718c45ea5
Assets/SO/Day1.asset,Assets/01.Game/04.Data/02.RuntimeCaches/Day1.asset,fae5aa58afaed82db2a286d0a9ab3f7140d5d2c6c3f7aa75a943fca27def3745,486dc8d15c569874fb7f9ae0e544dd81
Assets/SO/IngrediantDataSO.asset,Assets/01.Game/04.Data/01.Definitions/IngrediantDataSO.asset,eecec66b1ceb86aaea10efa0bacb10edfff7f4dca38a90e1666fa1d29c6181fb,5dd40507ddfeb7f41be7d64a9fe4cb6a
Assets/SO/UI/CocktailRecipeVisualCatalog.asset,Assets/01.Game/04.Data/01.Definitions/UI/CocktailRecipeVisualCatalog.asset,ad25b8a73a05a3b2d12e5916c1b66b2e4a56775f0e0cf43542719ba8dddebfd3,ae1c081ac28800a4bb4b3cf117fea17f
Assets/Settings/Lit2DSceneTemplate.scenetemplate,Assets/01.Game/05.Settings/02.Rendering/Lit2DSceneTemplate.scenetemplate,ea8bbd3d1010935a8a64a7e9924d708abb481d693b08008cdc13f1470c7cbcaf,d03ed43fc9d8a4f2e9fa70c1c7916eb9
Assets/Settings/Renderer2D.asset,Assets/01.Game/05.Settings/02.Rendering/Renderer2D.asset,87b71d53f3932d8375d4875d066e01035a84f0bf2424aab2cbbf88d06cf0bd89,424799608f7334c24bf367e4bbfa7f9a
Assets/Settings/Renderer3D_Renderer.asset,Assets/01.Game/05.Settings/02.Rendering/Renderer3D_Renderer.asset,7b8f7ef534ff7b187fb0b5e15f7b5ed2e9c5b80efcf02c9fce50d8eb3c4e8e3f,d6017382f823a3142ac46672082b4d8f
Assets/Settings/Scenes/URP2DSceneTemplate.unity,Assets/01.Game/05.Settings/02.Rendering/Scenes/URP2DSceneTemplate.unity,55e315e1a1075331a3d70941b870f39529b1ffe7a01534539dbf290f89a11aa3,2cda990e2423bbf4892e6590ba056729
Assets/Settings/UniversalRP.asset,Assets/01.Game/05.Settings/02.Rendering/UniversalRP.asset,e3aaebb600e6f2ff94e72322f5ac5d71f9bc8a622ce7547d9851b6739ac08ff7,681886c5eb7344803b6206f758bf0b1c
Assets/UniversalRenderPipelineGlobalSettings.asset,Assets/01.Game/05.Settings/02.Rendering/UniversalRenderPipelineGlobalSettings.asset,b5a914fdb50874f752fb7e65a9134fd1a46a84f5c0651bced42b976558f7c16e,93b439a37f63240aca3dd4e01d978a9f
Assets/_Recovery/0 (1).unity,Assets/03.Dev/01.Scenes/05.Recovery/0 (1).unity,dc3b762f5bf597bce722de535dc8ef594b1baff87ef33b33ef39e35f9e55be17,46c70db1323d6e4419220bca6acd4834
Assets/_Recovery/0 (3).unity,Assets/03.Dev/01.Scenes/05.Recovery/0 (3).unity,d0e0f6a4b03aa65e0f57c0cd1898538e655f8e8e1e415ce847aa44e50a8e83ce,592a244402ff5db4e89d67ab1198280c
Assets/_Recovery/0.unity,Assets/03.Dev/01.Scenes/05.Recovery/0.unity,b5e3c9e770c9fdbc4417b92c49db20fbde90f8803779a7069e8bfd2398b3bda8,faae3fdf25c1a004e822a59bc162e635
Documentation/CraftManager.md,03.Documentation/02.Architecture/CraftManager.md,4f225cf19e98defa9eca6beffbc596b34bfcfbbdfd1a93367bd6145328153087,
Documentation/Handoff/RefactoringC_To_A.md,03.Documentation/05.Handoff/RefactoringC_To_A.md,880d30855a2d3422c25d82a335b1bc4cdaa98a07a829af02fa1e5303f6abec61,
Documentation/Handoff/RefactoringC_To_B.md,03.Documentation/05.Handoff/RefactoringC_To_B.md,56e3aa3b8ef64021912d453d7c86ca96143348519cdbf609331413ec771db17b,
Documentation/OrderServing.md,03.Documentation/02.Architecture/OrderServing.md,749c7b6cf7e4990b90b1e043747bc75c01ce743bc3b5297345db50c191a8f650,
Documentation/RefactoringC.md,03.Documentation/02.Architecture/RefactoringC.md,b754af3cac9e473b4c0dde1863f1144658d86192527e45e569450bf06a66604b,
Documentation/RefactoringC_SSOT.md,03.Documentation/02.Architecture/RefactoringC_SSOT.md,d71ad9ce0f4fd39715bdc6be0014a493667993c643d1d9769304562329a75743,
Documentation/Validation/CsvContent.EditMode.xml,03.Documentation/06.Validation/CsvContent.EditMode.xml,8ec1817ad035273fb4cb5647e174790d90944af64872bc84181f46f3fdaacf40,
Documentation/Validation/CsvContent.Parity.txt,03.Documentation/06.Validation/CsvContent.Parity.txt,29405b16d71458d146ab9c943eb5f23f227df565f71211f4ec252df9e2a3f8d8,
Documentation/Validation/PlayMode/README.md,03.Documentation/06.Validation/PlayMode/README.md,496096f221558c12cad4bb27a60b9df6250d4c724b608d3ed1e61eb2a9fa2457,
Documentation/Validation/PlayMode/craft-preparation.png,03.Documentation/06.Validation/PlayMode/craft-preparation.png,708900fcc715e7f61c9a670cb657b70fc87c11dd0329c829f4a4db9fd61c7b6e,
Documentation/Validation/PlayMode/day0-start.png,03.Documentation/06.Validation/PlayMode/day0-start.png,3b1ed1c42bc01a74566292c020821ecca71d8e0316ef602cbbb22848ef00508e,
Documentation/Validation/PlayMode/day0-start.txt,03.Documentation/06.Validation/PlayMode/day0-start.txt,67d010d4f9a08ff9a56fc2e95b6909f762d54cd4c37bd5a95e61530d3e8e15df,
Documentation/Validation/PlayMode/dialogue-progression.txt,03.Documentation/06.Validation/PlayMode/dialogue-progression.txt,20e58963d6e8143cb21c7183b403b703eb180f92feb81c91e6f051479dfcdf6a,
Documentation/Validation/PlayMode/main-loaded.txt,03.Documentation/06.Validation/PlayMode/main-loaded.txt,c0ae3ac9945aa432516b997b3b4df7acbd41034b3610a0c49daab69d355f3b95,
Documentation/Validation/README.md,03.Documentation/06.Validation/README.md,b807eb1706f633273e4c0419af47857ec22cf72a42794fabb41a558a96736248,
Documentation/Validation/RefactoringC/Assembly-CSharp-Editor.Compile.txt,03.Documentation/06.Validation/RefactoringC/Assembly-CSharp-Editor.Compile.txt,e3b0c44298fc1c149afbf4c8996fb92427ae41e4649b934ca495991b7852b855,
Documentation/Validation/RefactoringC/Assembly-CSharp-Editor.Current.Compile.txt,03.Documentation/06.Validation/RefactoringC/Assembly-CSharp-Editor.Current.Compile.txt,e3b0c44298fc1c149afbf4c8996fb92427ae41e4649b934ca495991b7852b855,
Documentation/Validation/RefactoringC/Assembly-CSharp.Compile.txt,03.Documentation/06.Validation/RefactoringC/Assembly-CSharp.Compile.txt,32d506d971ebc1acf15d1ca92b1c9f54d45a8f2ba20e098edd4b36d4acbac3a7,
Documentation/Validation/RefactoringC/Assembly-CSharp.Current.Compile.txt,03.Documentation/06.Validation/RefactoringC/Assembly-CSharp.Current.Compile.txt,d7f8a59c4d9d4f51e69a40c44826c0974d6a4d11354bd83a8c963cd0667a5095,
Documentation/Validation/RefactoringC/CContentReport.Current.txt,03.Documentation/06.Validation/RefactoringC/CContentReport.Current.txt,ca76a6b1340458f543c14696b4d059c34842ca31c0baa6d8b99c038fc34d9e99,
Documentation/Validation/RefactoringC/CContentReport.txt,03.Documentation/06.Validation/RefactoringC/CContentReport.txt,c7a4a589502c5a62366f163a302f0b4d21eb45c9746a5a0218e2035b91758976,
Documentation/Validation/RefactoringC/CExecution.EditMode.xml,03.Documentation/06.Validation/RefactoringC/CExecution.EditMode.xml,781c5c5e57b935a26ef007910915dbb723fec4204b2204944fead9c673658bc2,
Documentation/Validation/RefactoringC/CRemaining.EditMode.xml,03.Documentation/06.Validation/RefactoringC/CRemaining.EditMode.xml,53ba8f0a8fad39c9a48cbf23dd045c395d549565b918e68989a3f414892cc761,
Documentation/Validation/RefactoringC/CRemaining.FixedFailures.txt,03.Documentation/06.Validation/RefactoringC/CRemaining.FixedFailures.txt,6ebd759ee2d490f48d87eee59942ba01ac303419a656a3de11047be92a3c0444,
Documentation/Validation/RefactoringC/C_Runtime_Inventory.md,03.Documentation/06.Validation/RefactoringC/C_Runtime_Inventory.md,8c6ca653db0dd51a8e4427f99a14ba688c0840e5a30ab8a38d21489dfd36f7cc,
Documentation/Validation/RefactoringC/README.md,03.Documentation/06.Validation/RefactoringC/README.md,91f5f8e5163791bb3f46a686f2e76726067815ce088a414202ae73c695cc66e2,
Documentation/Validation/RefactoringC/ScopeAudit.Current.txt,03.Documentation/06.Validation/RefactoringC/ScopeAudit.Current.txt,e1437a779081ae45efa5d739146f606518eb27760ce1fb1df1e53814a0a021c1,
Documentation/Validation/RefactoringC/ScopeAudit.txt,03.Documentation/06.Validation/RefactoringC/ScopeAudit.txt,75cb7373edf2396d7ca381ae14b6bd926c1a082cdb2790e14f26f1f2dcef4d7b,
Documentation/Validation/RefactoringC/Unity.CExecution.Excerpt.txt,03.Documentation/06.Validation/RefactoringC/Unity.CExecution.Excerpt.txt,3a1e267b563d36eb02182ca67541dae47ac7bf9c5c5673f64b406508fd2b017d,
Documentation/Validation/RefactoringC/Unity.CRemaining.Excerpt.txt,03.Documentation/06.Validation/RefactoringC/Unity.CRemaining.Excerpt.txt,4aa0584f748ac16793789e8ce6ac5d52a804fd8d48661945fd7b0c3308b856f7,
Documentation/Validation/RefactoringC/Workbook.Current.txt,03.Documentation/06.Validation/RefactoringC/Workbook.Current.txt,9efb04d2daace5f649e97ab2638784e952c15f6f8d44038520e2952e8b746cd3,
outputs/20260915-content-editing/HumanBartender_C_Content.xlsx,02.ContentAuthoring/HumanBartender_C_Content.xlsx,97dccdbd792b17408713b2b320cd5cd97d0eca11c2a9a5647774d06bdee02097,
outputs/20260915-content-editing/HumanBartender_Game_Settings.xlsx,02.ContentAuthoring/HumanBartender_Game_Settings.xlsx,24f304f2fa6cc461c1f128dc31b96bfda4172e0ee93bf938d23dea248be75743,
outputs/20260915-content-editing/README.md,02.ContentAuthoring/README.md,e656fafd04b1c8ac74c9df30fd84f3f21de1936499d6a27f075c6f0687bcff48,
outputs/20260915-content-editing/export_content.py,02.ContentAuthoring/export_content.py,cbd6ef9fe12e4018b84bdb5f613ce4c18b47811b15eb2227eda5aefcbcae0266,
outputs/20260915-content-editing/system/balance_root.csv,02.ContentAuthoring/system/balance_root.csv,cb41f7227f27aef59cadd6e599b9a2267bf71a97e230e3a63cef2e8b9ed38c26,
outputs/20260915-content-editing/system/columns.csv,02.ContentAuthoring/system/columns.csv,7cda4bb97498f306d55f915815da7792065ec21f954bf25cd837170471f01e10,
outputs/20260915-content-editing/system/data_sets.csv,02.ContentAuthoring/system/data_sets.csv,a72cd6b61f546e82e3fe698e077294c80e517c53d7a2c43a8924ef6390ff3418,
outputs/20260915-content-editing/system/row_formats.csv,02.ContentAuthoring/system/row_formats.csv,f767cebbfc47f1f728f2c286c95cb221c09dfa43182eb7d438508e9c1ae2bda4,
outputs/20260915-content-editing/system/table_index.csv,02.ContentAuthoring/system/table_index.csv,65708f0781568251f706cdff4b8bee9352faf25a7a30c5b3e141a8e8a6497c27,
이미지 레퍼런스/1부 일반 손님 운영 런타임 명세.html,03.Documentation/01.Design/1부 일반 손님 운영 런타임 명세.html,2276fc71743446796ead7ffd872a86edea2d5f3e12e9033452bb58a203cf71fa,
이미지 레퍼런스/1부 제조 루프 구현·검증 계약.html,03.Documentation/01.Design/1부 제조 루프 구현·검증 계약.html,610c99e43071792c3c1b9e32e6d6166be3aed42bf61941d6cdd3c4854713a1c7,
"이미지 레퍼런스/1인, 3인.png","03.Documentation/03.ArtReferences/1인, 3인.png",f3b82032d5fb0f0296c91733d59da7fac1d2cca07354244f8b1545a280471896,
이미지 레퍼런스/2부 운영 시스템 구현 명세/2부 운영 시스템 구현 명세.html,03.Documentation/01.Design/2부 운영 시스템 구현 명세/2부 운영 시스템 구현 명세.html,a8376502d8f21168620b4f3fcb349e7ee3cb3b82a3ce02c89f7f0d9f55d68d70,
이미지 레퍼런스/2부 운영 시스템 구현 명세/image.png,03.Documentation/01.Design/2부 운영 시스템 구현 명세/image.png,a4c5b7aa26b3da1498b9d7f5e934f01cf65790c3200b0da1af91e914745fd00d,
이미지 레퍼런스/2인.png,03.Documentation/03.ArtReferences/2인.png,18c0f942212c4a6478a315b9b01350b46ab92b3cb4b176b5c089e33a2341218b,
이미지 레퍼런스/gimmick_keyboard.html,03.Documentation/01.Design/gimmick_keyboard.html,59572c6344bbe2573bed6674136ba58068343d664f0f4c4cf60096f48e7c05d9,
이미지 레퍼런스/image (1).png,03.Documentation/03.ArtReferences/image (1).png,4d0ab1c063d652c3130bd628b8aba7ca10234bb52697198b150c7c194449bd1c,
이미지 레퍼런스/image.png,03.Documentation/03.ArtReferences/image.png,54b0741f4aa8e63ccaa853cd11f3024b82720dbf262eecc2b6b534b0ca4f16c1,
이미지 레퍼런스/pour.png,03.Documentation/03.ArtReferences/pour.png,877f0e3796f53438adfff950ed1f3aa8aae7227ac7dcf4115eba213da5ba8bef,
이미지 레퍼런스/unity_2d_liquid_pouring_system.md,03.Documentation/01.Design/unity_2d_liquid_pouring_system.md,a957d72626619b331df03795bc73a27ab2d3fa05524d6d986c880cebef65693b,
이미지 레퍼런스/스터 미니게임.html,03.Documentation/01.Design/스터 미니게임.html,d158f8c35f54552cda267fc2ce1c4e8caf7934539874af03de34bb30fe7ea290,
이미지 레퍼런스/스터 미니게임.md,03.Documentation/01.Design/스터 미니게임.md,8575e20034caae5113170602c1c48e88ad824dab621941c45d853c66371ae84b,
이미지 레퍼런스/일반 손님 외형 생성 시스템 .html,03.Documentation/01.Design/일반 손님 외형 생성 시스템 .html,5617896980d944013830761894b49a66a45ec3ae2d0266268f75df990765a9cd,
이미지 레퍼런스/칵테일 제공·정산·다회 주문.html,03.Documentation/01.Design/칵테일 제공·정산·다회 주문.html,24db8a80c95e5939f2877d0ac4f6b5a0937b8c6a638cb512454cfde3b8e9975d,
이미지 레퍼런스/칵테일 제조 기믹·등급 계산 시스템.html,03.Documentation/01.Design/칵테일 제조 기믹·등급 계산 시스템.html,c20744cc9bcdf677211aa5a3e39ecf36195c619ecb2edd7e2c8ce29affaa912a,
이미지 레퍼런스/칵테일 제조 시스템(루프) 기획서.html,03.Documentation/01.Design/칵테일 제조 시스템(루프) 기획서.html,83f5aa0b700f6e1bea8bbd7038488f9b566da78a1dc8323119b65e611c234884,
이미지 레퍼런스/칵테일 제조 준비 시스템.html,03.Documentation/01.Design/칵테일 제조 준비 시스템.html,435b5e7d8b5d1b21c2ac2a4e03e98c2c3c517831c21de1cca0bf799c16455423,
이미지 레퍼런스/캡처.PNG,03.Documentation/03.ArtReferences/캡처.PNG,65910f2ec4cb0ce6e486e00521113749ed231e19de69d303cacf0248acb08d52,
이미지 레퍼런스/캡처2.PNG,03.Documentation/03.ArtReferences/캡처2.PNG,8a47b7d2d19a8faa57fed67233e3333ab98dcbbe64c377c2ad257a7dffa397a9,
이미지 레퍼런스/캡처3.PNG,03.Documentation/03.ArtReferences/캡처3.PNG,0d1b2759c28d6b34ac3e8f1a0af8e089a741c04553b904acf493304ea21adaa0,
이미지 레퍼런스/캡처4.PNG,03.Documentation/03.ArtReferences/캡처4.PNG,d2f1f6bc79b69a1cb742e7c2640f8490fc4e3a8bcbfd1a324b8b0e065eed791d,
이미지 레퍼런스/캡처5.PNG,03.Documentation/03.ArtReferences/캡처5.PNG,d11a51391ef8023ce5300b6cdc795cc405826fc67252d93881a9e3572ebf6b49,
03_Scripts_폴더_구성.txt,03.Documentation/02.Architecture/03_Scripts_폴더_구성.txt,e0e76757c2fade1591aa681f0eb2eaa7e086e788e5c5888ef7abb60b389f7640,
코드_플로우_가이드.txt,03.Documentation/02.Architecture/코드_플로우_가이드.txt,2ff7b103661fbe492a6719ee6d60a7ba36a8fa3705aff44c47e6fb97fbbd336e,
ClassDiagram.cd,03.Documentation/02.Architecture/ClassDiagram.cd,30e436e1312fb8091f21bb73d1fcb46d14c6481318f1e3879ba772f33b219b48,
ClassDiagram1.cd,03.Documentation/02.Architecture/ClassDiagram1.cd,62ac7c6c4b4d8bd087dfcf1aca449efd90bbc2a4afd27d7414dd3848f3ab4847,
